,connector_id,length,dist_from_root,neuron,project,type,inputs,outputs
0,6646460,0.005815903639173409,0.4759068713652217,ADEL,121,1,FLPR,"['ADEL', 'AVAR']"
1,6646444,0.0,0.7688758324563655,ADEL,121,1,FLPL,"['ADEL', 'AVAL']"
2,6646441,0.08780185939929153,0.4759068713652217,ADEL,121,1,FLPL,"['AVAR', 'ADEL', 'AVL']"
3,6375043,0.0,0.1220785432596988,ADEL,121,0,ADEL,"['AVAR', 'ADER']"
4,6374719,0.0,0.04700136094863365,ADEL,121,1,ADER,"['ADEL', 'AVAR']"
5,6374716,0.0,0.9156135574929372,ADEL,121,0,ADEL,"['SAADR', 'RIGR', 'FLPL']"
