,connector_id,length,dist_from_root,neuron,project,type,inputs,outputs
0,6647139,0.0,0.5170796864331542,AVDR,121,1,RIBL,"['AVEL', 'AVDR']"
1,6375060,0.0,0.15013546855147433,AVDR,121,1,ASHR,"['AVJR', 'AVDR']"
2,6375053,0.01972913671620999,0.6513504802644562,AVDR,121,1,ASHL,"['ADAL', 'AVDR']"
3,6374773,0.0,0.08376993184863307,AVDR,121,1,ADLR,"['AVJR', 'AVDR']"
4,6374755,0.0218939333657972,0.7187620655038122,AVDR,121,1,ADLL,"['AVDR', 'AIBL']"
5,6374754,0.0,0.7140073752516753,AVDR,121,1,ADLL,"['AVJR', 'AVDR']"
