,connector_id,length,dist_from_root,neuron,project,type,inputs,outputs
0,7125058,0.0,0.8971855612110101,BWMVL04,121,1,RMDVR,"['RMDDL', 'BWMVL02', 'BWMVL04']"
1,7124962,0.0,0.35432700204101436,BWMVL04,121,1,RMDR,"['BWMVL02', 'BWMVL04', 'RMDL']"
2,6647303,0.10066949020488336,0.631302563352645,BWMVL04,121,1,RIMR,"['RMDL', 'BWMVL04']"
3,6647294,0.0,0.5437973616317596,BWMVL04,121,1,RIMR,"['BWMVL06', 'BWMVL04', 'RMGL', 'SMDVR']"
4,7125787,0.13880433057019156,0.394313020207454,BWMVL04,121,1,SMBVL,"['BWMVL04', 'BWMVL02']"
5,7125787,0.0,0.4321884457448819,BWMVL04,121,1,SMBVL,"['BWMVL04', 'BWMVL02']"
6,7125786,0.0,0.582272481912299,BWMVL04,121,1,SMBVL,"['BWMVL02', 'BWMVL04']"
