,connector_id,length,dist_from_root,neuron,project,type,inputs,outputs
0,7182566,0.0,0.48066580030099637,BWMVL03,121,1,SMDVR,"['BWMVL03', 'BWMVL01', 'SMDDL']"
1,7125079,0.03598393569305769,0.8141433959955985,BWMVL03,121,1,RMED,"['RMDVL', 'BWMVL01', 'BWMVL03', 'RMER']"
2,7125067,0.0,0.6345322940012451,BWMVL03,121,1,RMDVR,"['BWMVL03', 'BWMVL01', 'RMDDL']"
3,7125051,0.0,0.4593858360890982,BWMVL03,121,1,RMDVR,"['BWMVL03', 'BWMVL01', 'RMDDL']"
4,6647356,0.0,0.06978380124490229,BWMVL03,121,1,RIVR,"['GLRVL', 'BWMVL03']"
5,7125782,0.0,0.19952158957400412,BWMVL03,121,1,SMBVL,"['BWMVL01', 'RMDVL', 'BWMVL03', 'BWMVL05']"
6,7125781,0.0,0.3560557983170871,BWMVL03,121,1,SMBVL,"['BWMVL01', 'BWMVL03', 'RMDVL']"
