,connector_id,length,dist_from_root,neuron,project,type,inputs,outputs
0,6647316,0.0,0.48674175130131886,DVA,121,1,RIR,"['DVA', 'AIZR']"
1,6647314,0.011627327422921167,0.4968098687369508,DVA,121,1,RIR,"['DVA', 'AUAR']"
2,6647311,0.01953751287563348,0.7714746091491961,DVA,121,1,RIR,"['AIZL', 'DVA', 'ADFL']"
3,6646412,0.012713499912917491,0.24406857915605082,DVA,121,0,DVA,"['RIR', 'AVEL', 'RIGR', 'AIZR']"
4,6646410,0.015804184047976844,0.5895962694722862,DVA,121,0,DVA,"['RIR', 'AIZL', 'AVEL']"
5,6646407,0.0,0.4968098687369508,DVA,121,0,DVA,"['AIZR', 'AVER']"
6,6646405,0.0,0.5970655385707152,DVA,121,0,DVA,"['AIZL', 'AVEL']"
7,6646404,0.0,0.9053332502827317,DVA,121,0,DVA,"['AVAR', 'ADAL']"
8,6646403,0.0,0.41535489389207214,DVA,121,0,DVA,"['AIBL', 'AVER']"
9,6375172,0.0,0.19589419019270313,DVA,121,1,AVHL,['DVA']
