,connector_id,length,dist_from_root,neuron,project,type,inputs,outputs
0,6647365,0.0,0.912483804339479,RIVR,121,0,RIVR,"['RIH', 'SAADL']"
1,6647364,0.0,0.8696274691751341,RIVR,121,0,RIVR,"['SMDVR', 'RMDDL']"
2,6647361,0.05243597241417487,0.8325312201498615,RIVR,121,0,RIVR,"['SMDDL', 'RIAR']"
3,6647075,0.05243597241417487,0.8325312201498615,RIVR,121,1,RIAR,"['RIVR', 'RIAL', 'SMDDL']"
4,6647358,0.0,0.8678633282628412,RIVR,121,0,RIVR,['SAADL']
5,6647357,0.0,0.8430899118465013,RIVR,121,0,RIVR,['GLRVL']
6,6647356,0.0,0.849323233241524,RIVR,121,0,RIVR,"['GLRVL', 'BWMVL03']"
7,6647353,0.0,0.8325312201498615,RIVR,121,0,RIVR,"['RIAL', 'RMDDL']"
8,6647352,0.0,0.8090925890376001,RIVR,121,0,RIVR,"['RIAL', 'RMDDL', 'SMDVR']"
