,connector_id,length,dist_from_root,neuron,project,type,inputs,outputs
0,7125195,0.015213205378754441,0.8040972225790182,SAADL,121,0,SAADL,"['RIMR', 'RIML', 'AVAL']"
1,7125194,0.0,0.6906587161239166,SAADL,121,0,SAADL,"['RIML', 'SMDVR']"
2,7125193,0.0,0.6906587161239166,SAADL,121,0,SAADL,"['SMDVR', 'RIML']"
3,7125192,0.0,0.725883580498052,SAADL,121,0,SAADL,"['RIMR', 'SMDVR', 'AVAL']"
4,6647365,0.0,0.11749179547233239,SAADL,121,1,RIVR,"['RIH', 'SAADL']"
5,6647358,0.028524472254511598,0.15757589068454192,SAADL,121,1,RIVR,['SAADL']
6,7125783,0.0,0.15033777000356108,SAADL,121,1,SMBVL,['SAADL']
7,7125780,0.0,0.037362639920895495,SAADL,121,1,SMBVL,['SAADL']
8,7125779,0.0,0.037362639920895495,SAADL,121,1,SMBVL,['SAADL']
