,connector_id,length,dist_from_root,neuron,project,type,inputs,outputs
0,15137499,0.0,0.5644597744126285,SAAVR,121,0,SAAVR,"['RIML', 'AVAR']"
1,6647295,0.006032791029624334,0.2937680430944935,SAAVR,121,1,RIMR,"['SMDVR', 'SAAVR', 'SAAVL']"
2,6647277,0.0,0.7211323345902856,SAAVR,121,1,RIML,"['SMDDL', 'SAAVR']"
3,7125733,0.0,0.029776517957833207,SAAVR,121,1,SMBDL,['SAAVR']
4,6375205,0.07842572052333728,0.18465592179052676,SAAVR,121,1,AVKL,"['RIML', 'RMDR', 'SAAVR']"
5,7125725,0.0,0.5644597744126285,SAAVR,121,0,SAAVR,"['AVAR', 'RIML']"
6,6647276,0.0,0.735359825755903,SAAVR,121,1,RIML,"['SMDDL', 'SAAVR']"
7,7125723,0.0,0.7211323345902856,SAAVR,121,0,SAAVR,"['SMDDL', 'RIML', 'AVAR']"
8,7125746,0.0,0.03127889105006076,SAAVR,121,1,SMBDL,"['SMDDL', 'SAAVR']"
