,node_id,connector_id,length,dist_from_root,neuron,project,type,inputs,outputs
0,7072685,7183270,0.0,0.24834976567724085,ALNL,125,0,ALNL,['SAAVL']
1,7072664,7183268,0.0,0.03658832915037706,ALNL,125,0,ALNL,"['SAAVL', 'SMBDR']"
2,7072667,7183267,0.0,0.06085513812064745,ALNL,125,0,ALNL,"['SAAVL', 'SMBDR']"
3,7072687,7183266,0.0,0.2667234715522669,ALNL,125,0,ALNL,"['SMBDR', 'SAAVL']"
4,7072761,7183265,0.011739107577513718,0.8176408542196786,ALNL,125,0,ALNL,"['AVAR', 'SAAVL']"
