,node_id,connector_id,length,dist_from_root,neuron,project,type,inputs,outputs
0,7073847,7185497,0.0,0.8979342458234109,ALNR,125,1,SMDDL,"['ALNR', 'BWMDR04', 'RIML']"
1,7073757,7185441,0.0,0.18533836548829188,ALNR,125,1,SMBDL,"['SAAVR', 'ALNR']"
2,7073858,7183684,0.048844824693101904,0.7715876070694113,ALNR,125,1,AVKL,"['RIML', 'SAAVR', 'ALNR']"
3,7073755,7183275,0.0,0.17131275339374416,ALNR,125,0,ALNR,"['SAAVR', 'SMBDL']"
4,7073752,7183274,0.0,0.1499668976017093,ALNR,125,0,ALNR,"['SAAVR', 'SMBDL']"
5,7073838,7183272,0.0,0.7439716405231749,ALNR,125,0,ALNR,"['SAAVR', 'AVAL', 'RIVL']"
