,node_id,connector_id,length,dist_from_root,neuron,project,type,inputs,outputs
0,7109021,7183812,0.0,0.6735189613669524,ASIL,125,1,AWCR,"['ASIL', 'AIAL', 'AIZL']"
1,7108986,7183460,0.00638844034879942,0.3599606389913336,ASIL,125,0,ASIL,"['AWCL', 'BAGR']"
2,7108985,7183459,0.0034438870387462407,0.3599606389913336,ASIL,125,0,ASIL,"['CEPshVL', 'AWCR']"
3,7108969,7183458,0.0,0.2646830959139227,ASIL,125,0,ASIL,"['AWCL', 'AFDL', 'AWCR']"
4,7108916,7183457,0.0,0.08426443946903378,ASIL,125,0,ASIL,"['AIBL', 'AIAL', 'ASKL']"
5,7108997,7183455,0.0,0.4799254239412079,ASIL,125,0,ASIL,"['AWCR', 'CEPshVL']"
6,7108999,7183446,0.0,0.488815956941486,ASIL,125,0,ASIL,"['AIAL', 'ASGL']"
7,7109017,7183445,0.0,0.6257974679388726,ASIL,125,0,ASIL,"['AWCR', 'CEPshVL']"
8,7109064,7183440,0.00884249598786753,0.9362367856163313,ASIL,125,0,ASIL,"['AWCR', 'AIAL', 'AWCL']"
