,node_id,connector_id,length,dist_from_root,neuron,project,type,inputs,outputs
0,7071780,7184790,0.0,0.2519863534463346,AVHL,125,1,RIFL,"['AVHR', 'AVBL', 'AVHL']"
1,7071786,7183870,0.0,0.3003430648204009,AVHL,125,1,BDUL,"['AVJL', 'AVHL']"
2,7071796,7183623,0.004321357442249427,0.3619460571146014,AVHL,125,0,AVHL,"['ADFR', 'AWBR']"
3,7071822,7183621,0.0,0.5204578544046534,AVHL,125,0,AVHL,"['URXR', 'RIR']"
4,7071896,7183618,0.0,0.8146960301965533,AVHL,125,0,AVHL,"['PVPR', 'RIMR']"
5,7071826,7183620,0.0,0.5555342928952821,AVHL,125,0,AVHL,"['RIR', 'URXR']"
