,connector_id,length,dist_from_root,neuron,project,type,inputs,outputs
0,7184790,0.0,0.2524051554578815,AVHL,125,1,RIFL,"['AVHR', 'AVBL', 'AVHL']"
1,7183870,0.0,0.30084223581907066,AVHL,125,1,BDUL,"['AVJL', 'AVHL']"
2,7183623,0.004328539550187716,0.3625476124556662,AVHL,125,0,AVHL,"['ADFR', 'AWBR']"
3,7183621,0.0,0.5213228567881911,AVHL,125,0,AVHL,"['URXR', 'RIR']"
4,7183618,0.0,0.8160500572364274,AVHL,125,0,AVHL,"['PVPR', 'RIMR']"
5,7183620,0.0,0.5564575924159342,AVHL,125,0,AVHL,"['RIR', 'URXR']"
