,connector_id,length,dist_from_root,neuron,project,type,inputs,outputs
0,7185301,0.0,0.7027739275257944,AVKR,125,1,RMFL,"['AVKR', 'RMDL']"
1,7185305,0.0,0.30781074292425514,AVKR,125,1,RMFR,"['RMDR', 'AVKR']"
2,7185304,0.0,0.2837747140480568,AVKR,125,1,RMFR,"['RMDR', 'AVKR']"
3,7185303,0.0,0.27806883034591684,AVKR,125,1,RMFR,"['RMDR', 'AVKR']"
4,7185302,0.0,0.26865084492432334,AVKR,125,1,RMFR,"['AVKR', 'RMDR', 'AVKL']"
5,7185300,0.0,0.7189130966330987,AVKR,125,1,RMFL,"['AVKR', 'AVKL', 'RMDL']"
6,7185298,0.006737173852125906,0.5942259092277584,AVKR,125,1,RMFL,"['AVKR', 'RMDL']"
7,7185296,0.0,0.6566901878924513,AVKR,125,1,RMFL,"['AVKR', 'DVC']"
8,7185294,0.0,0.8313949697456711,AVKR,125,1,RMFL,"['AVKL', 'AVKR']"
9,7185059,0.0,0.42372260624189645,AVKR,125,1,RIS,"['RIML', 'RMDR', 'AVKR']"
10,7185056,0.0,0.20061633545575114,AVKR,125,1,RIS,"['RIML', 'AVL', 'AVKR']"
11,7185047,0.0,0.27188100859264214,AVKR,125,1,RIS,"['RIML', 'RMDR', 'AVKR']"
12,7184943,0.0,0.26865084492432334,AVKR,125,1,RIML,"['RIS', 'AVKR']"
13,7184840,0.0,0.6566901878924513,AVKR,125,1,RIGL,"['RMHR', 'AVKR']"
14,7184827,0.0,0.6807269618138494,AVKR,125,1,RIGL,"['RMHR', 'AVKR']"
15,7184814,0.0,0.662174643465758,AVKR,125,1,RIGL,"['RMHR', 'AVKR']"
16,7184484,0.0,0.08684719490460553,AVKR,125,1,PVT,"['AVKR', 'AVKL']"
17,7184474,0.0,0.7027739275257944,AVKR,125,1,PVT,"['AVKR', 'RMFL']"
18,7184473,0.0,0.42372260624189645,AVKR,125,1,PVT,"['AVL', 'AVKR']"
19,7184010,0.0,0.18334686728712704,AVKR,125,1,DVC,"['AVKR', 'PVT']"
20,7183700,0.0030860791285092174,0.6296006835515913,AVKR,125,0,AVKR,"['RIMR', 'SAAVL']"
21,7183699,0.0,0.2666810659630756,AVKR,125,0,AVKR,"['RMDR', 'RIML']"
22,7183697,0.0,0.47515291661325276,AVKR,125,0,AVKR,"['RIML', 'SMDVR']"
23,7183696,0.0,0.5614317018981617,AVKR,125,0,AVKR,['RIMR']
24,7183695,0.0,0.5942259092277584,AVKR,125,0,AVKR,"['SMDVL', 'RICR']"
25,7183692,0.0,0.7485521225302456,AVKR,125,0,AVKR,"['RIMR', 'SAADL', 'RIVR']"
26,7183691,0.0,0.9248234576878579,AVKR,125,0,AVKR,"['AVER', 'PVPL']"
