,connector_id,length,dist_from_root,neuron,project,type,inputs,outputs
0,7183887,2.1602754122745376,0.7313421004114692,AVM,125,1,BDUR,"['AVJL', 'AVM']"
1,7183872,2.4946646849219287,0.7313421004114692,AVM,125,1,BDUL,"['AVJR', 'AVM']"
2,7183719,1.0182206029486625,0.7313421004114692,AVM,125,0,AVM,"['PVCL', 'AVJR', 'RIS']"
3,7183718,2.198533788107561,0.7313421004114692,AVM,125,0,AVM,"['AVJR', 'AVBL']"
4,7183717,2.0838838288718016,0.7313421004114692,AVM,125,0,AVM,"['AVBR', 'AVDL']"
5,7183715,1.0563165688004916,0.7313421004114692,AVM,125,0,AVM,"['ADER', 'ADEL']"
6,7183714,1.9701807405097858,0.7313421004114692,AVM,125,0,AVM,"['AVER', 'AVBL', 'ADAL']"
7,7183711,2.5664789735044207,0.7313421004114692,AVM,125,0,AVM,['BDUL']
8,7183709,2.674280322593951,0.7313421004114692,AVM,125,0,AVM,['BDUL']
9,7183708,0.5195667550746853,0.7313421004114692,AVM,125,0,AVM,"['PVCR', 'AVBL']"
10,7183707,0.8122658573200288,0.7313421004114692,AVM,125,0,AVM,['PVCR']
11,7183706,1.4436401145780413,0.7313421004114692,AVM,125,0,AVM,"['AVBR', 'PVCR', 'AVBL']"
12,7183705,1.567793454928893,0.7313421004114692,AVM,125,0,AVM,"['AVBR', 'AVBL', 'PVCR']"
13,7183704,2.1324056005724628,0.7313421004114692,AVM,125,0,AVM,"['AVBR', 'AVJL']"
14,7183676,2.2856074011857235,0.7313421004114692,AVM,125,1,AVJR,"['AVM', 'AVBL']"
15,7183589,2.021009223332205,0.7313421004114692,AVM,125,0,AVM,"['PVCR', 'AVBR', 'AVJL']"
