,node_id,connector_id,length,dist_from_root,neuron,project,type,inputs,outputs
0,7102966,7185116,0.0,0.6354583762043758,BWMVL08,125,1,RIVR,"['BWMVL08', 'BWMVL06', 'RMDR']"
1,7102949,7185474,0.0,0.46339438140863665,BWMVL08,125,1,SMBVL,"['BWMVL04', 'BWMVL06', 'BWMVL08']"
2,7102977,7185327,0.0,0.9311756900101263,BWMVL08,125,1,RMGL,"['BWMVL04', 'BWMVL06', 'BWMVL08']"
3,7102967,7185326,0.0,0.6558312816578764,BWMVL08,125,1,RMGL,"['BWMVL04', 'BWMVL08', 'BWMVL06']"
4,7102963,7185325,0.0,0.5675752623199048,BWMVL08,125,1,RMGL,"['BWMVL06', 'BWMVL08']"
5,7102985,7185316,0.17958395725415696,0.7947368746348794,BWMVL08,125,1,RMGL,"['RMDL', 'BWMVL06', 'BWMVL08']"
6,7102983,7185315,0.12403491678397857,0.7947368746348794,BWMVL08,125,1,RMGL,"['BWMVL04', 'BWMVL06', 'BWMVL08']"
