,node_id,connector_id,length,dist_from_root,neuron,project,type,inputs,outputs
0,7105623,7185484,0,0.03202124195633484,BWMVR07,125,1,SMBVR,"['CEPshVR', 'SAADR', 'BWMVR07']"
1,7105663,7185482,0,0.4742195729149255,BWMVR07,125,1,SMBVR,"['RMEV', 'BWMVR05', 'BWMVR07']"
2,7105669,7185479,0,0.5627752252172062,BWMVR07,125,1,SMBVR,"['BWMVR03', 'BWMVR05', 'BWMVR07', 'RMEV']"
3,7105632,7185091,0,0.1618208213138708,BWMVR07,125,1,RIVL,['BWMVR07']
4,7105637,7185087,0,0.22902049470611968,BWMVR07,125,1,RIVL,"['BWMVR07', 'BWMVR05']"
5,7105637,7185089,0,0.22902049470611968,BWMVR07,125,1,RIVL,"['BWMVR07', 'BWMVR05']"
6,7105625,7185074,0,0.05696781904328875,BWMVR07,125,1,RIVL,"['BWMVR05', 'BWMVR07', 'SAADR']"
