,node_id,connector_id,length,dist_from_root,neuron,project,type,inputs,outputs
0,7103059,7185464,0.0,0.4120930134494472,BWMVL07,125,1,SMBVL,"['BWMVL07', 'BWMVL03', 'BWMVL05', 'RMEV']"
1,7103065,7185201,0.0,0.5057514498496342,BWMVL07,125,1,RMDVR,"['BWMVL07', 'BWMVL05', 'RMDDL']"
2,7103106,7185098,0.15027746128186178,0.0,BWMVL07,125,1,RIVR,['BWMVL07']
3,7103043,7185097,0.0,0.17990566017948068,BWMVL07,125,1,RIVR,"['BWMVL05', 'BWMVL07', 'GLRVL']"
