,connector_id,length,dist_from_root,neuron,project,type,inputs,outputs
0,7184868,0.0,0.2004225601538556,OLQDL,125,1,RIH,"['OLQDL', 'CEPDL']"
1,7184865,0.0,0.59268075508066,OLQDL,125,1,RIH,"['RIPL', 'OLQDL', 'CEPDL']"
2,7184503,11.706088917375602,0.0,OLQDL,125,1,RIAL,"['RMDVL', 'RMDDR', 'OLQDL']"
3,7184339,9.926416928890543,0.0,OLQDL,125,0,OLQDL,['RICR']
4,7184338,10.819971580091615,0.0,OLQDL,125,0,OLQDL,"['SIBVL', 'SMBDR', 'RMDDR']"
5,7184337,10.932168218631551,0.0,OLQDL,125,0,OLQDL,"['SIBVL', 'RMDDR']"
6,7184336,10.932168218631551,0.0,OLQDL,125,0,OLQDL,"['RMDDR', 'SIBVL']"
7,7184334,16.04083954276326,0.0,OLQDL,125,0,OLQDL,['IL2L']
8,7184333,15.60804116876798,0.0,OLQDL,125,0,OLQDL,['IL2L']
9,7184227,15.456546351587424,0.0,OLQDL,125,1,IL2L,"['RIH', 'OLQDL', 'OLQVL']"
10,7184226,15.42374349680588,0.0,OLQDL,125,1,IL2L,"['RIH', 'OLQDL']"
11,7184220,15.837983989291317,0.0,OLQDL,125,1,IL2L,"['RMEL', 'OLQDL', 'RIH', 'OLQVL']"
12,7184218,15.545039260826286,0.0,OLQDL,125,1,IL2L,"['RIH', 'OLQDL']"
13,7184135,9.926416928890543,0.0,OLQDL,125,1,IL2DL,"['RICR', 'OLQDL', 'RIPL']"
14,7183912,9.617827546829876,0.0,OLQDL,125,1,CEPDL,"['OLQDL', 'IL1DL']"
15,7183901,8.66593787464232,0.0,OLQDL,125,1,CEPDL,"['URYDL', 'RIPL', 'URBL', 'RICL', 'IL1DL', 'OLQDL']"
16,7183898,9.26372218931945,0.0,OLQDL,125,1,CEPDL,"['OLQDL', 'IL1DL']"
17,7183896,9.88171998518699,0.0,OLQDL,125,1,CEPDL,"['IL1DL', 'OLQDL']"
18,7183895,10.020708130353997,0.0,OLQDL,125,1,CEPDL,"['RMHL', 'RICR', 'OLQDL', 'RIPL', 'URADL']"
