,connector_id,length,dist_from_root,neuron,project,type,inputs,outputs
0,7184470,0.010617934494796373,0.012701588494783108,PVR,125,0,PVR,['RIPR']
1,7184469,0.0,0.4644149759116515,PVR,125,0,PVR,['AVJL']
2,7184468,0.0,0.7730718454523493,PVR,125,0,PVR,"['IL1DL', 'CEPDL']"
3,7184466,0.0,0.4862204165132291,PVR,125,0,PVR,"['AVBL', 'BDUR', 'AVJL']"
4,7184066,0.0,0.7730718454523493,PVR,125,1,IL1DL,['PVR']
5,7182732,0.0,0.32275782851229873,PVR,125,1,ADER,"['CEPDR', 'GLRR', 'PVR', 'ALMR']"
