,node_id,connector_id,length,dist_from_root,neuron,project,type,inputs,outputs
0,7088665,15137576,0.0,0.7093470478340232,SIADR,125,1,RIAR,"['SMDVL', 'SIADR']"
1,7088658,7184693,0.0,0.6538071331334645,SIADR,125,1,RIAR,"['SIADR', 'RIAL', 'SMDVL']"
2,7088793,7185514,0.0062418781653184275,0.7021450551602091,SIADR,125,1,SMDDR,"['RMDL', 'SIADR', 'RIAR']"
3,7088663,7184696,0.0,0.7021450551602091,SIADR,125,1,RIAR,"['SMDVL', 'SIADR']"
4,7088795,7184692,0.005717430743463904,0.6861380980416453,SIADR,125,1,RIAR,"['SIADR', 'RMDDR']"
5,7088661,7184646,0.0,0.6724511234215882,SIADR,125,1,RIAR,"['SMDVL', 'SIADR']"
6,7088683,7183897,0.0,0.7782894792629778,SIADR,125,1,CEPDL,"['RMDDL', 'RICR', 'SIADR']"
7,7088596,7182959,0.0033310258971934025,0.39537783484504996,SIADR,125,1,AIBL,"['RIMR', 'RIBR', 'SIADR', 'AVBL']"
