,connector_id,length,dist_from_root,neuron,project,type,inputs,outputs
0,7185488,0.0,0.7710918271545222,SIAVR,125,1,SMBVR,"['SAADR', 'SIAVR']"
1,7185092,0.0,0.743166816575238,SIAVR,125,1,RIVL,"['SIAVR', 'RMDVL']"
2,7185090,0.0,0.7135058286378604,SIAVR,125,1,RIVL,"['SIAVR', 'RMDL']"
3,7185086,0.0,0.6743153253553513,SIAVR,125,1,RIVL,"['SIAVR', 'RMDL']"
4,7185069,0.0,0.6966728377149156,SIAVR,125,1,RIVL,"['RIAL', 'SIAVR']"
5,7184592,0.006433057341185799,0.6284760978467345,SIAVR,125,1,RIAL,"['RMDVL', 'SIAVR']"
6,7184570,0.0,0.680038939958851,SIAVR,125,1,RIAL,"['SIAVR', 'RMDVL']"
7,7184532,0.0,0.6684223278025302,SIAVR,125,1,RIAL,"['RMDVL', 'SIAVR']"
8,7184529,0.015117901863130664,0.6284760978467345,SIAVR,125,1,RIAL,"['RMDVL', 'SIAVR']"
9,7183989,0.0,0.36599122185317245,SIAVR,125,1,DVA,"['SIBVL', 'SIAVR']"
10,7183959,0.0,0.7168288825915389,SIAVR,125,1,CEPVR,"['SIAVR', 'RICR']"
