,node_id,connector_id,length,dist_from_root,neuron,project,type,inputs,outputs
0,7112797,7184360,0.05159974070582233,0.37330339702830384,SIBDL,125,1,OLQVL,"['SIBDL', 'RMDVR']"
1,7112747,7184757,0.0014763313087930695,0.7540773161228518,SIBDL,125,1,RICL,"['SMDVL', 'SMDVR', 'SIBDL']"
2,7112808,7184361,0.07597208700503066,0.37330339702830384,SIBDL,125,1,OLQVL,"['RMDVR', 'SIBDL']"
3,7112786,7184356,0.04260101856469383,0.37330339702830384,SIBDL,125,1,OLQVL,"['RMDVR', 'SIBDL']"
4,7112683,7183052,0.0,0.8335655227344755,SIBDL,125,1,AIMR,"['AVBR', 'URXR', 'SMBDL', 'SIBDL']"
5,7112712,7182734,0.0,0.9137142712885838,SIBDL,125,1,ADER,"['AVDR', 'SIBDL']"
