,connector_id,length,dist_from_root,neuron,project,type,inputs,outputs
0,7184360,0.05181891870772426,0.3748890618309689,SIBDL,125,1,OLQVL,"['SIBDL', 'RMDVR']"
1,7184757,0.0014826022578711142,0.7572803779438335,SIBDL,125,1,RICL,"['SMDVL', 'SMDVR', 'SIBDL']"
2,7184361,0.07629479037528622,0.3748890618309689,SIBDL,125,1,OLQVL,"['RMDVR', 'SIBDL']"
3,7184356,0.04278197308113664,0.3748890618309689,SIBDL,125,1,OLQVL,"['RMDVR', 'SIBDL']"
4,7183052,0.0,0.8371062231959152,SIBDL,125,1,AIMR,"['AVBR', 'URXR', 'SMBDL', 'SIBDL']"
5,7182734,0.0,0.9175954161461144,SIBDL,125,1,ADER,"['AVDR', 'SIBDL']"
