,connector_id,length,dist_from_root,neuron,project,type,inputs,outputs
0,7185698,0.0,0.7504355371363685,SIBVR,125,1,URYVL,"['AVBR', 'SIBVR']"
1,7185443,0.01172826363965382,0.5337817645187299,SIBVR,125,1,SMBDL,"['SIBVR', 'AVAL', 'SAAVR']"
2,7185424,0.0,0.8181799274741965,SIBVR,125,1,SDQR,"['AVBR', 'SIBVR']"
3,7185416,0.0,0.7934031773990764,SIBVR,125,1,SDQL,"['AVAR', 'SIBVR']"
4,7185414,0.0,0.7879371992624093,SIBVR,125,1,SDQL,"['AVAR', 'SIBVR']"
5,7185339,0.008962837390064588,0.33889821553733546,SIBVR,125,1,RMGR,"['SMBVR', 'RMDL', 'SIBVR']"
6,7184393,0.00317201069788685,0.45987760422220647,SIBVR,125,1,PVCR,"['AVDR', 'AVBL', 'SIBVR']"
7,7184345,0.11005389834976007,0.33889821553733546,SIBVR,125,1,OLQDR,"['RMDDL', 'SIBVR']"
8,7184344,0.11169158217641223,0.33889821553733546,SIBVR,125,1,OLQDR,"['SIBVR', 'RMDDL']"
