,connector_id,length,dist_from_root,neuron,project,type,inputs,outputs
0,7185319,0.017853953231377246,0.34590863661277005,SIBVL,125,1,RMGL,"['RMDR', 'SIBVL']"
1,7184391,0.00606975873839749,0.49928475442421216,SIBVL,125,1,PVCR,"['SIBVL', 'AVBL', 'SIBDR']"
2,7184338,0.09093935085716551,0.34590863661277005,SIBVL,125,1,OLQDL,"['SIBVL', 'SMBDR', 'RMDDR']"
3,7184337,0.10090415063854774,0.34590863661277005,SIBVL,125,1,OLQDL,"['SIBVL', 'RMDDR']"
4,7184336,0.10090415063854774,0.34590863661277005,SIBVL,125,1,OLQDL,"['RMDDR', 'SIBVL']"
5,7183989,0.0,0.6946877929583285,SIBVL,125,1,DVA,"['SIBVL', 'SIAVR']"
6,7182776,0.0,0.11140297739737373,SIBVL,125,1,ADFL,"['SIBVL', 'RIAL']"
