,connector_id,length,dist_from_root,neuron,project,type,inputs,outputs
0,7185337,0.0,0.45254541701451856,SMBVR,125,1,RMGR,"['SMBVR', 'AVER']"
1,7185492,0.029349355320911437,0.6106336482109138,SMBVR,125,0,SMBVR,"['BWMVR02', 'BWMVR04']"
2,7185491,0.0,0.6872695289488404,SMBVR,125,0,SMBVR,"['RMEV', 'BWMVR03', 'BWMVR05']"
3,7185490,0.0,0.8891698363197923,SMBVR,125,0,SMBVR,['SAADR']
4,7185489,0.0,0.8782485016301941,SMBVR,125,0,SMBVR,['SAADR']
5,7185488,0.0,0.7679494044040934,SMBVR,125,0,SMBVR,"['SAADR', 'SIAVR']"
6,7185487,0.0,0.7618639766461615,SMBVR,125,0,SMBVR,['SAADR']
7,7185484,0.0,0.730511903224384,SMBVR,125,0,SMBVR,"['CEPshVR', 'SAADR', 'BWMVR07']"
8,7185483,0.0,0.6792394740899874,SMBVR,125,0,SMBVR,"['BWMVR03', 'RMEV', 'BWMVR01']"
9,7185482,0.0,0.6792394740899874,SMBVR,125,0,SMBVR,"['RMEV', 'BWMVR05', 'BWMVR07']"
10,7185481,0.0,0.6733906373623567,SMBVR,125,0,SMBVR,"['BWMVR03', 'RMEV', 'BWMVR01']"
11,7185479,0.0,0.6705939688967978,SMBVR,125,0,SMBVR,"['BWMVR03', 'BWMVR05', 'BWMVR07', 'RMEV']"
12,7185478,0.014152157461320498,0.6106336482109138,SMBVR,125,0,SMBVR,"['BWMVR02', 'BWMVR04', 'GLRR']"
13,7185477,0.021146832121565446,0.6106336482109138,SMBVR,125,0,SMBVR,"['BWMVR02', 'BWMVR04']"
14,7185339,0.003926657457562774,0.5519068538511371,SMBVR,125,1,RMGR,"['SMBVR', 'RMDL', 'SIBVR']"
15,7183776,0.007249627098897308,0.26218291250827147,SMBVR,125,1,AWBR,"['SMBVR', 'AIZR', 'RIAR', 'ADFR']"
16,7183204,0.0,0.06868128995667983,SMBVR,125,1,AIZR,"['AIAR', 'SMBVR']"
17,7183191,0.010712451090009184,0.13547916759475084,SMBVR,125,1,AIZR,"['RIAR', 'SMBVR', 'SMBDR']"
18,7183180,0.0,0.2337853130355237,SMBVR,125,1,AIZR,"['SMBVR', 'RIAR']"
19,7183179,0.0,0.22264735093913213,SMBVR,125,1,AIZR,"['SMBDR', 'SMBVR']"
20,7183178,0.015027048321470627,0.18647460154397402,SMBVR,125,1,AIZR,"['SMBDR', 'SMBVR', 'RIAR']"
21,7183176,0.0,0.17798352186505695,SMBVR,125,1,AIZR,"['RIAR', 'SMBVR', 'SMBDR']"
22,7183175,0.015284879691388906,0.1657693801601768,SMBVR,125,1,AIZR,"['RIAR', 'SMBDR', 'SMBVR']"
23,7183174,0.0,0.1368539759443115,SMBVR,125,1,AIZR,"['SMBVR', 'SMBDR', 'RIAR']"
24,7183173,0.0,0.12604983643391782,SMBVR,125,1,AIZR,"['RIAR', 'SMBDR', 'SMBVR']"
25,7183151,0.0,0.16177186437203583,SMBVR,125,1,AIZL,"['SMBDL', 'SMBVR', 'RIAR']"
26,7182793,0.0,0.2608663222698123,SMBVR,125,1,ADFR,"['SMBVR', 'RIAR']"
