,node_id,connector_id,length,dist_from_root,neuron,project,type,inputs,outputs
0,10638975,11438747,0.0,0.35110972595588086,ALMR,186,0,ALMR,['CEPDR']
1,10638980,11438746,0.004285494984081914,0.3766919721177264,ALMR,186,0,ALMR,['CEPDR']
2,10638979,11438745,0.0,0.3766919721177264,ALMR,186,0,ALMR,['CEPDR']
3,10638979,11438743,0.0,0.3766919721177264,ALMR,186,0,ALMR,['CEPDR']
4,10639006,11438742,0.0,0.5609157710420986,ALMR,186,0,ALMR,['CEPVR']
5,10639006,11438741,0.0,0.5609157710420986,ALMR,186,0,ALMR,['AVJL']
6,10639050,11438740,0.0,0.9482095373746435,ALMR,186,0,ALMR,"['AVDL', 'AVJL']"
7,10639052,10932367,0.0,0.9649905615715054,ALMR,186,0,ALMR,['AVJL']
8,10638964,10932336,0.0,0.24531601785021387,ALMR,186,1,AIMR,"['AVJR', 'ALMR', 'AVDR']"
