,connector_id,length,dist_from_root,neuron,project,type,inputs,outputs
0,11441200,0.0,0.5597663957216499,AVM,186,0,AVM,"['AVJL', 'AVBR']"
1,11441063,0.1461834424455575,0.42798897376919,AVM,186,0,AVM,['BDUR']
2,11440108,0.0,0.9204364363069104,AVM,186,1,PVR,"['RIPR', 'AVM', 'IL1VR', 'CEPVR']"
3,11439066,0.0,0.9712614215259779,AVM,186,0,AVM,['CEPVR']
