,node_id,connector_id,length,dist_from_root,neuron,project,type,inputs,outputs
0,10593176,11439581,0.0,0.729217604315039,SIADR,186,1,RIAR,"['SMDVL', 'RIAL', 'SIADR']"
1,10593178,11439552,0.0,0.7348587374207465,SIADR,186,1,RIAL,"['RIAR', 'SIADR']"
2,10593307,11437940,0.0019265666973720518,0.47514570194003414,SIADR,186,1,AIBL,"['SIADR', 'RIBR', 'AVBL']"
3,10593183,10936434,0.0,0.75343797710186,SIADR,186,1,RIAL,"['SMDVL', 'SIADR', 'RIAR']"
4,10593181,10962994,0.0,0.7439222182125703,SIADR,186,1,RIAL,"['SMDVL', 'SIADR', 'SMDDR']"
5,10593189,10936468,0.0,0.7740358942252963,SIADR,186,1,RIAR,"['RMDDR', 'SIADR']"
6,10593188,10936467,0.0,0.771165370092371,SIADR,186,1,RIAR,"['SMDVL', 'SIADR']"
7,10593139,10936428,0.0,0.6300073116385233,SIADR,186,1,RIAL,"['SMDVL', 'SIADR']"
