,connector_id,length,dist_from_root,neuron,project,type,inputs,outputs
0,11441364,0.08695630629911351,0.40146843875097726,SIBDR,186,1,RMGR,"['BWMVR04', 'SIBDR']"
1,11440661,0.018614491143714045,0.873430828436995,SIBDR,186,1,RMGL,"['SIBDR', 'RMGL']"
2,11440632,0.13377241678598956,0.40146843875097726,SIBDR,186,1,RIVL,"['RMDL', 'musclefragment10', 'SIBDR']"
3,11438987,0.0,0.5707969318340492,SIBDR,186,1,PVPR,"['AVBL', 'SIBDR', 'SIBVR']"
4,10950281,0.034117665682378874,0.40146843875097726,SIBDR,186,1,URBR,"['RMDL', 'AVBR', 'SIBDR']"
5,10947737,0.11715078367201744,0.40146843875097726,SIBDR,186,1,RMHL,"['BWMVR04', 'RMDR', 'SIBDR']"
6,10936194,0.0,0.5622619752556065,SIBDR,186,1,PVPR,"['AVBL', 'SIBDR', 'SIBVR']"
7,10935499,0.08537615906375352,0.40146843875097726,SIBDR,186,1,OLQVR,"['RMDVL', 'SIBDR']"
