,connector_id,length,dist_from_root,neuron,project,type,inputs,outputs
0,10934590,0,0.5922762012461937,URXL(0),186,1,OLQDL,"['URXL', 'RIBL', 'URYDL', 'AVER']"
1,11441140,0.0,0.5579746060657675,URXL(1),186,0,URXL,"['RIGL', 'RIAL']"
2,11440936,0.0,0.696766786185732,URXL(1),186,0,URXL,"['AUAL', 'RIAL']"
3,11440932,0.0,0.778475826128199,URXL(1),186,0,URXL,"['AUAL', 'RIAL']"
4,11440622,0.0,0.96919602679159,URXL(1),186,1,RIR,"['RIAL', 'URXL']"
5,11440621,0.01682786265282153,0.8397252507504888,URXL(1),186,1,RIR,"['RIAL', 'URXL']"
6,11440620,0.0,0.47963171331178045,URXL(1),186,1,RIR,['URXL']
7,11439464,0.02240585668799251,0.8397252507504888,URXL(1),186,1,DVA,"['AVER', 'URXL', 'RIH']"
8,11438946,0.045332043616996255,0.4489672765253666,URXL(1),186,0,URXL,"['RIR', 'RIAL']"
9,11437175,0.11744887311059979,0.30648279662734684,URXL(1),186,0,URXL,['AVEL']
10,11437174,0.0,0.5096425240691278,URXL(1),186,0,URXL,['RIGL']
11,11437173,0.0,0.5096425240691278,URXL(1),186,0,URXL,['RIGL']
12,11437172,0.0,0.7111599427427424,URXL(1),186,0,URXL,"['RIAL', 'RIGL']"
13,11260697,0.0,0.9280601807972797,URXL(1),186,1,RIR,"['RIAL', 'URXL']"
14,10941733,0.0,0.5669651572036113,URXL(1),186,1,RIGL,"['URXL', 'PVPL']"
15,10934450,0.0,0.812370611501739,URXL(1),186,1,DVC,"['URXL', 'BAGR', 'RIAL']"
16,10932426,0.0,0.7111599427427424,URXL(1),186,1,AUAL,"['URXL', 'RIBL', 'RIAL']"
17,10950295,0.02240585668799251,0.8397252507504888,URXL(1),186,0,URXL,"['RIAL', 'RIGL']"
18,10950294,0.051617109990382846,0.5669651572036113,URXL(1),186,0,URXL,"['RIAL', 'RIGL']"
19,10950292,0.0,0.5251543805518211,URXL(1),186,0,URXL,"['RIAL', 'RIGL']"
20,10950290,0.0,0.9430341659902562,URXL(1),186,0,URXL,"['RIAL', 'AUAL']"
21,10941815,0.03044408242636924,0.4489672765253666,URXL(1),186,1,RIR,"['RIAL', 'URXL']"
22,10941734,0.008184696369806248,0.5669651572036113,URXL(1),186,1,RIGL,"['URXL', 'RIAL']"
