,node_id,connector_id,length,dist_from_root,neuron,project,type,inputs,outputs
0,10587977,11441226,0.017213522213952837,0.9022926786319778,URYVL,186,1,RIH,"['URYVL', 'RIML']"
1,10587976,11441218,0.0,0.9022926786319778,URYVL,186,1,RIGL,"['URYVL', 'DVC', 'IL2VL']"
2,10587963,11441121,0.0,0.6747659359037664,URYVL,186,0,URYVL,"['AVDR', 'AVAL']"
3,10587967,11441093,0.0,0.7178285400579297,URYVL,186,1,URBL,"['URYVL', 'AVBL']"
4,10587967,11440976,0.0,0.7178285400579297,URYVL,186,0,URYVL,"['AVAL', 'AVBL']"
5,10587976,11439475,0.0,0.9022926786319778,URYVL,186,1,DVC,"['RIAL', 'IL2VL', 'RIGL', 'URYVL']"
6,10587965,11439041,0.0,0.699440862862503,URYVL,186,1,AVJR,"['URYVL', 'ASHL', 'AVAL']"
7,10587957,11439008,0.0,0.6147042420479036,URYVL,186,1,AVHR,"['URYVL', 'ADFL']"
8,10587994,11437183,0.041854013694088095,0.22819039735062543,URYVL,186,0,URYVL,"['DVC', 'AVBR', 'RIGL']"
9,10587998,10950253,0.012777371357882475,0.1079984471966842,URYVL,186,0,URYVL,"['RIGL', 'AVKL']"
10,10587964,10950251,0.0,0.6889199893695105,URYVL,186,0,URYVL,"['URBL', 'AVAL', 'AVBL']"
11,10587970,10950249,0.0,0.7460575197167986,URYVL,186,0,URYVL,"['SIBVL', 'AVBL']"
