,node_id,connector_id,length,dist_from_root,neuron,project,type,inputs,outputs
0,4899139,5033154,0.0032685765702793754,0.39885993454582763,ASJR,106,1,PVQR,"['CEPshVR', 'ASJR']"
1,4899122,5030794,0.008747757438947235,0.555485951379769,ASJR,106,0,ASJR,"['PVQR', 'CEPshVR']"
2,4898939,5030790,0.0,0.29676339756331255,ASJR,106,0,ASJR,"['PVQR', 'ASKR']"
3,4899139,5030789,0.0032685765702793754,0.39885993454582763,ASJR,106,0,ASJR,"['ASKR', 'PVQR']"
4,4898986,5030787,0.0,0.40641944001838054,ASJR,106,0,ASJR,"['CEPshVR', 'PVQR']"
5,4899015,5030785,0.0,0.555485951379769,ASJR,106,0,ASJR,['PVQR']
6,4899092,5030784,0.0021088695928661006,0.9425165737699635,ASJR,106,0,ASJR,"['ASKL', 'ASKR']"
7,4899092,5030783,0.0021088695928661006,0.9425165737699635,ASJR,106,0,ASJR,['PVQR']
8,4899038,5030306,0.0,0.6435462840418541,ASJR,106,1,ALA,"['CEPshVR', 'ASJR']"
