,node_id,connector_id,length,dist_from_root,neuron,project,type,inputs,outputs
0,5033138,5033135,0.0,0.22249268569925867,AVFL,106,1,PVQL,"['AVFL', 'ASKL']"
1,4973868,5031056,0.0,0.9537763587560198,AVFL,106,0,AVFL,"['AVFR', 'ASHR', 'AVBR']"
2,4973572,5031034,0.0,0.24982654403847857,AVFL,106,1,AVFR,"['AVFL', 'PVQL', 'RMGL']"
3,4973918,5031030,0.0072334342158039446,0.6452216688869253,AVFL,106,0,AVFL,"['AVFR', 'PVQR']"
4,4973877,5030368,0.0,0.9678984764778839,AVFL,106,1,ALMR,"['AVFL', 'BDUR']"
5,4973781,4977366,0.005490742826308238,0.7206107045355103,AVFL,106,1,AIMR,"['AVFR', 'AVFL']"
6,4973718,4977338,0.0,0.4947949856885555,AVFL,106,1,AIML,"['AVFR', 'AVFL']"
