,node_id,connector_id,length,dist_from_root,neuron,project,type,inputs,outputs
0,4919923,5037554,0,0.43451903759739474,AVJR,106,1,URXL,"['AVJR', 'RICL']"
1,4919679,5036548,0,0.8253835159650518,AVJR,106,1,RIFL,"['AVJR', 'AVBL']"
2,4919699,5036547,0,0.7991904539631167,AVJR,106,1,RIFL,"['AVJR', 'AVBL', 'RIML']"
3,4919970,5036541,0,0.21419582509700477,AVJR,106,1,RIFR,['AVJR']
4,4919974,5036530,0,0.19671607953595763,AVJR,106,1,RIFR,"['AVBR', 'AVJR', 'PVPR']"
5,4919957,5031427,0,0.2831611894092704,AVJR,106,1,BDUL,"['CEPshDL', 'AVJR']"
6,4919659,5031091,0,0.8488146420043456,AVJR,106,0,AVJR,"['AVBL', 'RIS', 'RIS']"
7,4919657,5031090,0,0.8509285270440083,AVJR,106,0,AVJR,"['AVBL', 'ASHL', 'RIFL']"
8,4919791,5031089,0,0.6503508328402918,AVJR,106,0,AVJR,"['AVBR', 'PVCL']"
9,4919804,5031088,0,0.6370803244693067,AVJR,106,0,AVJR,"['AVBR', 'PVCL']"
10,4919696,5031078,0,0.8024414140685957,AVJR,106,1,AVHR,"['AVJR', 'BDUL']"
11,4919879,4977131,0,0.5226815274911241,AVJR,106,1,ADLL,"['AVAL', 'AVDR', 'AVJR']"
12,4919895,4976804,0,0.49080689059621824,AVJR,106,1,ADAL,"['AVJR', 'AVBL', 'ASHL']"
13,4919855,4977128,0,0.56090820923652,AVJR,106,1,ADLL,"['AVDR', 'AVJR']"
14,4919768,4976834,0,0.687591812855922,AVJR,106,1,ADAL,"['RIML', 'AVJR', 'AVBL']"
15,4919842,4977126,0,0.5837384984058966,AVJR,106,1,ADLL,"['AVDR', 'AVJR']"
16,4919940,4976829,0,0.3715617980262532,AVJR,106,1,ADAL,"['AVBL', 'AVJR']"
17,4920039,4977165,0,0.08568446823106021,AVJR,106,1,ADLR,"['AVDR', 'AVJR']"
18,4919935,4976820,0,0.38845206164055507,AVJR,106,1,ADAL,"['AVBL', 'AVAL', 'AVJR']"
