,connector_id,length,dist_from_root,neuron,project,type,inputs,outputs
0,5036912,0.2964473531434872,0.6591607266944548,BWMDR05,106,1,RMDDR,"['BWMDR05', 'BWMDR03', 'RMDDL']"
1,5037402,0.0260378718379079,0.6591607266944548,BWMDR05,106,1,SMDDL,"['SMDVR', 'BWMDR03', 'BWMDR05']"
2,5037404,0.07738357736255463,0.6591607266944548,BWMDR05,106,1,SMDDL,"['BWMDR01', 'BWMDR03', 'BWMDR05']"
3,5037295,0.0,0.26038740259489285,BWMDR05,106,1,SMBDL,"['BWMDR05', 'BWMDR03']"
4,5036878,0.0260378718379079,0.6591607266944548,BWMDR05,106,1,RMDDL,"['RMDVR', 'BWMDR05']"
5,5036853,0.10852243135088784,0.6591607266944548,BWMDR05,106,1,RMDDL,"['BWMDR01', 'BWMDR05', 'RMDVR']"
