,connector_id,length,dist_from_root,neuron,project,type,inputs,outputs
0,5037392,0.18212345552261824,0.5729378051033998,BWMDR06,106,1,SMDDL,"['RIML', 'BWMDR06', 'BWMDR04']"
1,5037156,0.0,0.6295704959540294,BWMDR06,106,1,RMGR,"['BWMDR06', 'RMDR']"
2,5036664,0.10216223962754098,0.6377734249181162,BWMDR06,106,1,RIML,"['BWMDR04', 'BWMDR06', 'RMDR']"
