,node_id,connector_id,length,dist_from_root,neuron,project,type,inputs,outputs
0,4845239,5037437,0.0,0.5081766358768888,BWMDL05,106,1,SMDDR,"['BWMDL05', 'BWMDL03']"
1,4845255,5037433,0.0,0.6416399340381277,BWMDL05,106,1,SMDDR,"['CEPDL', 'BWMDL01', 'BWMDL03', 'BWMDL05']"
2,4845217,5037315,0.0,0.3155814423347947,BWMDL05,106,1,SMBDR,"['BWMDL05', 'BWMDL03']"
3,4845209,5037311,0.0,0.2385649991852602,BWMDL05,106,1,SMBDR,"['BWMDL03', 'BWMDL05']"
4,4845277,5036910,0.09172205117699908,0.8259325069398288,BWMDL05,106,1,RMDDR,"['BWMDL03', 'BWMDL05']"
