,node_id,connector_id,length,dist_from_root,neuron,project,type,inputs,outputs
0,4934892,5037513,0.23459227394556262,0.0,BWMDL06,106,1,URBL,"['BWMDL04', 'CEPDL', 'BWMDL06']"
1,4934974,5037416,0.12857156840788092,0.6477981781823112,BWMDL06,106,1,SMDDR,"['BWMDL04', 'RIMR', 'BWMDL06']"
2,4934944,5037133,0.0,0.6477981781823112,BWMDL06,106,1,RMGL,"['RMDL', 'BWMDL06', 'BWMDL08']"
3,4934948,5036698,0.0,0.7052782795703488,BWMDL06,106,1,RIMR,"['RMDL', 'BWMDL06']"
4,4934949,5036697,0.0,0.7112763391216694,BWMDL06,106,1,RIMR,"['RMDL', 'SMDDR', 'RMDR', 'BWMDL04', 'BWMDL06']"
