,node_id,connector_id,length,dist_from_root,neuron,project,type,inputs,outputs
0,4871642,5037379,0.0,0.35202893228342647,BWMVR05,106,1,SMBVR,"['BWMVR03', 'BWMVR05', 'RMEV']"
1,4871668,5037046,0.0,0.6290796179782929,BWMVR05,106,1,RMDVR,"['RMDVL', 'BWMVR05', 'BWMVR03']"
2,4871699,5037042,0.10806159881790402,0.8492091070553929,BWMVR05,106,1,RMDVR,"['BWMVR03', 'BWMVR05']"
