,node_id,connector_id,length,dist_from_root,neuron,project,type,inputs,outputs
0,4874628,5037463,0.0,0.5098210729215987,BWMVR06,106,1,SMDVL,"['RMDL', 'BWMVR06', 'BWMVR04']"
1,4874614,5037384,0.0,0.3375400955491049,BWMVR06,106,1,SMBVR,"['BWMVR02', 'BWMVR04', 'BWMVR06']"
2,4874694,5037142,0.25003134220872536,0.5547761134450796,BWMVR06,106,1,RMGR,"['RMDR', 'BWMVR06']"
3,4874694,5037141,0.25003134220872536,0.5547761134450796,BWMVR06,106,1,RMGR,"['BWMVR06', 'BWMVR08', 'RMDR']"
4,4874683,5036663,0.07709371045634393,0.5547761134450796,BWMVR06,106,1,RIML,"['BWMVR06', 'BWMVR04', 'SMDVL', 'RMDR']"
