,node_id,connector_id,length,dist_from_root,neuron,project,type,inputs,outputs
0,4863203,5037135,0.0,0.559538734001794,BWMVL06,106,1,RMGL,"['BWMVL06', 'BWMVL04', 'RMDL']"
1,4863224,5037041,0.11811985894159809,0.6924086630224358,BWMVL06,106,1,RMDVR,"['BWMVL04', 'BWMVL06']"
2,4863192,5036818,0.16715648472856026,0.49944315527453115,BWMVL06,106,1,RIVR,"['RIMR', 'BWMVL08', 'BWMVL06']"
