,node_id,connector_id,length,dist_from_root,neuron,project,type,inputs,outputs
0,4854008,5036656,0.0,0.903984217057357,IL2DR,106,1,RIH,"['GLRDR', 'IL2DR']"
1,4854018,5032835,0.0,0.961404941328252,IL2DR,106,0,IL2DR,"['RMER', 'RIPR']"
2,4854022,5032833,0.0,0.9900879727058717,IL2DR,106,0,IL2DR,"['RIPR', 'RIPR', 'URADR']"
3,4853930,5032831,0.0,0.7592200059296812,IL2DR,106,0,IL2DR,"['RIPR', 'URADR', 'IL1DR']"
4,4853964,5032828,0.0,0.8388321819703443,IL2DR,106,0,IL2DR,"['RIPR', 'RMER', 'RMEL']"
5,4853968,5032827,0.0,0.8472124820989906,IL2DR,106,0,IL2DR,"['URADR', 'RIPR', 'RMEL']"
6,4853986,5032826,0.0,0.8681678176507651,IL2DR,106,0,IL2DR,"['RMEV', 'RMEL']"
7,4853993,5032825,0.0,0.8812521996496149,IL2DR,106,0,IL2DR,"['RIPR', 'URADR', 'RIPR']"
8,4854039,5032824,0.02097850372513956,0.903984217057357,IL2DR,106,0,IL2DR,"['RIPL', 'RIPR', 'RIH', 'GLRDR']"
