,node_id,connector_id,length,dist_from_root,neuron,project,type,inputs,outputs
0,4946069,5036619,0,0.8186850774313288,IL2VR,106,1,RIH,"['GLRVR', 'IL2VR', 'RIPR']"
1,4946144,5034145,0,0.3428870252552448,IL2VR,106,1,PVT,"['URAVR', 'IL2VR']"
2,4946043,5032907,0,0.7355890512917956,IL2VR,106,0,IL2VR,"['RMER', 'RMEV', 'URAVR']"
3,4946063,5032905,0,0.79889426869423,IL2VR,106,0,IL2VR,"['RIPR', 'RMER', 'RMEV']"
4,4946068,5032904,0,0.8166438587746404,IL2VR,106,0,IL2VR,"['RIPR', 'RMEL']"
5,4946074,5032902,0,0.8375645711356994,IL2VR,106,0,IL2VR,"['RMER', 'RMED', 'RIPR', 'RIH']"
6,4946095,5032899,0,0.9326092964976505,IL2VR,106,0,IL2VR,"['RMEL', 'URAVR', 'RIPR']"
7,4946139,5032897,0,0.3562193795665429,IL2VR,106,0,IL2VR,"['BAGL', 'CEPVR']"
8,4946139,5032896,0,0.3562193795665429,IL2VR,106,0,IL2VR,"['BAGL', 'RIAR']"
