,connector_id,length,dist_from_root,neuron,project,type,inputs,outputs
0,5036616,0.0,0.6439056870963051,OLQDL,106,1,RIH,"['OLQDL', 'CEPDL']"
1,5036614,0.0,0.9764834095607205,OLQDL,106,1,RIH,"['RIPL', 'OLQDL', 'RIPR']"
2,5036611,0.0,0.9090067084824842,OLQDL,106,1,RIH,"['OLQDL', 'RIPL']"
3,5033016,5.001213500993135,0.0,OLQDL,106,0,OLQDL,"['IL2L', 'URADL', 'RMED']"
4,5033014,3.3611052331055062,0.0,OLQDL,106,0,OLQDL,['RICL']
5,5033013,3.614025530933518,0.0,OLQDL,106,0,OLQDL,['RICR']
6,5033012,3.9902999434454594,0.0,OLQDL,106,0,OLQDL,"['SIBVL', 'RMDDR']"
7,5033011,4.0371351353508,0.0,OLQDL,106,0,OLQDL,"['RMDDR', 'SIBVL']"
8,5033007,5.843345458577689,0.0,OLQDL,106,0,OLQDL,['IL2L']
9,5032843,5.558425805613739,0.0,OLQDL,106,1,IL2L,"['OLQDL', 'RIH']"
10,5032400,3.4088420333482605,0.0,OLQDL,106,1,CEPDL,"['IL1DL', 'OLQDL']"
11,5032399,3.5939077209317505,0.0,OLQDL,106,1,CEPDL,"['IL1DL', 'OLQDL']"
12,5032398,3.614025530933518,0.0,OLQDL,106,1,CEPDL,"['RMHL', 'RICR', 'OLQDL', 'RIPL', 'URADL']"
13,5032396,3.2688200886478276,0.0,OLQDL,106,1,CEPDL,"['URBL', 'RICL', 'OLQDL']"
14,5032394,5.298663805524762,0.0,OLQDL,106,1,CEPDL,"['AVER', 'RIBL', 'OLQDL']"
