,connector_id,length,dist_from_root,neuron,project,type,inputs,outputs
0,5037490,0.11845258124301608,0.14903208114829894,RMED,106,1,URADR,"['RMED', 'BWMDR01', 'RMEV']"
1,5037478,0.005114745303843689,0.4668532124066341,RMED,106,1,URADL,"['BWMDL01', 'BWMDL02', 'RMEL', 'RMED']"
2,5037476,0.013475472938335412,0.34166729458122835,RMED,106,1,URADL,"['RMEL', 'BWMDL01', 'RIPL', 'BWMDL03', 'RMEV', 'RMED']"
3,5037317,0.1624098120122269,0.1158591465977032,RMED,106,1,SMBDR,"['RMDVR', 'GLRDL', 'RMED']"
4,5037292,0.18647185177261388,0.1158591465977032,RMED,106,1,SMBDL,"['RMED', 'CEPshDR']"
5,5037288,0.17626876057694338,0.1158591465977032,RMED,106,1,SMBDL,"['RMED', 'RMDDL']"
6,5037072,0.0,0.7804601206869809,RMED,106,0,RMED,"['BWMVL01', 'BWMVL03']"
7,5037071,0.0,0.8261679112185016,RMED,106,1,RMED,"['RMDVR', 'BWMVL01', 'BWMVR01', 'BWMVR03']"
8,5037070,0.6089901870673963,0.14903208114829894,RMED,106,0,RMED,"['BWMVR03', 'SMDDR', 'BWMVL01', 'RMDVR', 'BWMVR01']"
9,5037067,0.6393477718740617,0.14903208114829894,RMED,106,0,RMED,"['BWMVR01', 'BWMVL01', 'SMDDR', 'BWMVL03']"
10,5037066,0.0,0.8165867813052002,RMED,106,0,RMED,"['RMDVL', 'RMDVR', 'BWMVL01', 'BWMVR01']"
11,5037065,0.0,0.8987467245944051,RMED,106,0,RMED,"['SMDDL', 'BWMVL01', 'BWMVR01', 'BWMVR01']"
12,5037064,0.0,0.913877939220428,RMED,106,0,RMED,"['SMDDL', 'BWMVR01', 'BWMVL01']"
13,5033016,0.0,0.4104802646212115,RMED,106,1,OLQDL,"['IL2L', 'URADL', 'RMED']"
14,5032902,0.3879846838987587,0.14903208114829894,RMED,106,1,IL2VR,"['RMER', 'RMED', 'RIPR', 'RIH']"
15,5032884,0.0,0.6276035010272755,RMED,106,1,IL2VL,"['RMED', 'URAVL', 'RMER', 'RIPL']"
16,5032883,0.0,0.6196914472365971,RMED,106,1,IL2VL,"['RIPL', 'RMER', 'RMED']"
17,5032815,0.0046149130184043865,0.34166729458122835,RMED,106,1,IL2DL,"['RMEL', 'RMED', 'RIPL']"
