,node_id,connector_id,length,dist_from_root,neuron,project,type,inputs,outputs
0,4856743,5037260,0,0.8583989724105331,SDQL,106,0,SDQL,"['RMHR', 'SIBVR']"
1,4856690,5036552,0,0.6460531611422415,SDQL,106,1,RIFL,"['AVBL', 'SDQL']"
2,4856680,5036544,0,0.6059860453445153,SDQL,106,1,RIFL,"['ASHL', 'AVBL', 'SDQL']"
3,4856666,5031429,0,0.5348244863059268,SDQL,106,1,BDUL,"['ALML', 'SDQL']"
4,4856749,5031425,0,0.8844839447961939,SDQL,106,1,BDUL,"['SDQL', 'ALML']"
5,4856742,5031419,0,0.8532687311175315,SDQL,106,1,BDUL,"['ALML', 'SDQL']"
6,4856669,5030325,0,0.5501140821422594,SDQL,106,1,ALML,"['BDUL', 'SDQL']"
7,4856637,4976992,0,0.32049182549576566,SDQL,106,1,ADEL,"['SDQL', 'SMBDR']"
8,4856648,4976986,0,0.37193742152222503,SDQL,106,1,ADEL,"['CEPshVL', 'SDQL']"
