,connector_id,length,dist_from_root,neuron,project,type,inputs,outputs
0,5036701,0.0,0.6609376126945161,SIADL,106,1,RIMR,"['SAADR', 'SMDVL', 'SIADL']"
1,5034316,0.0,0.7247754484873433,SIADL,106,1,RIAL,"['RIAR', 'SIADL', 'SMDVR']"
2,5034315,0.016224092569867926,0.7728540803675583,SIADL,106,1,RIAL,"['SIADL', 'RMDDL']"
3,5034313,0.0,0.7750182542083559,SIADL,106,1,RIAL,"['SIADL', 'SMDVR']"
4,5034312,0.0,0.7764011133394709,SIADL,106,1,RIAL,"['SMDDL', 'SMDVR', 'SIADL']"
5,5034308,0.004602997072854336,0.744447583871864,SIADL,106,1,RIAL,"['RMDDL', 'SIADL']"
