,connector_id,length,dist_from_root,neuron,project,type,inputs,outputs
0,5036701,0.0,0.6556460581650433,SIADL,106,1,RIMR,"['SAADR', 'SMDVL', 'SIADL']"
1,5034316,0.0,0.71897279974466,SIADL,106,1,RIAL,"['RIAR', 'SIADL', 'SMDVR']"
2,5034315,0.016094200324554976,0.7666665076964888,SIADL,106,1,RIAL,"['SIADL', 'RMDDL']"
3,5034313,0.0,0.7688133548733624,SIADL,106,1,RIAL,"['SIADL', 'SMDVR']"
4,5034312,0.0,0.7701851426501495,SIADL,106,1,RIAL,"['SMDDL', 'SMDVR', 'SIADL']"
5,5034308,0.004566144865411164,0.7384874373939951,SIADL,106,1,RIAL,"['RMDDL', 'SIADL']"
