,connector_id,length,dist_from_root,neuron,project,type,inputs,outputs
0,5037372,0.0,0.7383089200432564,SIAVR,106,1,SMBVR,"['SAADR', 'SIAVR']"
1,5036800,0.0,0.6983375167018138,SIAVR,106,1,RIVL,"['SIAVR', 'RMDVL']"
2,5034300,0.0,0.6215128588746119,SIAVR,106,1,RIAL,"['RMDVL', 'SIAVR']"
3,5034279,0.023920788049988578,0.5948675931896874,SIAVR,106,1,RIAL,"['RMDVL', 'SIAVR']"
4,5034273,0.0,0.6328876783221269,SIAVR,106,1,RIAL,"['RMDVL', 'SIAVR']"
5,5034267,0.0,0.6620383586828031,SIAVR,106,1,RIAL,"['SIAVR', 'RMDVL']"
6,5034251,0.0,0.6640570899580155,SIAVR,106,1,RIAL,"['SIAVR', 'RMDVL']"
7,5034240,0.0,0.6762720117326115,SIAVR,106,1,RIAL,"['SIAVR', 'RMDVL']"
