,connector_id,length,dist_from_root,neuron,project,type,inputs,outputs
0,5037520,0,0.49620823462539276,SIAVL,106,1,URBL,"['SIAVL', 'RMDL']"
1,5037123,0,0.5051324018747113,SIAVL,106,1,RMGL,"['SIAVL', 'RMDL', 'SMBVL']"
2,5036986,0,0.5642163858934602,SIAVL,106,1,RMDR,"['SIAVL', 'RMDL']"
3,5036917,0,0.5819881298379506,SIAVL,106,1,RMDR,"['SMDVR', 'SIAVL']"
4,5036822,0,0.6146710063854207,SIAVL,106,1,RIVR,"['RMDR', 'SIAVL']"
5,5036820,0,0.6075096044605425,SIAVL,106,1,RIVR,"['SIAVL', 'RIAR', 'SMDDL']"
6,5036383,0,0.5462343119849536,SIAVL,106,1,RIAR,"['RMDVR', 'SIAVL']"
7,5034547,0,0.5425633820099367,SIAVL,106,1,RIAR,"['SIAVL', 'RMDR']"
8,5034495,0,0.5591444663903925,SIAVL,106,1,RIAR,"['SIAVL', 'RMDL']"
9,5034488,0,0.57239549725053,SIAVL,106,1,RIAR,"['RMDVR', 'SIAVL']"
10,5034486,0,0.5819881298379506,SIAVL,106,1,RIAR,"['SMDVR', 'SIAVL']"
11,5034476,0,0.5924426665554202,SIAVL,106,1,RIAR,"['RMDVR', 'SIAVL']"
12,5034474,0,0.6068310322924961,SIAVL,106,1,RIAR,"['RMDVR', 'SIAVL']"
13,5031076,0,0.25384388129161284,SIAVL,106,1,AVHR,"['SMBDL', 'SIAVL', 'DVA']"
