,connector_id,length,dist_from_root,neuron,project,type,inputs,outputs
0,5037150,0.025059065142863834,0.45318849010165146,SIBDR,106,1,RMGR,"['RMDL', 'SIBDR']"
1,5037139,0.06025165985100474,0.4351394372210079,SIBDR,106,1,RMGR,"['RMDL', 'SIBDR']"
2,5033068,0.027928043693697287,0.4132533301097496,SIBDR,106,1,OLQVR,"['RMDVL', 'SIBDR']"
3,5033066,0.04707154801743291,0.4132533301097496,SIBDR,106,1,OLQVR,"['RMDVL', 'SIBDR']"
4,5033059,0.0,0.4351394372210079,SIBDR,106,1,OLQVR,"['SIBDR', 'RMDVL']"
5,5033058,0.03434073220812607,0.4351394372210079,SIBDR,106,1,OLQVR,"['SIBDR', 'RMDVL']"
