,connector_id,length,dist_from_root,neuron,project,type,inputs,outputs
0,5037150,0.02497993413570921,0.45175742068832025,SIBDR,106,1,RMGR,"['RMDL', 'SIBDR']"
1,5037139,0.060061398382766945,0.43376536274042815,SIBDR,106,1,RMGR,"['RMDL', 'SIBDR']"
2,5033068,0.027839853084321346,0.41194836713387023,SIBDR,106,1,OLQVR,"['RMDVL', 'SIBDR']"
3,5033066,0.04692290643875824,0.41194836713387023,SIBDR,106,1,OLQVR,"['RMDVL', 'SIBDR']"
4,5033059,0.0,0.43376536274042815,SIBDR,106,1,OLQVR,"['SIBDR', 'RMDVL']"
5,5033058,0.034232291741150785,0.43376536274042815,SIBDR,106,1,OLQVR,"['SIBDR', 'RMDVL']"
