,connector_id,length,dist_from_root,neuron,project,type,inputs,outputs
0,5049086,0.0,0.8820120625158696,SIBDL,106,1,AIMR,"['SIBDL', 'SMDDL']"
1,5037335,0.09332201602766639,0.43992836386966505,SIBDL,106,1,SMBVL,"['SIBDL', 'BWMVL01', 'BWMVL03']"
2,5037334,0.10767531917177443,0.43992836386966505,SIBDL,106,1,SMBVL,"['BWMVL05', 'BWMVL03', 'SIBDL', 'BWMVL01']"
3,5037284,0.0,0.8573616343684071,SIBDL,106,1,SMBDL,"['AVBR', 'ADAR', 'SIBDL']"
4,5036918,0.054194022633569844,0.43992836386966505,SIBDL,106,1,RMDR,"['BWMVL02', 'BWMVL04', 'SIBDL']"
5,5033041,0.0815701493564584,0.43992836386966505,SIBDL,106,1,OLQVL,"['RMDVR', 'SIBDL']"
6,5033035,0.0499966146361474,0.43992836386966505,SIBDL,106,1,OLQVL,"['RMDVR', 'SIBDL']"
7,5033034,0.06382925968805372,0.43992836386966505,SIBDL,106,1,OLQVL,"['RMDVR', 'SIBDL']"
8,4977365,0.0,0.8702536649053443,SIBDL,106,1,AIMR,"['ALMR', 'URXR', 'SIBDL']"
