,node_id,connector_id,length,dist_from_root,neuron,project,type,inputs,outputs
0,4898021,5049175,0.006287322525635046,0.3223528913271174,SIBVR,106,1,RMGR,['SIBVR']
1,4898301,5037260,0.0,0.7382623245561639,SIBVR,106,1,SDQL,"['RMHR', 'SIBVR']"
2,4898642,5036500,0.005312627233336474,0.46638256610335505,SIBVR,106,1,RICL,"['SMBDR', 'SIBVR']"
3,4898065,5033026,0.0733419810125251,0.3223528913271174,SIBVR,106,1,OLQDR,"['RMDDL', 'SIBVR']"
4,4898233,5032553,0.0,0.6759735972826563,SIBVR,106,1,DVA,"['SIBVR', 'RIPL', 'OLQVL']"
5,4898055,5032428,0.0567903859139267,0.3223528913271174,SIBVR,106,1,CEPDR,"['SMBDL', 'SIBVR', 'OLQDR', 'URADR']"
6,4898411,5031426,0.0,0.870110765800089,SIBVR,106,1,BDUL,"['AVDR', 'SIBVR', 'AVFR']"
