,connector_id,length,dist_from_root,neuron,project,type,inputs,outputs
0,5049175,0.006291133503961288,0.32254828131661456,SIBVR,106,1,RMGR,['SIBVR']
1,5037260,0.0,0.7387098126095433,SIBVR,106,1,SDQL,"['RMHR', 'SIBVR']"
2,5036500,0.005315847412857899,0.46666525779666496,SIBVR,106,1,RICL,"['SMBDR', 'SIBVR']"
3,5033026,0.07338643629518364,0.32254828131661456,SIBVR,106,1,OLQDR,"['RMDDL', 'SIBVR']"
4,5032553,0.0,0.6763833298385817,SIBVR,106,1,DVA,"['SIBVR', 'RIPL', 'OLQVL']"
5,5032428,0.05682480866367025,0.32254828131661456,SIBVR,106,1,CEPDR,"['SMBDL', 'SIBVR', 'OLQDR', 'URADR']"
6,5031426,0.0,0.870638172061876,SIBVR,106,1,BDUL,"['AVDR', 'SIBVR', 'AVFR']"
