,node_id,connector_id,length,dist_from_root,neuron,project,type,inputs,outputs
0,4851807,5037622,0.0,0.9886823883758327,URYDR,106,0,URYDR,"['BWMDR03', 'BWMDR01', 'SMDDL']"
1,4851756,5037621,0.0,0.786514384804616,URYDR,106,0,URYDR,"['SMDDL', 'RIBR']"
2,4851762,5037620,0.0,0.7991965734091938,URYDR,106,0,URYDR,"['CEPDR', 'SMDDL']"
3,4851764,5037619,0.0,0.8030446108261066,URYDR,106,0,URYDR,"['SMDDL', 'RIBR']"
4,4851771,5037618,0.0,0.8211500264513014,URYDR,106,0,URYDR,"['CEPDR', 'AVEL']"
5,4851771,5037617,0.0,0.8211500264513014,URYDR,106,0,URYDR,"['AVEL', 'SMDDL']"
6,4851782,5037616,0.0,0.8465009052004934,URYDR,106,0,URYDR,"['OLLR', 'RMDVR', 'AVEL']"
7,4851803,5037615,0.0,0.9453908586355925,URYDR,106,0,URYDR,"['RMDDL', 'RMDVR']"
8,4851819,5037614,0.03486262401367777,0.8997944265046816,URYDR,106,0,URYDR,['RMDDL']
9,4851821,5037613,0.038710377853409396,0.8997944265046816,URYDR,106,0,URYDR,"['RMDDL', 'BWMDR01', 'URADR', 'RMER']"
10,4851830,5037611,0.08159987664396308,0.8997944265046816,URYDR,106,0,URYDR,"['RMDDR', 'RMEV']"
11,4851698,5036451,0.013093559370473198,0.6767736537275288,URYDR,106,1,RIBR,"['AIBL', 'URYDR', 'AVER']"
12,4851713,5032603,0.0,0.6975927213575951,URYDR,106,1,DVC,"['RIBR', 'URXR', 'URYDR']"
13,4851687,5032574,0.002276361870158035,0.6566470974423769,URYDR,106,1,DVA,"['AVER', 'URYDR']"
14,4851661,5032426,0.0,0.5992489007477033,URYDR,106,1,CEPDR,"['AVAR', 'URYDR', 'RICR', 'OLQDR', 'IL1DR']"
