,node_id,connector_id,length,dist_from_root,neuron,project,type,inputs,outputs
0,6356096,6646460,0.005788732469134039,0.4736834943412848,ADEL,121,1,FLPR,"['ADEL', 'AVAR']"
1,6356046,6646444,0.0,0.7652837413078603,ADEL,121,1,FLPL,"['ADEL', 'AVAL']"
2,6356107,6646441,0.08739166015949633,0.4736834943412848,ADEL,121,1,FLPL,"['AVAR', 'ADEL', 'AVL']"
3,6355998,6375043,0.0,0.12150820766563465,ADEL,121,0,ADEL,"['AVAR', 'ADER']"
4,6355991,6374719,0.0,0.04678177650404016,ADEL,121,1,ADER,"['ADEL', 'AVAR']"
5,6356062,6374716,0.0,0.9113359261557492,ADEL,121,0,ADEL,"['SAADR', 'RIGR', 'FLPL']"
