,connector_id,length,dist_from_root,neuron,project,type,inputs,outputs
0,6374910,0.07223028165318629,0.8997638495275218,AFDL,121,1,AINR,"['AFDL', 'ASER', 'ASER']"
1,6374907,0.0,0.43464275091194915,AFDL,121,1,AINR,"['AUAL', 'AFDL']"
2,6374903,0.0,0.4601711604047997,AFDL,121,1,AINR,"['ASER', 'AFDL', 'BAGR']"
3,6374914,0.0,0.36906971254373355,AFDL,121,1,AINR,"['BAGR', 'AFDL']"
4,6374782,0.0,0.4601711604047997,AFDL,121,0,AFDL,['AIYL']
5,6374781,0.0,0.8866765767145153,AFDL,121,0,AFDL,['AIYL']
6,6374780,0.0,0.9694393681360223,AFDL,121,0,AFDL,['AIYR']
