,connector_id,length,dist_from_root,neuron,project,type,inputs,outputs
0,6646978,0,0.22533209852757816,AIML,121,1,PVQL,"['AIAL', 'AIML']"
1,6375030,0,0.5070586522711796,AIML,121,1,ASGL,"['AIAL', 'AIML']"
2,6374884,0,0.9759023845431415,AIML,121,0,AIML,"['ASHL', 'PVQL']"
3,6374883,0,0.30673630381695155,AIML,121,0,AIML,"['AIAL', 'ASGL']"
4,6374882,0,0.3350544576997111,AIML,121,0,AIML,"['AIAL', 'ASGL']"
5,6374881,0,0.3995283763483133,AIML,121,0,AIML,['AIAL']
6,6374880,0,0.5090636888886466,AIML,121,0,AIML,"['AIAL', 'ASGL']"
7,6374878,0,0.5280590360513373,AIML,121,0,AIML,['AIAL']
