,node_id,connector_id,length,dist_from_root,neuron,project,type,inputs,outputs
0,6363473,6374910,0.008398647918469494,0.3563524769064085,AINR,121,0,AINR,"['AFDL', 'ASER', 'ASER']"
1,6363375,6374909,0.0,0.6310718806552545,AINR,121,0,AINR,"['BAGR', 'CEPshVL']"
2,6363369,6374907,0.0,0.6070418404742168,AINR,121,0,AINR,"['AUAL', 'AFDL']"
3,6363361,6374906,0.0,0.5894235083712468,AINR,121,0,AINR,"['BAGR', 'CEPshVL']"
4,6363361,6374903,0.0,0.5894235083712468,AINR,121,0,AINR,"['ASER', 'AFDL', 'BAGR']"
5,6363318,6374902,0.0,0.28002102723118794,AINR,121,0,AINR,['RID']
6,6363376,6374914,0.0,0.646599113697297,AINR,121,0,AINR,"['BAGR', 'AFDL']"
