,node_id,connector_id,length,dist_from_root,neuron,project,type,inputs,outputs
0,6366003,6375051,0.08910240977259473,0.3849064256148664,ALML,121,1,ASHL,"['ADAL', 'ALML', 'AVDL', 'AVAL']"
1,6365941,6374992,0.020331644047559348,0.5762824124663853,ALML,121,0,ALML,['CEPVL']
2,6365909,6374991,0.0,0.33149143670616055,ALML,121,0,ALML,['BDUL']
3,6365930,6374990,0.0,0.495521862492648,ALML,121,0,ALML,"['URBL', 'CEPVL']"
4,6365924,6374988,0.0,0.4539489098951963,ALML,121,0,ALML,"['PVR', 'BDUL']"
