,connector_id,length,dist_from_root,neuron,project,type,inputs,outputs
0,6375000,0.034336956204650604,0.5952861835064348,ALMR,121,0,ALMR,['CEPVR']
1,6374999,0.0,0.3164558109110894,ALMR,121,0,ALMR,"['BDUR', 'PVR']"
2,6374998,0.0,0.40982860931190346,ALMR,121,0,ALMR,['CEPDR']
3,6374995,0.0,0.399674381034363,ALMR,121,0,ALMR,['BDUR']
