,node_id,connector_id,length,dist_from_root,neuron,project,type,inputs,outputs
0,6351355,6375105,0.02320575127238362,0.6384545313031418,ASGR,121,1,ASIR,"['ASGR', 'CEPshVR', 'AWCL']"
1,6351312,6375041,0.0,0.48743781858141105,ASGR,121,0,ASGR,"['AIAR', 'AWCR']"
2,6351342,6375040,0.0,0.9650638775186284,ASGR,121,0,ASGR,"['AIAR', 'AIMR']"
3,6351270,6375038,0.0,0.22453644733820077,ASGR,121,0,ASGR,"['AIMR', 'AIAR']"
4,6351312,6374889,0.0,0.48743781858141105,ASGR,121,1,AIMR,"['AIAR', 'ASGR']"
5,6351315,6374886,0.0,0.5084602536753325,ASGR,121,1,AIMR,"['AIAR', 'ASGR']"
