,node_id,connector_id,length,dist_from_root,neuron,project,type,inputs,outputs
0,6368182,6646987,0,0.24628338204052835,ASJR,121,1,PVQR,"['ASJR', 'CEPshVR']"
1,6368259,6375359,0,0.9449768592156104,ASJR,121,1,AWAR,"['AIAR', 'ASJR']"
2,6368174,6375123,0,0.21942626552429556,ASJR,121,0,ASJR,"['PVQR', 'ASKR']"
3,6368211,6375122,0,0.4554512187679673,ASJR,121,0,ASJR,"['PVQR', 'CEPshVL']"
4,6368189,6375119,0,0.27550041704691053,ASJR,121,0,ASJR,"['PVQR', 'CEPshVR']"
5,6368180,6375118,0,0.23484016634783958,ASJR,121,0,ASJR,"['PVQR', 'ASKR']"
6,6368222,6375117,0,0.5426446288996298,ASJR,121,0,ASJR,"['AIMR', 'PVQR']"
7,6368260,6375116,0,0.9478704446820418,ASJR,121,0,ASJR,"['ASKR', 'AWAR', 'AIAR', 'PVQR']"
