,connector_id,length,dist_from_root,neuron,project,type,inputs,outputs
0,6647224,0.0,0.36397294772471694,AVDL,121,1,RIGR,"['AVER', 'BAGL', 'AVDL']"
1,6647157,0.0,0.5289054148195748,AVDL,121,1,RIBR,"['AIBL', 'AVER', 'AVDL']"
2,6646962,0.0,0.722369752951803,AVDL,121,1,PVCR,"['AVBR', 'AVDL']"
3,6646961,0.0,0.7640835052879649,AVDL,121,1,PVCR,"['AVDL', 'AVBL']"
4,6375086,0.02586367680604364,0.6479674109715235,AVDL,121,1,ASHR,"['AVAR', 'AVBR', 'AVDL']"
5,6375067,0.02009939182217099,0.6479674109715235,AVDL,121,1,ASHR,"['ADAR', 'AVBR', 'AVDL', 'AVJL']"
6,6375066,0.0,0.7192695796213955,AVDL,121,1,ASHR,"['AVBR', 'AVDL']"
7,6375051,0.0,0.18080620082754137,AVDL,121,1,ASHL,"['ADAL', 'ALML', 'AVDL', 'AVAL']"
8,6374763,0.0,0.12053159138988531,AVDL,121,1,ADLL,"['AVDL', 'SIADR', 'SIBDR']"
