,connector_id,length,dist_from_root,neuron,project,type,inputs,outputs
0,6647139,0.0,0.514942801514569,AVDR,121,1,RIBL,"['AVEL', 'AVDR']"
1,6375060,0.0,0.14951501830577735,AVDR,121,1,ASHR,"['AVJR', 'AVDR']"
2,6375053,0.019647604032154285,0.6486587074980736,AVDR,121,1,ASHL,"['ADAL', 'AVDR']"
3,6374773,0.0,0.08342374400042528,AVDR,121,1,ADLR,"['AVJR', 'AVDR']"
4,6374755,0.02180345443721927,0.7157917074369132,AVDR,121,1,ADLL,"['AVDR', 'AIBL']"
5,6374754,0.0,0.7110566664306449,AVDR,121,1,ADLL,"['AVJR', 'AVDR']"
