,node_id,connector_id,length,dist_from_root,neuron,project,type,inputs,outputs
0,6327997,6375179,0.0025670939895135704,0.6419102395969924,AVHL,121,0,AVHL,"['RIR', 'ADFR', 'OLQVR']"
1,6327811,6375177,0.008836355512987677,0.5475900815175261,AVHL,121,0,AVHL,"['ASHR', 'URXR']"
2,6327787,6375176,0.0,0.4522819098418035,AVHL,121,0,AVHL,"['ADFR', 'RIR']"
3,6327832,6375173,0.0,0.6643384606310857,AVHL,121,0,AVHL,"['ADFR', 'AIZR', 'AFDR']"
4,6327874,6375172,0.0,0.7515207804407094,AVHL,121,0,AVHL,['DVA']
