,connector_id,length,dist_from_root,neuron,project,type,inputs,outputs
0,6375179,0.0025726622937049712,0.6433026122534873,AVHL,121,0,AVHL,"['RIR', 'ADFR', 'OLQVR']"
1,6375177,0.008855522522703984,0.5487778635615568,AVHL,121,0,AVHL,"['ASHR', 'URXR']"
2,6375176,0.0,0.45326295816514284,AVHL,121,0,AVHL,"['ADFR', 'RIR']"
3,6375173,0.0,0.6657794825219677,AVHL,121,0,AVHL,"['ADFR', 'AIZR', 'AFDR']"
4,6375172,0.0,0.7531509102017337,AVHL,121,0,AVHL,['DVA']
