,connector_id,length,dist_from_root,neuron,project,type,inputs,outputs
0,6647182,0.012267900451028378,0.8813298856735594,AVJR,121,1,RIFL,"['AVJR', 'RIML', 'AVBL', 'AVJR']"
1,6647182,0.0,0.8462793970168143,AVJR,121,1,RIFL,"['AVJR', 'RIML', 'AVBL', 'AVJR']"
2,6647180,0.0,0.741433818637958,AVJR,121,1,RIFL,"['AVBL', 'AVJR']"
3,6647177,0.0,0.7754246078344237,AVJR,121,1,RIFL,"['RIML', 'AVBL', 'AVJR']"
4,6646992,0.0,0.3593141260684545,AVJR,121,1,PVR,"['AVJR', 'AVBL']"
5,6646991,0.0016434125142542177,0.1762010129670408,AVJR,121,1,PVR,"['AVJR', 'URADR', 'AVBR']"
6,6646941,0.0,0.9002251672493133,AVJR,121,1,PVCL,"['SIAVL', 'AVER', 'AVBR', 'AVJR']"
7,6375460,0.0,0.831385047545123,AVJR,121,1,BDUL,"['AVJR', 'RIFL']"
8,6375202,0.0029957766907209105,0.24146823993517705,AVJR,121,0,AVJR,"['AVJL', 'AVBR']"
9,6375190,0.0,0.9021596987073941,AVJR,121,0,AVJR,"['AIYL', 'SMBVL']"
10,6375060,0.0,0.1762010129670408,AVJR,121,1,ASHR,"['AVJR', 'AVDR']"
11,6374773,0.005949988421035799,0.07451746487189934,AVJR,121,1,ADLR,"['AVJR', 'AVDR']"
12,6374754,0.0,0.6559936115757605,AVJR,121,1,ADLL,"['AVJR', 'AVDR']"
13,6374684,0.015916589047864606,0.6009704104074312,AVJR,121,1,ADAL,"['AVBL', 'AVJR']"
14,6374682,0.0,0.46414551105044155,AVJR,121,1,ADAL,"['AVAL', 'AVJR', 'AVBL']"
