,node_id,connector_id,length,dist_from_root,neuron,project,type,inputs,outputs
0,6334114,6646441,0.0,0.9118333459062758,AVL,121,1,FLPL,"['AVAR', 'ADEL', 'AVL']"
1,6333849,6375343,0.0,0.22736153612024973,AVL,121,0,AVL,"['RMEL', 'RIS']"
2,6333971,6375342,0.0010554076603555423,0.6456059008919733,AVL,121,0,AVL,"['RMER', 'BAGR']"
