,node_id,connector_id,length,dist_from_root,neuron,project,type,inputs,outputs
0,6339444,6375466,0.0,0.9807443179793568,BDUL,121,0,BDUL,"['AVJL', 'SIBDR']"
1,6339458,6375464,0.01318889780327566,0.48720374201522654,BDUL,121,0,BDUL,"['PVR', 'CEPshVL']"
2,6339376,6375460,0.0,0.24273681546804948,BDUL,121,0,BDUL,"['AVJR', 'RIFL']"
3,6339324,6375459,0.0,0.0,BDUL,121,0,BDUL,"['AVHR', 'AVJR', 'RIFL']"
4,6339433,6375457,0.0,0.8053122680257075,BDUL,121,0,BDUL,"['AVBL', 'URADL']"
5,6339427,6374991,0.0,0.6762031640966301,BDUL,121,1,ALML,['BDUL']
6,6339415,6374988,0.0,0.5527365108080149,BDUL,121,1,ALML,"['PVR', 'BDUL']"
