,connector_id,length,dist_from_root,neuron,project,type,inputs,outputs
0,6375473,0.0,0.09790441101627291,BDUR,121,0,BDUR,"['AVBL', 'PVCR']"
1,6375472,0.0,0.39769284433289215,BDUR,121,0,BDUR,"['PVR', 'CEPshVR']"
2,6375469,0.004532977126110218,0.608099724608079,BDUR,121,0,BDUR,"['PVR', 'CEPshVR']"
3,6374999,0.0,0.7463839536749247,BDUR,121,1,ALMR,"['BDUR', 'PVR']"
4,6374995,0.0,0.6272177841949504,BDUR,121,1,ALMR,['BDUR']
