,connector_id,length,dist_from_root,neuron,project,type,inputs,outputs
0,7124965,0.10391146341733533,0.43802832797916275,BWMDL04,121,1,RMDR,"['BWMDL04', 'BWMDL02', 'BWMDL04', 'RMDL']"
1,7124965,0.0,0.48271735049424275,BWMDL04,121,1,RMDR,"['BWMDL04', 'BWMDL02', 'BWMDL04', 'RMDL']"
2,7124890,0.0,0.8353969074111847,BWMDL04,121,1,RMDDR,"['RMDVL', 'BWMDL04', 'BWMDL02']"
3,7124889,0.0,0.8353969074111847,BWMDL04,121,1,RMDDR,"['RMDVL', 'BWMDL02', 'BWMDL04']"
4,6647304,0.1737100735586292,0.6096661115375728,BWMDL04,121,1,RIMR,"['RMDL', 'BWMDL04']"
5,7125754,0.19116256436860576,0.6096661115375728,BWMDL04,121,1,SMBDR,"['BWMDL04', 'BWMDL08', 'GLRDL']"
6,7125753,0.0,0.6552628342555403,BWMDL04,121,1,SMBDR,"['GLRDL', 'BWMDL02', 'BWMDL04']"
