,node_id,connector_id,length,dist_from_root,neuron,project,type,inputs,outputs
0,6323244,7125030,0.0,0.8810831911245205,BWMVR04,121,1,RMDVL,"['RMDDR', 'BWMVR02', 'BWMVR04']"
1,6323248,7125029,0.0,0.9641488782560915,BWMVR04,121,1,RMDVL,"['BWMVR02', 'BWMVR04']"
2,6323253,7124940,0.14971193935535243,0.5876479964735506,BWMVR04,121,1,RMDL,"['BWMVR04', 'RMDR']"
3,6323216,7124919,0.0,0.28697917874162493,BWMVR04,121,1,RMDL,"['BWMVR02', 'BWMVR04', 'RMDR']"
4,6323254,6647283,0.18136723120546402,0.5876479964735506,BWMVR04,121,1,RIML,"['BWMVR04', 'RMDR']"
5,6478718,7125822,0.0,0.3277758339743474,BWMVR04,121,1,SMBVR,"['BWMVR02', 'BWMVR04', 'GLRL']"
