,node_id,connector_id,length,dist_from_root,neuron,project,type,inputs,outputs
0,6346448,7182559,0,0.513063325713509,BWMVR03,121,1,SMDVL,"['BWMVR01', 'BWMVR03', 'SMDDR']"
1,6346469,7125032,0,0.8597632235652483,BWMVR03,121,1,RMDVL,"['RMDDR', 'BWMVR01', 'BWMVR03']"
2,6346456,7125026,0,0.6783691034465205,BWMVR03,121,1,RMDVL,"['BWMVR05', 'BWMVR03', 'BWMVR01']"
3,6346459,7125021,0,0.716204783102449,BWMVR03,121,1,RMDVL,"['BWMVR03', 'BWMVR01', 'RMDDR']"
4,6346438,7125805,0,0.3305204239000588,BWMVR03,121,1,SMBVR,"['BWMVR03', 'RMEV', 'BWMVR01']"
5,6346445,7125810,0,0.4312422150661516,BWMVR03,121,1,SMBVR,"['BWMVR03', 'RMEV']"
6,6346438,7125808,0,0.3305204239000588,BWMVR03,121,1,SMBVR,"['BWMVR03', 'RMEV', 'BWMVR07']"
7,6346432,7125801,0,0.2063359468955426,BWMVR03,121,1,SMBVR,"['RMEV', 'BWMVR03', 'BWMVR05']"
