,node_id,connector_id,length,dist_from_root,neuron,project,type,inputs,outputs
0,6356312,6646699,0,0.10836307748881131,DVC,121,1,FLPR,"['DVC', 'AVAL', 'FLPL']"
1,6356433,6646438,0,0.41916385228556124,DVC,121,0,DVC,['RIGL']
2,6356300,6646436,0,0.10026040809331636,DVC,121,0,DVC,"['AVAR', 'AVAL']"
3,6356512,6646435,0,0.6847459975623947,DVC,121,0,DVC,"['AIBL', 'RIGR']"
4,6356317,6646433,0,0.11467737114621436,DVC,121,0,DVC,"['AVAR', 'AIBR']"
5,6356308,6646431,0,0.10366020521967347,DVC,121,0,DVC,"['AVAL', 'AVAR']"
6,6356377,6646430,0,0.25894783764718865,DVC,121,0,DVC,"['RIGL', 'RIBL']"
7,6356572,6646423,0,0.8619732398926996,DVC,121,0,DVC,"['RIGR', 'URYVR', 'RIBR']"
