,node_id,connector_id,length,dist_from_root,neuron,project,type,inputs,outputs
0,6352187,6646996,0.0,0.5594021043536264,IL1DL,121,1,PVR,"['RIPL', 'IL1DL']"
1,6352293,6646759,0.11599375208857593,0.7719106981073974,IL1DL,121,1,IL2DL,"['IL1DL', 'RIPL', 'RMEL']"
2,6352250,6646708,0.0,0.7719106981073974,IL1DL,121,0,IL1DL,"['RMDVL', 'BWMDL02', 'RIPL']"
3,6352277,6646707,0.010114977394785594,0.7719106981073974,IL1DL,121,0,IL1DL,"['RMDVL', 'BWMDL01', 'RIPL']"
4,6352282,6646704,0.03255746305237303,0.7719106981073974,IL1DL,121,0,IL1DL,"['RMEL', 'BWMDL01', 'RMDVL']"
5,6352292,6646703,0.11420527469779862,0.7719106981073974,IL1DL,121,0,IL1DL,"['RIPL', 'BWMDL02', 'RMDVL']"
