,node_id,connector_id,length,dist_from_root,neuron,project,type,inputs,outputs
0,6372429,6646765,0,0.8972085940007088,IL2DL,121,0,IL2DL,"['RMER', 'URADL', 'RIPL']"
1,6646764,6646763,0,0.9213855402585146,IL2DL,121,0,IL2DL,"['RIPL', 'RMEV']"
2,6372440,6646761,0,0.9434911497845877,IL2DL,121,0,IL2DL,"['RIPL', 'RIPR']"
3,6372422,6646759,0,0.8431341074601698,IL2DL,121,0,IL2DL,"['IL1DL', 'RIPL', 'RMEL']"
4,6372426,6646757,0,0.8855279442963506,IL2DL,121,0,IL2DL,"['URADL', 'RIPL', 'RMEL', 'RMED']"
