,node_id,connector_id,length,dist_from_root,neuron,project,type,inputs,outputs
0,6365836,6647231,0,0.8396620838778802,IL2VL,121,1,RIH,"['GLRVL', 'IL2VL', 'BWMVL01']"
1,6365822,6646837,0,0.7944896181910518,IL2VL,121,0,IL2VL,"['RMEV', 'RMEL']"
2,6365821,6646834,0,0.7905838215264416,IL2VL,121,0,IL2VL,"['RMEV', 'RMEL', 'RIPL']"
3,6365833,6646832,0,0.8227957865228139,IL2VL,121,0,IL2VL,"['RIPL', 'RMED', 'RIH']"
4,6365836,6646830,0,0.8396620838778802,IL2VL,121,0,IL2VL,"['RIPL', 'RMER']"
5,6365845,6646829,0,0.8893347408607383,IL2VL,121,0,IL2VL,"['RMER', 'RIPL']"
