,connector_id,length,dist_from_root,neuron,project,type,inputs,outputs
0,6647250,0.11529282682951156,0.0,OLQDL,121,1,RIH,"['OLQDL', 'RIPL']"
1,6647242,0.1202960109485567,0.0,OLQDL,121,1,RIH,"['OLQDL', 'CEPDL']"
2,6646918,0.0,0.5046044902828922,OLQDL,121,0,OLQDL,['RICR']
3,6646916,0.0,0.5972441220379144,OLQDL,121,0,OLQDL,"['RMDDR', 'SIBVL']"
4,6646915,0.0,0.8535456734040654,OLQDL,121,0,OLQDL,['IL2L']
5,6646785,0.0,0.8766701553789573,OLQDL,121,1,IL2L,"['RIH', 'OLQDL']"
6,6646723,0.0,0.9070581370661595,OLQDL,121,1,IL2L,"['RIH', 'OLQDL']"
7,6646721,0.0,0.9629235301225464,OLQDL,121,1,IL2L,"['RIH', 'OLQDL']"
8,6375487,0.0,0.5024209217170518,OLQDL,121,1,CEPDL,"['RICL', 'OLQDL', 'RICR']"
