,node_id,connector_id,length,dist_from_root,neuron,project,type,inputs,outputs
0,6355514,6646966,0.0,0.5269964598590278,PVCL,121,1,PVPL,"['AVAL', 'PVCL', 'AVHR']"
1,6355499,6646951,0.0,0.41057598839436316,PVCL,121,0,PVCL,"['AVBR', 'RID']"
2,6355528,6646950,0.0,0.6619243586082623,PVCL,121,0,PVCL,"['RID', 'AVBL']"
3,6355446,6646949,0.0,0.19179563886936069,PVCL,121,0,PVCL,"['AVER', 'AVBR']"
4,6355558,6646944,0.0038764768461907466,0.5269964598590278,PVCL,121,0,PVCL,"['RID', 'AVBR']"
5,6355442,6646941,0.0,0.17602485607239607,PVCL,121,0,PVCL,"['SIAVL', 'AVER', 'AVBR', 'AVJR']"
6,6355516,6646936,0.0,0.5457569885356707,PVCL,121,0,PVCL,"['AVAL', 'AVHR']"
7,6355422,6646456,0.0,0.08896938380143975,PVCL,121,1,FLPR,"['PVCL', 'AVEL', 'AVBL']"
