,node_id,connector_id,length,dist_from_root,neuron,project,type,inputs,outputs
0,6344481,7182607,0.032046567279473526,0.5202330429343953,PVPL,121,1,URXL,"['PVPL', 'RIGL']"
1,6344487,6646966,0.0,0.5726446133092998,PVPL,121,0,PVPL,"['AVAL', 'PVCL', 'AVHR']"
2,6344463,6375182,0.0,0.41716181832566085,PVPL,121,1,AVHR,['PVPL']
