,connector_id,length,dist_from_root,neuron,project,type,inputs,outputs
0,6646987,0.0,0.37167368323170386,PVQR,121,0,PVQR,"['ASJR', 'CEPshVR']"
1,6646985,0.0,0.9973864583042699,PVQR,121,0,PVQR,"['AIAR', 'ASKR']"
2,6646983,0.0,0.2468570604829847,PVQR,121,0,PVQR,"['AIMR', 'AIAR']"
3,6375123,0.0,0.34087582593693233,PVQR,121,1,ASJR,"['PVQR', 'ASKR']"
4,6375122,0.0,0.583728263322088,PVQR,121,1,ASJR,"['PVQR', 'CEPshVL']"
5,6375119,0.0,0.4031591884434848,PVQR,121,1,ASJR,"['PVQR', 'CEPshVR']"
6,6375118,0.0,0.36371132781760407,PVQR,121,1,ASJR,"['PVQR', 'ASKR']"
7,6375117,0.02221567759452363,0.6037754764945622,PVQR,121,1,ASJR,"['AIMR', 'PVQR']"
8,6375116,0.0,1.0,PVQR,121,1,ASJR,"['ASKR', 'AWAR', 'AIAR', 'PVQR']"
