,node_id,connector_id,length,dist_from_root,neuron,project,type,inputs,outputs
0,6329959,6646951,0,0.6559814349340268,RID,121,1,PVCL,"['AVBR', 'RID']"
1,6329927,6646950,0,0.36719729811978674,RID,121,1,PVCL,"['RID', 'AVBL']"
2,6329944,6646944,0,0.5420019222053503,RID,121,1,PVCL,"['RID', 'AVBR']"
3,6329899,6374902,0,0.06695374422155417,RID,121,1,AINR,['RID']
