,node_id,connector_id,length,dist_from_root,neuron,project,type,inputs,outputs
0,6362693,6647349,0.0,0.8347277426353875,RIVL,121,0,RIVL,['GLRVR']
1,6362823,6647347,0.00625309928037201,0.8264669694681,RIVL,121,0,RIVL,"['RMDDR', 'RIAR']"
2,6362770,6647346,0.0,0.913906975717751,RIVL,121,0,RIVL,"['RIAR', 'RMDVL', 'RIAL']"
3,6362725,6647345,0.06508750995402471,0.8413900052175182,RIVL,121,0,RIVL,"['GLRVR', 'SAADR']"
4,6362702,6647343,0.013894122353014758,0.8413900052175182,RIVL,121,0,RIVL,['SAADR']
5,6362690,6647348,0.0,0.8308769221821355,RIVL,121,0,RIVL,['GLRVL']
6,6362771,6647016,0.0,0.9205470909231659,RIVL,121,1,RIAL,"['RIAR', 'SMDDR', 'RIVL']"
