,connector_id,length,dist_from_root,neuron,project,type,inputs,outputs
0,7182588,0.12393383655218257,0.15222206290114723,RMEV,121,1,URAVL,"['BWMVL02', 'BWMVL01', 'RMEV']"
1,7182547,0.0,0.9544564595237158,RMEV,121,1,SMDDL,"['BWMDR03', 'BWMDR01', 'BWMDL03', 'RMEV', 'SMDVR']"
2,7125172,0.6430675954611053,0.15222206290114723,RMEV,121,0,RMEV,"['BWMDL01', 'BWMDR03']"
3,7125170,0.6430675954611053,0.15222206290114723,RMEV,121,0,RMEV,"['BWMDL01', 'RMDDR']"
4,7125167,0.6915288858575303,0.15222206290114723,RMEV,121,0,RMEV,"['RMDDL', 'BWMDR01', 'BWMDL03', 'CEPDL', 'SMDVL']"
5,7125159,0.7246134914292909,0.15222206290114723,RMEV,121,0,RMEV,"['BWMDL03', 'SMDVL', 'RMED', 'BWMDR01']"
6,7125152,0.0,0.8707240174467985,RMEV,121,0,RMEV,"['BWMDL01', 'RMDDL', 'BWMDR01']"
7,7125149,0.0,0.9211765540909952,RMEV,121,0,RMEV,"['BWMDR01', 'BWMDR03', 'SMDVR']"
8,7125144,0.0,0.9264323611585307,RMEV,121,0,RMEV,"['BWMDR01', 'BWMDR01', 'BWMDL03']"
9,7125078,0.11163229265576356,0.15222206290114723,RMEV,121,1,RMED,"['RMDVR', 'RMDVL', 'RMEV']"
10,7125077,0.15287550010925197,0.037277970582253954,RMEV,121,1,RMED,"['SMDDL', 'RMDVR', 'RMDVR', 'RMEV', 'RMDVL']"
11,6646847,0.0,0.42723177040590254,RMEV,121,1,IL2VR,"['RMER', 'RMEV', 'RIPR']"
12,6646837,0.11364170502680744,0.15222206290114723,RMEV,121,1,IL2VL,"['RMEV', 'RMEL']"
13,6646834,0.2051301633838292,0.15222206290114723,RMEV,121,1,IL2VL,"['RMEV', 'RMEL', 'RIPL']"
14,6646774,0.0,0.6922008746029397,RMEV,121,1,IL2DR,"['GLRDR', 'RIPR', 'RMEV', 'RMEL']"
15,6646769,0.0,0.715442340578705,RMEV,121,1,IL2DR,"['URADR', 'RIPR', 'RMEL', 'RMEV']"
16,6646767,0.0,0.6685139155207702,RMEV,121,1,IL2DR,"['RMEV', 'RIPR']"
17,6646763,0.46798529747259066,0.15222206290114723,RMEV,121,1,IL2DL,"['RIPL', 'RMEV']"
18,7125805,0.2422175484064181,0.05974896986673048,RMEV,121,1,SMBVR,"['BWMVR03', 'RMEV', 'BWMVR01']"
19,7125810,0.21626591058220204,0.05974896986673048,RMEV,121,1,SMBVR,"['BWMVR03', 'RMEV']"
20,7125801,0.26215719816862376,0.05974896986673048,RMEV,121,1,SMBVR,"['RMEV', 'BWMVR03', 'BWMVR05']"
21,7125808,0.2422175484064181,0.05974896986673048,RMEV,121,1,SMBVR,"['BWMVR03', 'RMEV', 'BWMVR07']"
22,7125788,0.620542011374958,0.0,RMEV,121,1,SMBVL,"['hyp', 'RMEV']"
