,node_id,connector_id,length,dist_from_root,neuron,project,type,inputs,outputs
0,6363131,7125195,0.015191036194921933,0.8029254656282142,SAADL,121,0,SAADL,"['RIMR', 'RIML', 'AVAL']"
1,6363103,7125194,0.0,0.6896522655001278,SAADL,121,0,SAADL,"['RIML', 'SMDVR']"
2,6363103,7125193,0.0,0.6896522655001278,SAADL,121,0,SAADL,"['SMDVR', 'RIML']"
3,6363109,7125192,0.0,0.72482579904198,SAADL,121,0,SAADL,"['RIMR', 'SMDVR', 'AVAL']"
4,6362948,6647365,0.0,0.11732058255909089,SAADL,121,1,RIVR,"['RIH', 'SAADL']"
5,6362971,6647358,0.02848290545426195,0.15734626590783082,SAADL,121,1,RIVR,['SAADL']
6,6362965,7125783,0.0,0.15011869285464985,SAADL,121,1,SMBVL,['SAADL']
7,6362914,7125780,0.0,0.03730819385169098,SAADL,121,1,SMBVL,['SAADL']
8,6362914,7125779,0.0,0.03730819385169098,SAADL,121,1,SMBVL,['SAADL']
