,connector_id,length,dist_from_root,neuron,project,type,inputs,outputs
0,15137499,0.0,0.5632306941729515,SAAVR,121,0,SAAVR,"['RIML', 'AVAR']"
1,6647295,0.006019654957612246,0.29312837927222785,SAAVR,121,1,RIMR,"['SMDVR', 'SAAVR', 'SAAVL']"
2,6647277,0.0,0.7195621084327896,SAAVR,121,1,RIML,"['SMDDL', 'SAAVR']"
3,7125733,0.0,0.029711681221032182,SAAVR,121,1,SMBDL,['SAAVR']
4,6375205,0.07825495281278083,0.18425384363562503,SAAVR,121,1,AVKL,"['RIML', 'RMDR', 'SAAVR']"
5,7125725,0.0,0.5632306941729515,SAAVR,121,0,SAAVR,"['AVAR', 'RIML']"
6,6647276,0.0,0.7337586200157253,SAAVR,121,1,RIML,"['SMDDL', 'SAAVR']"
7,7125723,0.0,0.7195621084327896,SAAVR,121,0,SAAVR,"['SMDDL', 'RIML', 'AVAR']"
8,7125746,0.0,0.03121078297814608,SAAVR,121,1,SMBDL,"['SMDDL', 'SAAVR']"
