,connector_id,length,dist_from_root,neuron,project,type,inputs,outputs
0,6646934,0.08100735682478791,0.3261337258733541,SIBDR,121,1,OLQVR,"['SIBDR', 'RMDVL']"
1,6646817,0.0,0.3432303337647819,SIBDR,121,1,IL2R,"['SIBDR', 'RMDL', 'OLLR']"
2,6375466,0.011406849554798265,0.6131256009176174,SIBDR,121,1,BDUL,"['AVJL', 'SIBDR']"
3,6374763,0.0,0.9063534329302757,SIBDR,121,1,ADLL,"['AVDL', 'SIADR', 'SIBDR']"
