,connector_id,length,dist_from_root,neuron,project,type,inputs,outputs
0,7125761,0.002621517799014385,0.726731832989732,SMBDR,121,0,SMBDR,"['RMED', 'BWMDL05', 'BWMDL03']"
1,6374976,0.0,0.17156527764937107,SMBDR,121,1,AIZR,"['SMBDR', 'SMBVR']"
2,6374974,0.018699807648265804,0.21290030571242102,SMBDR,121,1,AIZR,"['SMBDR', 'SMBVR']"
3,7125757,0.008309617102216406,0.726731832989732,SMBDR,121,0,SMBDR,"['RMED', 'BWMDL01', 'BWMDL03']"
4,7125754,0.013210595083634787,0.777400512260811,SMBDR,121,0,SMBDR,"['BWMDL04', 'BWMDL08', 'GLRDL']"
5,7125753,0.026252845292030126,0.777400512260811,SMBDR,121,0,SMBDR,"['GLRDL', 'BWMDL02', 'BWMDL04']"
6,7125750,0.0,0.9783356163243019,SMBDR,121,0,SMBDR,['SAAVL']
7,7125749,0.0,0.9584993016795942,SMBDR,121,0,SMBDR,['SAAVL']
