,connector_id,length,dist_from_root,neuron,project,type,inputs,outputs
0,7125808,0.0,0.7276757227657696,SMBVR,121,0,SMBVR,"['BWMVR03', 'RMEV', 'BWMVR07']"
1,6647002,0.0,0.26521179054775185,SMBVR,121,1,PVT,"['SMBVR', 'SMBDL', 'CEPshVR']"
2,6375377,0.0,0.30286841771531664,SMBVR,121,1,AWBR,"['SMBVR', 'ADFR']"
3,6374976,0.0,0.20407984821551284,SMBVR,121,1,AIZR,"['SMBDR', 'SMBVR']"
4,6374974,0.0,0.24442483724684572,SMBVR,121,1,AIZR,"['SMBDR', 'SMBVR']"
5,6374961,0.017515343942872106,0.2201839656815813,SMBVR,121,1,AIZL,"['SMBDL', 'SMBVR']"
6,6374748,0.0,0.30286841771531664,SMBVR,121,1,ADFR,['SMBVR']
7,7125799,0.0,0.9010524739945697,SMBVR,121,0,SMBVR,['SAADR']
8,7125798,0.0,0.9137597925466149,SMBVR,121,0,SMBVR,['SAADR']
9,7125805,0.0,0.7276757227657696,SMBVR,121,0,SMBVR,"['BWMVR03', 'RMEV', 'BWMVR01']"
10,7125810,0.01155472902358976,0.7209952692641772,SMBVR,121,0,SMBVR,"['BWMVR03', 'RMEV']"
11,7125822,0.0,0.6667985955207264,SMBVR,121,0,SMBVR,"['BWMVR02', 'BWMVR04', 'GLRL']"
12,7125801,0.0,0.7422329000757797,SMBVR,121,0,SMBVR,"['RMEV', 'BWMVR03', 'BWMVR05']"
