,node_id,connector_id,length,dist_from_root,neuron,project,type,inputs,outputs
0,6372059,7182637,0,0.8827443392931624,URYDL,121,0,URYDL,"['AVER', 'RIBL']"
1,6372045,7182636,0,0.8294489467610586,URYDL,121,0,URYDL,"['SMDDR', 'AVER']"
2,6372052,7182635,0,0.8527571699299582,URYDL,121,0,URYDL,"['RMDVL', 'AVER']"
3,6372056,7182634,0,0.8693614265796654,URYDL,121,0,URYDL,"['RMDVL', 'AVER']"
4,6372037,7182633,0,0.7849669723444563,URYDL,121,0,URYDL,"['SMDDR', 'RIBL']"
5,6372046,7182632,0,0.832364554179316,URYDL,121,0,URYDL,"['AVER', 'SMDDR']"
6,6372059,7182630,0,0.8827443392931624,URYDL,121,0,URYDL,"['RMDDR', 'RMDVL']"
7,6372017,6647199,0,0.71102802686269,URYDL,121,1,RIGL,"['RIBL', 'URYDL', 'AIBR']"
