,connector_id,length,dist_from_root,neuron,project,type,inputs,outputs
0,9585081,0.018743886840879492,0.5215459268729403,ADEL,161,1,FLPR,"['AVAL', 'ADEL']"
1,9585079,0.0,0.9870358192239187,ADEL,161,1,FLPL,"['ADEL', 'AVAL']"
2,9583895,0.0,0.30379663120997574,ADEL,161,0,ADEL,"['AVAR', 'ADAL']"
3,9583894,0.0,0.37713139455462313,ADEL,161,0,ADEL,"['ADAL', 'AVAR']"
4,9583891,0.0,0.8634439931110284,ADEL,161,0,ADEL,"['AVAL', 'ADER']"
