,connector_id,length,dist_from_root,neuron,project,type,inputs,outputs
0,9584917,0.0,0.5013831837308802,AWAL,161,0,AWAL,"['ASEL', 'ADLL']"
1,9584915,0.0,0.9627486442843084,AWAL,161,0,AWAL,"['AWAR', 'AIAL']"
2,9584914,0.00539745853766666,0.9533509245455898,AWAL,161,0,AWAL,"['AWBL', 'ASEL']"
3,9584916,0.00773222242082316,0.515100563802671,AWAL,161,0,AWAL,"['AIZL', 'AWCR', 'AIYL']"
4,9584086,0.0,0.2571762540114134,AWAL,161,1,AIYL,"['AWBL', 'AWAL', 'ADFL', 'AIZL', 'RIBL']"
