,connector_id,length,dist_from_root,neuron,project,type,inputs,outputs
0,9587793,0.16829819804562077,0.46860529382860583,BWMDL04,161,1,SMBDR,"['GLRL', 'BWMDL02', 'BWMDL04', 'BWMDL04']"
1,9587793,0.09700586925919202,0.7248636130575985,BWMDL04,161,1,SMBDR,"['GLRL', 'BWMDL02', 'BWMDL04', 'BWMDL04']"
2,9587701,0.0,0.4134848729169602,BWMDL04,161,1,RMDR,"['BWMDL04', 'IL1L', 'BWMVL02', 'BWMVL04', 'RMDL']"
3,9587698,0.0,0.5649890621449138,BWMDL04,161,1,RMDR,"['RMDL', 'BWMDL06', 'BWMDL02', 'BWMDL04']"
4,9587666,0.0,0.969858642686863,BWMDL04,161,1,RMDDR,"['BWMDL02', 'BWMDL04', 'RMDVL']"
