,connector_id,length,dist_from_root,neuron,project,type,inputs,outputs
0,9587872,0.0,0.5550663020610361,IL1R,161,1,URBR,"['URXR', 'IL1R']"
1,9587868,0.0,0.5815812174259763,IL1R,161,1,URBR,"['IL2R', 'URXR', 'IL1R']"
2,9587694,0.0,0.8210258590562558,IL1R,161,1,RMDL,"['RIAR', 'IL1R', 'RMDR']"
3,9587691,0.0,0.7257821304170163,IL1R,161,1,RMDL,"['OLLR', 'IL2R', 'IL1R', 'RMDR']"
4,9585116,0.0,0.9239542708843881,IL1R,161,0,IL1R,"['BWMDR02', 'RMDVR']"
5,9585129,0.0,0.7398231726774959,IL1R,161,0,IL1R,"['BWMVR02', 'RMDR']"
6,9585120,0.0,0.8644744093877068,IL1R,161,0,IL1R,"['BWMDR02', 'RMDVL', 'BWMVR02', 'RMDDR']"
7,9585117,0.04295177071800417,0.8691431651073969,IL1R,161,0,IL1R,"['BWMVR02', 'URAVR']"
8,9584941,0.0,0.3374172104482952,IL1R,161,1,AWCL,"['IL2R', 'IL1R']"
