,connector_id,length,dist_from_root,neuron,project,type,inputs,outputs
0,9587915,0.0,0.8003361607798398,URYVR,161,0,URYVR,"['AVEL', 'RMDDR']"
1,9587914,0.0,0.7221343544947111,URYVR,161,0,URYVR,"['RIBR', 'SMDVL']"
2,9587913,0.0,0.7342504158218995,URYVR,161,0,URYVR,"['SMDVL', 'AVEL']"
3,9587912,0.0,0.7511234484095717,URYVR,161,0,URYVR,"['SMDVL', 'AVEL']"
4,9587911,0.0,0.7682446026354233,URYVR,161,0,URYVR,"['RIBR', 'SMDVL']"
5,9587910,0.021312847040500692,0.8003361607798398,URYVR,161,0,URYVR,"['RMDDR', 'RMDVL']"
6,9587582,0.0,0.690181896019102,URYVR,161,1,RIH,"['RIBR', 'RIS', 'URYVR']"
7,9587554,0.038754694637053604,0.54986220723821,URYVR,161,1,RIGR,"['RIR', 'AIBL', 'URYVR']"
8,9587553,0.0,0.27859950380868587,URYVR,161,1,RIGR,"['RIBR', 'BAGL', 'URYVR', 'OLQVR']"
