,connector_id,length,dist_from_root,neuron,project,type,inputs,outputs
0,8978475,0.3784487199491257,0.3688686676690347,ADEL,138,0,ADEL,"['AVAR', 'AVAL']"
0,9008398,0,0.7794599576715663,ADEL,138,1,IL2L,"['ADEL', 'URBL']"
1,8999143,0,0.5757594668606351,ADEL,138,0,ADEL,"['RMFR', 'URBL']"
2,8999140,0,0.7936283699386301,ADEL,138,0,ADEL,"['RMER', 'RMDL']"
3,8999136,0,0.9307236369101858,ADEL,138,0,ADEL,"['RMER', 'RMER']"
4,8982343,0,0.8578022901710994,ADEL,138,0,ADEL,"['RMDL', 'RMHR']"
5,8979940,0,0.8313685982675814,ADEL,138,0,ADEL,"['RMER', 'URBL']"
