,node_id,connector_id,length,dist_from_root,neuron,project,type,inputs,outputs
0,16673720,16673719,0.00246584377212095,0.6032518475501286,ADFR,138,0,ADFR,"['ADAR', 'RMGR']"
1,9003409,9003407,0.0,0.26762896533106023,ADFR,138,1,AWAR,"['RIFR', 'ASER', 'ADFR']"
2,9001315,8980316,0.0,0.13918185811833134,ADFR,138,1,AWAR,"['ASIR', 'ADFR', 'AWBR', 'AIZR']"
3,8755612,8999181,0.0,0.11788336302183185,ADFR,138,0,ADFR,"['AWBR', 'RIBR', 'AIZR']"
4,8999177,8999176,0.0,0.2792613611057328,ADFR,138,0,ADFR,"['RIFR', 'ADAR', 'SIBVR']"
5,8755583,8999174,0.0,0.34315264176149346,ADFR,138,0,ADFR,"['SMBVR', 'AWBR', 'RIAR']"
6,8999172,8999171,0.0,0.771023089983809,ADFR,138,0,ADFR,"['AVDR', 'ASHR']"
7,8980314,8980312,0.0,0.10876093958411191,ADFR,138,1,AWAR,['ADFR']
8,8659962,8978248,0.0,0.9734389907803941,ADFR,138,0,ADFR,"['AIZR', 'AWBR', 'RIFR']"
