,connector_id,length,dist_from_root,neuron,project,type,inputs,outputs
0,16673747,0.0,0.19491645181208006,ADLR,138,0,ADLR,"['AIAR', 'ASKR', 'AWCR']"
1,16673728,0.022323319032495913,0.879966285188412,ADLR,138,0,ADLR,"['ASKR', 'AIAR']"
2,8993219,0.04419233813429618,0.879966285188412,ADLR,138,0,ADLR,"['ASKR', 'AIAR']"
