,node_id,connector_id,length,dist_from_root,neuron,project,type,inputs,outputs
0,9003447,16673772,0,0.20531421794427832,AFDL,138,0,AFDL,"['ASEL', 'AIYL']"
1,9003447,9003446,0,0.20531421794427832,AFDL,138,1,AWBL,"['AIYL', 'RIAL', 'AFDL']"
2,9001285,9001282,0,0.9991334653038701,AFDL,138,1,AINR,"['AFDL', 'AWCR', 'ASER']"
3,9000089,9000088,0,0.21879361256960436,AFDL,138,0,AFDL,"['BAGR', 'AIYL']"
4,9000086,9000085,0,0.30761445634869405,AFDL,138,0,AFDL,"['AWAL', 'BAGR', 'AIYL']"
5,9000084,9000083,0,0.503418360189961,AFDL,138,0,AFDL,['AIYL']
6,9000081,9000080,0,0.7753753123878985,AFDL,138,0,AFDL,['AIYL']
