,connector_id,length,dist_from_root,neuron,project,type,inputs,outputs
0,16673844,0.0,0.7462026320296283,AINL,138,0,AINL,"['AIZR', 'BAGL', 'AFDR']"
1,9587434,0.02053858027205942,0.602493182941995,AINL,138,0,AINL,"['RIBR', 'BAGL', 'RMFR']"
2,9001267,0.009148528089771964,0.6752398485342073,AINL,138,0,AINL,"['RMFR', 'BAGL', 'RIBR']"
3,9001263,0.01994605856463479,0.5826924168340631,AINL,138,0,AINL,"['AWCL', 'ASEL']"
4,9001259,0.003194732309416193,0.602493182941995,AINL,138,0,AINL,"['AFDR', 'AUAR']"
5,9001253,0.0,0.3551600514985547,AINL,138,0,AINL,['ASEL']
