,node_id,connector_id,length,dist_from_root,neuron,project,type,inputs,outputs
0,9001635,9001634,0,0.14776107287530993,ASGR,138,0,ASGR,"['AIZR', 'ASHR', 'AIAR']"
1,8987497,8987496,0,0.5086117703317774,ASGR,138,0,ASGR,['ASIR']
2,8987493,8987495,0,0.4863836267805717,ASGR,138,1,ASIR,['ASGR']
3,8987493,8987492,0,0.4863836267805717,ASGR,138,0,ASGR,['ASIR']
4,8980415,8980414,0,0.6315796200424761,ASGR,138,0,ASGR,['ASIR']
5,8980295,8980297,0,0.8632016338425053,ASGR,138,0,ASGR,['ASIR']
6,8980295,8980294,0,0.8632016338425053,ASGR,138,0,ASGR,['ASIR']
7,8980292,8980291,0,0.5640544396535063,ASGR,138,0,ASGR,['ASIR']
