,node_id,connector_id,length,dist_from_root,neuron,project,type,inputs,outputs
0,9003385,9003383,0.0,0.18934074518138025,ASIL,138,1,AWAL,"['ASIL', 'AIAL']"
1,8490325,9001683,0.0,0.46167307274635416,ASIL,138,0,ASIL,['AIAL']
2,8489573,9001625,0.0,0.4090344807285938,ASIL,138,0,ASIL,['ASGL']
3,8987484,8987482,0.0,0.1933376868264272,ASIL,138,1,ASGL,['ASIL']
4,8987478,8987477,0.0,0.19258612875215786,ASIL,138,0,ASIL,['ASGL']
5,8954813,8987474,0.0,0.18537790778950192,ASIL,138,1,ASGL,['ASIL']
6,8987471,8987473,0.026419793687520482,0.1672465792475473,ASIL,138,0,ASIL,['ASGL']
7,8491036,8980410,0.0,0.5758660657376049,ASIL,138,0,ASIL,['AWCR']
8,8980290,8980289,0.0,0.06951453593624289,ASIL,138,1,AWAL,"['ASIL', 'ASEL']"
