,node_id,connector_id,length,dist_from_root,neuron,project,type,inputs,outputs
0,9001316,8980316,0,0.10786935825406614,ASIR,138,1,AWAR,"['ASIR', 'ADFR', 'AWBR', 'AIZR']"
1,8758997,8987496,0,0.28517151806901364,ASIR,138,1,ASGR,['ASIR']
2,8987494,8987495,0,0.2739091468571455,ASIR,138,0,ASIR,['ASGR']
3,8987494,8987492,0,0.2739091468571455,ASIR,138,1,ASGR,['ASIR']
4,8980416,8980414,0,0.40652894838465026,ASIR,138,1,ASGR,['ASIR']
5,8980296,8980297,0,0.5312193399856501,ASIR,138,1,ASGR,['ASIR']
6,8980296,8980294,0,0.5312193399856501,ASIR,138,1,ASGR,['ASIR']
7,8980293,8980291,0,0.3351132613270564,ASIR,138,1,ASGR,['ASIR']
