,connector_id,length,dist_from_root,neuron,project,type,inputs,outputs
0,9008954,0.0,0.1739612544872207,ASJL,138,1,PVQL,"['ASJL', 'RIPL']"
1,9008942,0.0,0.8105773487680468,ASJL,138,1,PVQL,['ASJL']
2,9001691,0.0,0.24586119179906854,ASJL,138,0,ASJL,"['ASKL', 'PVQL']"
3,9001689,0.0,0.5352071278608332,ASJL,138,0,ASJL,['PVQL']
4,9001686,0.0,0.8174047165591523,ASJL,138,0,ASJL,['PVQL']
5,8980552,0.010675041025317616,0.9767173264952761,ASJL,138,0,ASJL,['PVQL']
6,8980539,0.0,0.22131168467666737,ASJL,138,0,ASJL,"['ASKL', 'PVQL']"
