,node_id,connector_id,length,dist_from_root,neuron,project,type,inputs,outputs
0,8763016,9190384,0.0,0.623972254689036,AUAR,138,1,URXR,['AUAR']
1,9009312,9009311,0.0,0.35475860929925335,AUAR,138,0,AUAR,"['RIAR', 'RIBR']"
2,9008453,9008451,0.0,0.709470829575287,AUAR,138,1,IL2R,"['AUAR', 'AIYR']"
3,9003479,9003477,0.0,0.25441535373803653,AUAR,138,1,AWBR,"['RIAR', 'AUAR']"
4,9001747,9001746,0.0,0.3323523767161368,AUAR,138,0,AUAR,"['RIBR', 'RIAR']"
5,9001262,9001259,0.07113937856041791,0.4825843925746571,AUAR,138,1,AINL,"['AFDR', 'AUAR']"
6,9000110,9000107,0.0,0.19185581040085076,AUAR,138,1,AFDR,"['AUAR', 'AIYR']"
