,connector_id,length,dist_from_root,neuron,project,type,inputs,outputs
0,16674012,0.0,0.8443339526080763,AVDR,138,1,AQR,"['AVBR', 'AVDR', 'PVCL']"
1,8982263,0.0,0.16316766985136372,AVDR,138,1,ALMR,"['PVNLR', 'PVNLR', 'AVDR', 'BDUR']"
2,9009413,0.0,0.9306122482249787,AVDR,138,1,RID,['AVDR']
3,9008770,0.0,0.6538394036041637,AVDR,138,1,PVCL,"['AVEL', 'AVAL', 'URXL', 'AVDR']"
4,9008767,0.0,0.8183002553740562,AVDR,138,1,PVCL,"['AVBR', 'AVDR']"
5,9002148,0.0,0.9620304420874213,AVDR,138,1,AVFL,"['AVDR', 'AVM', 'PVNLR']"
6,9001654,0.013164380558000566,0.7788046410944993,AVDR,138,1,ASHL,"['AIAL', 'AIBL', 'AVDR']"
7,9001393,0.0,0.8387794564620621,AVDR,138,1,AQR,"['RICR', 'AVBR', 'AVDR', 'PVCL']"
8,8999171,0.0496535850985713,0.2082731143717889,AVDR,138,1,ADFR,"['AVDR', 'ASHR']"
9,8982404,0.0,0.2601519737335511,AVDR,138,1,AQR,"['AVDR', 'PVCR', 'SIBDR']"
10,8980713,0.0,0.6481380582352849,AVDR,138,1,PVCL,"['AVEL', 'AVDR']"
11,8980709,0.0,0.8061979514665082,AVDR,138,1,PVCL,['AVDR']
