,connector_id,length,dist_from_root,neuron,project,type,inputs,outputs
0,9002197,0.0,0.3334650663924483,AVHL,138,1,AVHR,"['AVHL', 'AVJL']"
1,9002167,0.0,0.6298739092860033,AVHL,138,0,AVHL,"['ASHR', 'AVAR']"
2,9001640,0.03923671969113185,0.28350051029299017,AVHL,138,1,ASHL,"['AVHL', 'RIPL']"
3,8982291,0.0,0.20813259870604428,AVHL,138,1,AVFL,"['AVHL', 'URXL']"
