,connector_id,length,dist_from_root,neuron,project,type,inputs,outputs
0,9010185,0.0033168563335956597,0.3654579318736557,AVJL,138,1,RIFR,"['AVJL', 'AVBR']"
1,9008835,0.0,0.8132269678170093,AVJL,138,1,PVNLR,"['AVJL', 'RIPR']"
2,9002197,0.004346154588036517,0.3654579318736557,AVJL,138,1,AVHR,"['AVHL', 'AVJL']"
3,9002193,0.0,0.057273401895063476,AVJL,138,0,AVJL,"['ADFL', 'AVDL']"
4,9002190,0.0,0.7896313644987509,AVJL,138,0,AVJL,['RIPR']
5,9001711,0.018321799319140002,0.13488008500377296,AVJL,138,1,ASKL,['AVJL']
6,8999157,0.0,0.21539292649978078,AVJL,138,1,ADFL,"['AIML', 'AVJL', 'URXL']"
7,8982259,0.04719669414650531,0.35478314524926857,AVJL,138,1,PVNLR,"['RIFL', 'AVJL', 'RIFR']"
8,8980723,0.0,0.5124003256629516,AVJL,138,1,PVCL,"['AVJL', 'AVAR']"
