,connector_id,length,dist_from_root,neuron,project,type,inputs,outputs
0,9003267,0.0,0.7772726155539763,AVJR,138,0,AVJR,"['RIFL', 'PVPL', 'AVBL']"
1,9001729,0.036395572023224014,0.15247728548769524,AVJR,138,1,ASKR,['AVJR']
2,9001714,0.0,0.16113109522538527,AVJR,138,1,ASKR,"['ALA', 'AVJR']"
3,8987108,0.0,0.46348413007687733,AVJR,138,1,ASHL,"['AVJR', 'AVAL']"
4,8982250,0.0,0.2853744756629505,AVJR,138,1,PVNLR,"['RIPR', 'AVBR', 'AVJR']"
5,8982231,0.0,0.828359352316465,AVJR,138,1,PVNLR,"['AVM', 'AVJR']"
6,8980348,0.0,0.7794142424226861,AVJR,138,1,AWAL,"['AVJR', 'RIPL']"
7,8980260,0.0,0.6646767765627407,AVJR,138,1,ADAL,"['AVJR', 'AVBL']"
