,connector_id,length,dist_from_root,neuron,project,type,inputs,outputs
0,9003267,0.0,0.7777598984797786,AVJR,138,0,AVJR,"['RIFL', 'PVPL', 'AVBL']"
1,9001729,0.03641838890943206,0.15257287560151633,AVJR,138,1,ASKR,['AVJR']
2,9001714,0.0,0.16123211053191733,AVJR,138,1,ASKR,"['ALA', 'AVJR']"
3,8987108,0.0,0.4637746946721652,AVJR,138,1,ASHL,"['AVJR', 'AVAL']"
4,8982250,0.0,0.28555338085871795,AVJR,138,1,PVNLR,"['RIPR', 'AVBR', 'AVJR']"
5,8982231,0.0,0.828878662222327,AVJR,138,1,PVNLR,"['AVM', 'AVJR']"
6,8980348,0.0,0.7799028679639178,AVJR,138,1,AWAL,"['AVJR', 'RIPL']"
7,8980260,0.0,0.6650934716037277,AVJR,138,1,ADAL,"['AVJR', 'AVBL']"
