,connector_id,length,dist_from_root,neuron,project,type,inputs,outputs
0,9010561,0.0,0.285870864063877,AVKL,138,1,RMHR,['AVKL']
1,9010425,0.0,0.6576252046631632,AVKL,138,1,RMFL,"['AVKL', 'RIS']"
2,9009527,0.0,0.8504918989432969,AVKL,138,1,RIGR,"['PVT', 'AVKL', 'AVKR']"
3,9009483,0.0,0.12622006077516973,AVKL,138,1,RIGL,"['AVKL', 'PVT', 'DVC']"
4,9009471,0.0,0.25335424828249536,AVKL,138,1,RIGL,"['PLNL', 'AVKL']"
5,9009378,0.0,0.1840693042748816,AVKL,138,1,RICL,['AVKL']
6,9006840,0.0,0.060790422365138194,AVKL,138,1,FLPL,"['AVKL', 'AVAR', 'AVER']"
7,9003358,0.0,0.8846436818026698,AVKL,138,1,AVKR,"['AVKL', 'RIGR']"
8,9003304,0.008427189488472184,0.5975934917056241,AVKL,138,0,AVKL,"['RIS', 'RIML', 'RMDR']"
9,9003302,0.0,0.9216808347721481,AVKL,138,0,AVKL,"['AVEL', 'AVKR']"
10,9003300,0.0,0.9023038572347383,AVKL,138,0,AVKL,"['AIZL', 'RIGR']"
11,9003296,0.0,0.7533336108586843,AVKL,138,0,AVKL,"['RIS', 'RMDR']"
12,9003293,0.0,0.7352400179534652,AVKL,138,0,AVKL,['RMDR']
13,9003291,0.018954666338061747,0.6301927160445743,AVKL,138,0,AVKL,['RMDR']
14,9003282,0.0,0.38765525235155734,AVKL,138,0,AVKL,"['RIMR', 'SMDVL']"
15,9003278,0.0,0.23596657833699936,AVKL,138,0,AVKL,"['RMGL', 'RMDL', 'SAADL']"
16,8982321,0.0,0.2906767935043471,AVKL,138,1,RIGL,"['AVKL', 'ALNL']"
17,8980218,0.0,0.17852380007108506,AVKL,138,0,AVKL,['SMDDL']
18,8980144,0.0,0.2697832660238538,AVKL,138,1,RIGL,"['AVKL', 'RMHR']"
19,8980118,0.0,0.7302490686326965,AVKL,138,1,RMFL,"['AVKL', 'RMDR']"
20,8980105,0.0,0.8232304031851788,AVKL,138,1,PVT,"['AVKL', 'RMFL']"
