,node_id,connector_id,length,dist_from_root,neuron,project,type,inputs,outputs
0,8518026,9001363,0.8549933619698498,0.046203862190711376,AVM,138,1,ALMR,"['AVDL', 'AVM', 'PVCR']"
1,8718298,9009416,0.0,0.6243699109888412,AVM,138,1,RID,['AVM']
2,8982233,9008815,0.0,0.7105706879680832,AVM,138,1,PVNLR,"['RID', 'AVM']"
3,9003376,9003375,0.7225606963324657,0.046203862190711376,AVM,138,0,AVM,"['PVCR', 'AVBR']"
4,8718288,9003372,0.0,0.47896698228024265,AVM,138,0,AVM,"['RIML', 'PVCL', 'AVBL']"
5,9002150,9002148,0.0,0.29259153899134177,AVM,138,1,AVFL,"['AVDR', 'AVM', 'PVNLR']"
6,8982233,8982231,0.0,0.7105706879680832,AVM,138,1,PVNLR,"['AVM', 'AVJR']"
7,8980676,8980675,0.0,0.7575729236339037,AVM,138,0,AVM,"['AVBL', 'PVCL']"
