,connector_id,length,dist_from_root,neuron,project,type,inputs,outputs
0,9001363,0.0,0.8375350871025179,AVM,138,1,ALMR,"['AVDL', 'AVM', 'PVCR']"
1,9009416,0.537323394988162,0.042939941121562644,AVM,138,1,RID,['AVM']
2,9008815,0.6174347993734371,0.042939941121562644,AVM,138,1,PVNLR,"['RID', 'AVM']"
3,9003375,0.0,0.7144576949665833,AVM,138,0,AVM,"['PVCR', 'AVBR']"
4,9003372,0.40219198169031045,0.042939941121562644,AVM,138,0,AVM,"['RIML', 'PVCL', 'AVBL']"
5,9002148,0.22898242340062658,0.042939941121562644,AVM,138,1,AVFL,"['AVDR', 'AVM', 'PVNLR']"
6,8982231,0.6174347993734371,0.042939941121562644,AVM,138,1,PVNLR,"['AVM', 'AVJR']"
7,8980675,0.6611167154812617,0.042939941121562644,AVM,138,0,AVM,"['AVBL', 'PVCL']"
