,node_id,connector_id,length,dist_from_root,neuron,project,type,inputs,outputs
0,9186980,9186977,0.0,0.6945590810365726,FLPL,138,1,SDQL,"['FLPL', 'AVAR']"
1,9006846,9006845,0.40371870379108427,0.29509041169398065,FLPL,138,0,FLPL,"['SIBVR', 'PVCL', 'AVBL']"
2,9006841,9006840,0.0,0.6578798425888215,FLPL,138,0,FLPL,"['AVKL', 'AVAR', 'AVER']"
3,8980673,8980672,0.0,0.2669862337516831,FLPL,138,0,FLPL,"['AVAL', 'AVAR']"
