,connector_id,length,dist_from_root,neuron,project,type,inputs,outputs
0,16673707,0.08042829537960869,0.05874919308260805,FLPR,138,1,ADER,"['FLPR', 'SIBVR', 'SMBDR']"
1,9009458,0.0,0.5779575225530532,FLPR,138,1,ADAR,"['FLPR', 'AVAL', 'AVAR']"
2,9006853,0.0,0.5967017748296378,FLPR,138,0,FLPR,"['AVAL', 'AVAR']"
3,9006849,0.0,0.6605926996224539,FLPR,138,0,FLPR,"['DVA', 'AVAL']"
4,9006755,0.10902430621029786,0.6400769839582481,FLPR,138,1,DVA,"['FLPR', 'AVER', 'AVBR']"
