,node_id,connector_id,length,dist_from_root,neuron,project,type,inputs,outputs
0,8542513,9190232,0,0.9635848540764689,IL1L,138,1,URADL,"['IL1L', 'RMEL']"
1,8541895,9009992,0,0.7440179995167544,IL1L,138,0,IL1L,['RMDR']
2,8536119,9008262,0,0.5362046901273249,IL1L,138,0,IL1L,"['SIAVL', 'RICR']"
3,8535964,9008260,0,0.5535311663667465,IL1L,138,0,IL1L,['RMDR']
4,8535877,9008258,0,0.5718715336587545,IL1L,138,0,IL1L,['RMDR']
5,9008248,9008247,0,0.8622287830983845,IL1L,138,0,IL1L,['RMHR']
