,node_id,connector_id,length,dist_from_root,neuron,project,type,inputs,outputs
0,9009562,9009560,0.0,0.009028960819665682,IL1VR,138,1,RIH,['IL1VR']
1,9009000,9008998,0.0,0.4672712180997015,IL1VR,138,1,PVR,"['RIPR', 'IL1VR']"
2,9008995,9008994,0.0,0.4812421117119018,IL1VR,138,1,PVR,"['CEPVR', 'RIPR', 'IL1VR']"
3,9008332,9008331,0.0,0.6854586917339568,IL1VR,138,0,IL1VR,['RMDDR']
4,9008326,9008325,0.0,0.727719127405945,IL1VR,138,0,IL1VR,['RMDDR']
5,9006659,9006657,0.009332754189429972,0.42704360133797675,IL1VR,138,1,CEPVR,"['RMHR', 'RICL', 'IL1VR']"
