,connector_id,length,dist_from_root,neuron,project,type,inputs,outputs
0,9190247,0.0,0.39528416450001,IL2DL,138,1,URYDL,['IL2DL']
1,9008410,0.0,0.22936656019669305,IL2DL,138,1,IL2L,"['DVC', 'IL2DL', 'URXL']"
2,9008364,0.012147167977809833,0.6635885113626615,IL2DL,138,0,IL2DL,"['SAAVL', 'URYDL']"
3,9008361,0.0,0.2018626694353557,IL2DL,138,1,DVC,['IL2DL']
4,9008356,0.0,0.6387557466390239,IL2DL,138,0,IL2DL,"['RID', 'AVBL', 'RIVL']"
5,8978899,0.0,0.23741212995954414,IL2DL,138,0,IL2DL,['RIGL']
6,8978903,0.0,0.21806980312186647,IL2DL,138,0,IL2DL,"['DVC', 'RIGL']"
