,node_id,connector_id,length,dist_from_root,neuron,project,type,inputs,outputs
0,9190440,9190438,0.0,0.40625875718770843,IL2VR,138,1,URYVR,['IL2VR']
1,9008532,9008531,0.034446619207047995,0.5177055848563691,IL2VR,138,1,URYVR,"['AVDL', 'IL2VR']"
2,9008512,9008511,0.0,0.37593039590047705,IL2VR,138,0,IL2VR,['RIGR']
3,9008509,9008508,0.0,0.39837364944648024,IL2VR,138,0,IL2VR,"['AVAL', 'SAADR']"
4,8715359,8715358,0.0,0.3652679589798416,IL2VR,138,0,IL2VR,['RIGR']
