,connector_id,length,dist_from_root,neuron,project,type,inputs,outputs
0,9189153,0,0.5744220832022374,PLNL,138,1,SMBVL,"['PLNL', 'SAADL']"
1,9009471,0,0.9632816243883802,PLNL,138,1,RIGL,"['PLNL', 'AVKL']"
2,9009372,0,0.5640110132195195,PLNL,138,1,RICL,['PLNL']
3,9008741,0,0.569638688916867,PLNL,138,0,PLNL,"['SMBVL', 'SAADL']"
4,9006640,0,0.7092244972762339,PLNL,138,1,CEPVL,"['PLNL', 'RMHL', 'RICL']"
5,8980623,0,0.9364713345372664,PLNL,138,0,PLNL,"['SAADL', 'RIMR']"
6,8980621,0,0.9364713345372664,PLNL,138,0,PLNL,"['RMGL', 'SAADL']"
