,node_id,connector_id,length,dist_from_root,neuron,project,type,inputs,outputs
0,8512072,9189222,0.0,0.9171301732140537,RID,138,1,SMDDL,['RID']
1,9186667,9186665,0.0,0.697720073863342,RID,138,1,SDQL,['RID']
2,9009421,9009420,0.055578396119455226,0.13660875745694598,RID,138,0,RID,['RMED']
3,9009418,9009417,0.07622341133966282,0.13660875745694598,RID,138,0,RID,['DVC']
4,9009415,9009416,0.0,0.7932979735912361,RID,138,0,RID,['AVM']
5,9009412,9009413,0.0,0.860443390829097,RID,138,0,RID,['AVDR']
6,9008816,9008815,0.0,0.7629360711479244,RID,138,1,PVNLR,"['RID', 'AVM']"
7,9008360,9008356,0.0,0.2741645815659292,RID,138,1,IL2DL,"['RID', 'AVBL', 'RIVL']"
