,node_id,connector_id,length,dist_from_root,neuron,project,type,inputs,outputs
0,9010184,12478808,0.0,0.07521298342920579,RIFL,138,0,RIFL,"['RIML', 'AVBR', 'AVBL']"
1,9003269,9003267,0.03361822847067556,0.3150885420170885,RIFL,138,1,AVJR,"['RIFL', 'PVPL', 'AVBL']"
2,9000126,9000125,0.01121790748810935,0.16998975614270376,RIFL,138,1,AIAL,['RIFL']
3,8529431,8982301,0.005973875209860447,0.8506566434294415,RIFL,138,1,AVFR,"['RIFR', 'RIFL']"
4,8982290,8982289,0.0,0.5216227250199919,RIFL,138,1,AVFL,['RIFL']
5,8529389,8982259,0.0,0.8630934944606793,RIFL,138,1,PVNLR,"['RIFL', 'AVJL', 'RIFR']"
6,8980737,8980736,0.0,0.2503854118108632,RIFL,138,0,RIFL,"['RIML', 'AVBL']"
7,8980655,8980653,0.0,0.517472162643776,RIFL,138,1,AVFL,['RIFL']
