,connector_id,length,dist_from_root,neuron,project,type,inputs,outputs
0,9000136,0.08353602650949128,0.7774357948246425,RIPR,138,1,ASHR,"['AVDL', 'RIPR', 'AIAR']"
1,16674149,0.0,0.9403414941973657,RIPR,138,1,ASHR,"['AIAR', 'RIPR']"
2,9190264,0.09812242552519886,0.06313046817930153,RIPR,138,1,URADR,"['BWMDR01', 'RIPR', 'RMER']"
3,9009463,0.021933733888746244,0.6846828618023851,RIPR,138,1,ADAR,['RIPR']
4,9008998,0.0,0.6407091216895243,RIPR,138,1,PVR,"['RIPR', 'IL1VR']"
5,9008994,0.0,0.6213314724828191,RIPR,138,1,PVR,"['CEPVR', 'RIPR', 'IL1VR']"
6,9008977,0.34021470053884,0.06313046817930153,RIPR,138,1,PVR,"['RIPR', 'AVBL']"
7,9008964,0.0,0.9440516435670586,RIPR,138,1,PVQR,"['RIPR', 'ASHR', 'BDUR']"
8,9008957,0.0,0.785796241274818,RIPR,138,1,PVQR,"['AIAR', 'RIPR']"
9,9008835,0.035218412848609555,0.9048259553659959,RIPR,138,1,PVNLR,"['AVJL', 'RIPR']"
10,9003431,0.1544631485285491,0.7774357948246425,RIPR,138,1,AWAR,"['AVFR', 'RIPR']"
11,9003404,0.03130391735114823,0.8972530837773202,RIPR,138,1,AWAR,"['AIBR', 'RIPR']"
12,9002190,0.0,0.8687034253327958,RIPR,138,1,AVJL,['RIPR']
13,9001700,0.0,0.9665950334326386,RIPR,138,1,ASJR,"['PVQR', 'RIPR']"
14,8982282,0.0,0.7520004162714082,RIPR,138,1,PVNLR,"['RIPR', 'AVBR']"
15,8982278,0.0,0.7503374875195729,RIPR,138,1,BDUR,"['PVNLR', 'RIPR']"
16,8982271,0.031147175873278792,0.6680708317400503,RIPR,138,1,PVNLR,"['RIPR', 'AVBR']"
17,8982250,0.36370435169340715,0.06313046817930153,RIPR,138,1,PVNLR,"['RIPR', 'AVBR', 'AVJR']"
18,8980562,0.5028230633584836,0.06313046817930153,RIPR,138,1,PVQR,"['AVFL', 'RIPR']"
