,node_id,connector_id,length,dist_from_root,neuron,project,type,inputs,outputs
0,9190159,9190156,0.022512959681062462,0.8757419585466896,RIVL,138,1,SMDVL,"['RIAR', 'RIVL', 'RMDDR', 'RIAL']"
1,9010534,9010533,0.11880767885437392,0.8118672428785173,RIVL,138,1,RMHR,['RIVL']
2,9009896,9009895,0.08421182586917089,0.8118672428785173,RIVL,138,0,RIVL,"['RIH', 'SAADR']"
3,9009891,9009890,0.0,0.8508303645415338,RIVL,138,0,RIVL,['SAADR']
4,9009889,9009887,0.0,0.8963537497540347,RIVL,138,1,RMHR,"['RIVL', 'SIAVR']"
5,9009885,9009884,0.0,0.9879884595841868,RIVL,138,0,RIVL,['BWMVR06']
6,9009068,9009065,0.0,0.9304825500159285,RIVL,138,1,RIAL,"['RIVL', 'SMDDR', 'SIAVR']"
7,9008358,9008356,0.0012341216441865601,0.22093107456682945,RIVL,138,1,IL2DL,"['RID', 'AVBL', 'RIVL']"
