,connector_id,length,dist_from_root,neuron,project,type,inputs,outputs
0,9189153,0.010270459748428825,0.13918213506861013,SAADL,138,1,SMBVL,"['PLNL', 'SAADL']"
1,9189148,0.036939077667925466,0.0,SAADL,138,1,SMBVL,['SAADL']
2,9187018,0.0,0.1617165855051533,SAADL,138,1,SDQR,"['SAADL', 'RICR', 'AVBR']"
3,9010572,0.0,0.7007476839640518,SAADL,138,0,SAADL,"['RIMR', 'AVAL', 'SMDVR']"
4,9010569,0.0,0.7454033643160413,SAADL,138,0,SAADL,"['RIML', 'RIMR', 'AVAL']"
5,9010564,0.0,0.8182405421265364,SAADL,138,0,SAADL,"['AVBR', 'RMGR', 'AVAR']"
6,9009881,0.047873161037876616,0.13918213506861013,SAADL,138,1,RIVR,['SAADL']
7,9009873,0.0,0.13768543693572338,SAADL,138,1,RIVR,"['RIAL', 'SAADL', 'SMDDL']"
8,9009872,0.0,0.1241844476405919,SAADL,138,1,RIVR,"['SAADL', 'SMDDL']"
9,9009700,0.0,0.7333190733965711,SAADL,138,1,RIMR,['SAADL']
10,9009623,0.0,0.5897391988544919,SAADL,138,1,RIML,['SAADL']
11,9009469,0.0,0.4119874011015944,SAADL,138,1,RIGL,"['RMFL', 'SAADL']"
12,9008741,0.008274725938695503,0.13918213506861013,SAADL,138,1,PLNL,"['SMBVL', 'SAADL']"
13,9008740,0.02782733447404417,0.13918213506861013,SAADL,138,1,SMBVL,['SAADL']
14,9008483,0.0,0.22831240378164622,SAADL,138,1,IL2VL,"['RIGL', 'SAADL']"
15,9003278,0.011299329561158897,0.32831876946320865,SAADL,138,1,AVKL,"['RMGL', 'RMDL', 'SAADL']"
16,8980623,0.0,0.32439902944846816,SAADL,138,1,PLNL,"['SAADL', 'RIMR']"
17,8980621,0.0,0.32439902944846816,SAADL,138,1,PLNL,"['RMGL', 'SAADL']"
18,8610250,0.022140559872063086,0.0,SAADL,138,1,SMBVL,['SAADL']
