,connector_id,length,dist_from_root,neuron,project,type,inputs,outputs
0,9189149,0.0,0.8942345450974978,SIAVL,138,1,SMBVL,"['SIAVL', 'excgl']"
1,9009683,0.01050752093598168,0.6518175502330716,SIAVL,138,1,RIMR,"['RMDR', 'SIAVL', 'SMDVR']"
2,9009646,0.0,0.04830378488653878,SIAVL,138,1,RIML,"['AVBL', 'SIAVL', 'AVBR']"
3,9009175,0.0,0.7581651830199828,SIAVL,138,1,RIAL,"['SMDDL', 'SIAVL', 'RIVR']"
4,9009172,0.0,0.7251021489704641,SIAVL,138,1,RIAL,"['SMDDL', 'SIAVL']"
5,9009159,0.0,0.6553149483559669,SIAVL,138,1,RIAL,"['SIAVL', 'RMDVR']"
6,9009154,0.02367350652974771,0.6518175502330716,SIAVL,138,1,RIAL,"['SIAVL', 'SMDVR']"
7,9008262,0.0,0.5658101226362466,SIAVL,138,1,IL1L,"['SIAVL', 'RICR']"
8,8999167,0.0,0.11283883649298208,SIAVL,138,1,ADFL,"['SMBDL', 'AWBL', 'SIAVL', 'ADAL']"
