,connector_id,length,dist_from_root,neuron,project,type,inputs,outputs
0,9189244,0.0,0.896920144395721,SIBDR,138,1,SMDDR,['SIBDR']
1,9188528,0.0,0.16346602760473272,SIBDR,138,1,SIAVR,"['SIBVR', 'SIBDR']"
2,9188454,0.0,0.36374482818275644,SIBDR,138,1,SIAVR,"['SMBDR', 'SIBDR']"
3,9010529,0.05548430519538268,0.3248707152755963,SIBDR,138,1,RMHR,"['RMDL', 'SIBDR']"
4,9008738,0.0,0.3311529370327618,SIBDR,138,1,OLQVR,"['SIBDR', 'RMDVL']"
5,9008733,0.030395328014004505,0.3248707152755963,SIBDR,138,1,OLQVR,"['RMHR', 'SIBDR']"
6,9008732,0.0569218004534882,0.3248707152755963,SIBDR,138,1,OLQVR,"['SIBDR', 'RMDVL']"
7,9008730,0.02752183970471138,0.3596176668333544,SIBDR,138,1,OLQVR,"['SIBDR', 'RMDVL']"
8,8982404,0.0,0.557810773836515,SIBDR,138,1,AQR,"['AVDR', 'PVCR', 'SIBDR']"
