,connector_id,length,dist_from_root,neuron,project,type,inputs,outputs
0,16673707,0.0,0.01234524133046668,SIBVR,138,1,ADER,"['FLPR', 'SIBVR', 'SMBDR']"
1,9188528,0.0,0.11337709091501648,SIBVR,138,1,SIAVR,"['SIBVR', 'SIBDR']"
2,9187015,0.0,0.8623135816581783,SIBVR,138,1,SDQR,"['AVBR', 'SIBVR']"
3,9010474,0.015330767051359422,0.30808626700673847,SIBVR,138,1,RMGR,"['SIADL', 'RMDL', 'SIBVR']"
4,9009351,0.020552837549028435,0.2568459302325527,SIBVR,138,1,RICL,['SIBVR']
5,9008794,0.0148536816332703,0.2568459302325527,SIBVR,138,1,PVCR,"['IL2DR', 'SIBVL', 'SIBVR']"
6,9006845,0.0,0.9245010910015119,SIBVR,138,1,FLPL,"['SIBVR', 'PVCL', 'AVBL']"
7,8999176,0.0,0.11317525434692885,SIBVR,138,1,ADFR,"['RIFR', 'ADAR', 'SIBVR']"
