,connector_id,length,dist_from_root,neuron,project,type,inputs,outputs
0,16673949,0.0,0.8342330303045044,SMBDR,138,1,ALML,"['PVR', 'CEPDL', 'SMBDR']"
1,16673876,0.021169412938455142,0.142867421478789,SMBDR,138,1,AIZR,"['SMBVR', 'SMBDR']"
2,16673707,0.0,0.017301926558640837,SMBDR,138,1,ADER,"['FLPR', 'SIBVR', 'SMBDR']"
3,16673702,0.0,0.9566489963900586,SMBDR,138,1,ALNL,"['SAAVL', 'SMBDR']"
4,9186565,0.0,0.25052832490638893,SMBDR,138,1,ADAR,"['SMBDR', 'SAADR', 'RMFR', 'AVAL']"
5,9189143,0.01796586847478509,0.696846488798532,SMBDR,138,0,SMBDR,['BWMDL03']
6,9189136,0.02636053622736979,0.696846488798532,SMBDR,138,0,SMBDR,['BWMDL03']
7,9189133,0.041014214856305006,0.696846488798532,SMBDR,138,0,SMBDR,"['BWMDL07', 'RMED']"
8,9189109,0.0,0.752962485555215,SMBDR,138,0,SMBDR,['BWMDL04']
9,9189058,0.0,0.7499361781863974,SMBDR,138,1,SIBVL,['SMBDR']
10,9188454,0.0,0.37108085197284185,SMBDR,138,1,SIAVR,"['SMBDR', 'SIBDR']"
11,9186614,0.0,0.9379629923721378,SMBDR,138,1,ALNL,"['SMBDR', 'SAAVL']"
12,9008372,0.0,0.573014204904125,SMBDR,138,1,IL2DR,"['SMBDR', 'SAAVR']"
13,9003494,0.0,0.07058425687223761,SMBDR,138,1,AWBR,"['SMBDR', 'RIAR']"
14,9003488,0.019149299206002657,0.1318708993781388,SMBDR,138,1,AWBR,"['RIAR', 'AIZR', 'SMBDR']"
15,9001336,0.0,0.06547530254382741,SMBDR,138,1,AIZR,"['RIAR', 'SMBVR', 'SMBDR']"
16,8982315,0.0,0.9266747150139674,SMBDR,138,1,ALNL,"['SAAVL', 'SMBDR']"
17,8979897,0.009411172978066746,0.696846488798532,SMBDR,138,0,SMBDR,"['BWMDL01', 'RMED']"
18,8616252,0.0,0.9379629923721378,SMBDR,138,0,SMBDR,['SAAVL']
