,connector_id,length,dist_from_root,neuron,project,type,inputs,outputs
0,16673876,0.0,0.20462364637241773,SMBVR,138,1,AIZR,"['SMBVR', 'SMBDR']"
1,8999174,0.004949787719443237,0.3493957692938791,SMBVR,138,1,ADFR,"['SMBVR', 'AWBR', 'RIAR']"
2,9189210,0.008848413170567754,0.6353294224260686,SMBVR,138,0,SMBVR,"['BWMVR02', 'BWMVR04']"
3,9189206,0.0,0.7004478948100004,SMBVR,138,0,SMBVR,"['BWMVR01', 'RMEV']"
4,9189202,0.0,0.7004478948100004,SMBVR,138,0,SMBVR,"['BWMVR03', 'RMEV', 'BWMVR05']"
5,9186569,0.0,0.8131961531824589,SMBVR,138,0,SMBVR,['SAADR']
6,9009892,0.0,0.7987430166715441,SMBVR,138,0,SMBVR,['SAADR']
7,9008757,0.0,0.9125008831738918,SMBVR,138,1,PLNR,"['SAADR', 'SMBVR']"
8,9008755,0.0,0.7601802245416442,SMBVR,138,1,PLNR,"['SMBVR', 'SAADR', 'RMDVL']"
9,9003481,0.0,0.2756286968782309,SMBVR,138,1,AWBR,"['RIAR', 'SMBVR']"
10,9001336,0.0,0.09016815123154144,SMBVR,138,1,AIZR,"['RIAR', 'SMBVR', 'SMBDR']"
11,8980614,0.0,0.7831280765592255,SMBVR,138,1,PLNR,"['SAADR', 'SMBVR']"
12,8980611,0.0,0.8327094674707761,SMBVR,138,1,PLNR,"['SMBVR', 'SAADR']"
13,8979832,0.0,0.69122033220715,SMBVR,138,0,SMBVR,"['BWMVR01', 'RMEV']"
14,8610782,0.0,0.9445395213213813,SMBVR,138,0,SMBVR,['SAADR']
15,8610248,0.0,0.9298093615028143,SMBVR,138,0,SMBVR,['SAADR']
