,connector_id,length,dist_from_root,neuron,project,type,inputs,outputs
0,9190435,0.0,0.6960209799473887,SMDVL,138,1,URYVR,['SMDVL']
1,9190181,0.008385625292503893,0.6767148658750372,SMDVL,138,1,OLLR,['SMDVL']
2,9190171,0.0,0.7280870571446545,SMDVL,138,1,RIAL,"['SMDVL', 'SMDDR']"
3,9190168,0.0,0.7161910435844651,SMDVL,138,0,SMDVL,"['SMDDR', 'RIAL']"
4,9190163,0.0,0.7386186062936643,SMDVL,138,0,SMDVL,"['BWMVR03', 'BWMVL01', 'BWMVR05', 'BWMVR01']"
5,9190156,0.0,0.8094081803717685,SMDVL,138,0,SMDVL,"['RIAR', 'RIVL', 'RMDDR', 'RIAL']"
6,9190150,0.0,0.8210175929308603,SMDVL,138,0,SMDVL,"['SMDDR', 'RIAR']"
7,9190146,0.0,0.8747683081210953,SMDVL,138,0,SMDVL,"['RMDDR', 'RIAR', 'SMDDR']"
8,9190138,0.0785650631558145,0.3415093891665802,SMDVL,138,1,SMDDR,"['BWMDL01', 'BWMDL03', 'SMDVL']"
9,9010298,0.0,0.329946798214396,SMDVL,138,1,RIAR,"['SMDVL', 'SMDDR']"
10,9010278,0.016624542929492375,0.3415093891665802,SMDVL,138,1,RIAR,['SMDVL']
11,9010275,0.016624542929492375,0.3415093891665802,SMDVL,138,1,RIAR,"['SMDDR', 'SMDVL']"
12,9010263,0.0,0.8327849474649741,SMDVL,138,1,RIAR,"['SMDVL', 'SMDDR']"
13,9010260,0.0,0.8058729360536118,SMDVL,138,1,RIAR,"['SMDDR', 'SMDVL']"
14,9010257,0.0,0.8058729360536118,SMDVL,138,1,RIAR,['SMDVL']
15,9010255,0.0,0.7838127031627375,SMDVL,138,1,RIAR,"['SMDDR', 'SMDVL']"
16,9010253,0.0,0.7699850393426692,SMDVL,138,1,RIAR,['SMDVL']
17,9010208,0.0,0.33605947726161234,SMDVL,138,1,RIAR,['SMDVL']
18,9010205,0.0,0.34000306688261817,SMDVL,138,1,RIAR,['SMDVL']
19,9009624,0.0,0.25963684293095163,SMDVL,138,1,RIML,"['SAADR', 'SMDVL']"
20,9009604,0.0,0.6812044191185135,SMDVL,138,1,RIML,"['SMDVL', 'SAAVL']"
21,9009601,0.02614753279499616,0.7425513841378892,SMDVL,138,1,RIML,"['RIBR', 'SMDVL']"
22,9009390,0.0,0.2370867029624107,SMDVL,138,1,RICR,"['SMDVL', 'SMDVR']"
23,9009354,0.0,0.4569003065266229,SMDVL,138,1,RICL,"['SMDVL', 'SMDVR']"
24,9009327,0.0,0.7340447089703919,SMDVL,138,1,RIBR,"['SMDVL', 'AVEL']"
25,9009324,0.01999184026826936,0.6767148658750372,SMDVL,138,1,RIBR,"['SMDVL', 'AVEL']"
26,9009073,0.0,0.6860616186762637,SMDVL,138,1,RIAL,"['RIAR', 'SMDVL']"
27,9009062,0.0,0.7357684711133197,SMDVL,138,1,RIAL,"['SMDDR', 'SMDVL']"
28,9008624,0.0,0.7283005803853998,SMDVL,138,1,OLLR,['SMDVL']
29,9003362,0.02640026447589234,0.3415093891665802,SMDVL,138,1,AVKR,"['RIMR', 'SMDVL']"
30,9003282,0.0,0.3350403318187508,SMDVL,138,1,AVKL,"['RIMR', 'SMDVL']"
31,8978231,0.0,0.7310372103844672,SMDVL,138,0,SMDVL,"['RIAL', 'RIAR']"
