,node_id,connector_id,length,dist_from_root,neuron,project,type,inputs,outputs
0,9190340,9190339,0.07175229857727276,0.6204376739451524,URBR,138,0,URBR,"['OLQDR', 'IL1DR', 'AIMR']"
1,8543341,9190337,0.010268944564358297,0.3337857491964057,URBR,138,0,URBR,"['ASKR', 'IL2R']"
2,8542142,9190336,0.0,0.4526074707400835,URBR,138,0,URBR,['AIMR']
3,9190334,9190333,0.0,0.8105464853739296,URBR,138,0,URBR,['RMDR']
4,8541723,9006749,0.0,0.5344694662467278,URBR,138,1,CEPVR,"['URBR', 'RMHL']"
5,9006746,9006744,0.08477012029191373,0.49267558115978033,URBR,138,1,CEPVR,"['RICL', 'URBR']"
6,8541845,9006737,0.0,0.5134957183900823,URBR,138,1,CEPVR,"['RICR', 'URBR']"
7,8602808,8602809,0.0,0.5860855790933888,URBR,138,0,URBR,"['ADER', 'RMDR']"
