,connector_id,length,dist_from_root,neuron,project,type,inputs,outputs
0,9587434,0.020538580277545418,0.6024931831029252,AINL,138,0,AINL,"['BAGL', 'RMFR']"
1,9587421,0.0016609684119934486,0.6024931831029252,AINL,138,0,AINL,"['BAGL', 'RMFR']"
2,9001267,0.009148528092215598,0.6752398487145685,AINL,138,0,AINL,"['RMFR', 'BAGL', 'RIBR']"
3,9001263,0.01994605856996252,0.5826924169897043,AINL,138,0,AINL,"['AWCL', 'ASEL']"
4,9001259,0.0031947323102695276,0.6024931831029252,AINL,138,0,AINL,"['AFDR', 'AUAR']"
5,9001255,0.0,0.22739188300052232,AINL,138,0,AINL,"['AFDL', 'AUAL']"
6,9001253,0.0,0.35516005159342035,AINL,138,0,AINL,['ASEL']
7,9001250,0.0,0.7441253426433002,AINL,138,0,AINL,"['AFDR', 'BAGL']"
