,connector_id,length,dist_from_root,neuron,project,type,inputs,outputs
0,9186614,0.0,0.22422911404457244,ALNL,138,0,ALNL,"['SMBDR', 'SAAVL']"
1,9001387,0.0,0.7956917211036588,ALNL,138,1,ALNL,"['RMHR', 'ALNL', 'SAAVL']"
2,9001387,0.11620412576879915,0.7724482770005884,ALNL,138,0,ALNL,"['RMHR', 'ALNL', 'SAAVL']"
3,8982321,0.07946344090735236,0.808377904140485,ALNL,138,1,RIGL,"['AVKL', 'ALNL']"
4,8982317,0.030201958917897204,0.808377904140485,ALNL,138,0,ALNL,"['RMGL', 'SAAVL']"
5,8982315,0.0,0.2503078196323514,ALNL,138,0,ALNL,"['SAAVL', 'SMBDR']"
