,connector_id,length,dist_from_root,neuron,project,type,inputs,outputs
0,9001625,0,0.9314774831453548,ASGL,138,1,ASIL,['ASGL']
1,9001623,0,0.9086863934140506,ASGL,138,0,ASGL,['ASIL']
2,9001614,0,0.3942483487469258,ASGL,138,0,ASGL,['AIAL']
3,8987482,0,0.5453930161292537,ASGL,138,0,ASGL,['ASIL']
4,8987477,0,0.5440520658548945,ASGL,138,1,ASIL,['ASGL']
5,8987474,0,0.5307840401009892,ASGL,138,0,ASGL,['ASIL']
6,8987473,0,0.5072579195005552,ASGL,138,1,ASIL,['ASGL']
