,connector_id,length,dist_from_root,neuron,project,type,inputs,outputs
0,9002197,0.0,0.33510896556704933,AVHL,138,1,AVHR,"['AVHL', 'AVJL']"
1,9002167,0.0,0.6329790297436869,AVHL,138,0,AVHL,"['ASHR', 'AVAR']"
2,9001640,0.03943014688220797,0.2848980967325878,AVHL,138,1,ASHL,"['AVHL', 'RIPL']"
3,8999176,0.0,0.8529829878770713,AVHL,138,1,ADFR,"['AVHL', 'ADAR', 'SIBVR']"
4,8982291,0.0,0.20915864023693667,AVHL,138,1,AVFL,"['AVHL', 'URXL']"
