,connector_id,length,dist_from_root,neuron,project,type,inputs,outputs
0,9009416,0.537323394988162,0.042939941121562644,AVM,138,1,RID,['AVM']
1,9008815,0.6174347993734371,0.042939941121562644,AVM,138,1,PVNLR,"['RID', 'AVM']"
2,9003375,0.0,0.7144576949665833,AVM,138,0,AVM,"['PVCR', 'AVBR']"
3,9003372,0.40219198169031045,0.042939941121562644,AVM,138,0,AVM,"['RIML', 'PVCL', 'AVBL']"
4,9002148,0.22898242340062658,0.042939941121562644,AVM,138,1,AVFL,"['AVDR', 'AVM', 'PVNLR']"
5,8982231,0.6174347993734371,0.042939941121562644,AVM,138,1,PVNLR,"['AVM', 'AVJR']"
6,8980675,0.6611167154812617,0.042939941121562644,AVM,138,0,AVM,"['AVBL', 'PVCL']"
