,connector_id,length,dist_from_root,neuron,project,type,inputs,outputs
0,9001356,0,0.6699600447099263,BDUL,138,1,ALML,['BDUL']
1,8987515,0,0.787736495988197,BDUL,138,1,ASHL,['BDUL']
2,8982243,0,0.6286468930227924,BDUL,138,1,ALML,['BDUL']
3,8982229,0,0.28858110409459586,BDUL,138,1,PVNLR,"['BDUL', 'RMGL']"
4,8982226,0,0.267954977726143,BDUL,138,0,BDUL,"['AVFL', 'RIPL']"
5,8982224,0,0.13020137745554036,BDUL,138,0,BDUL,['PVQL']
