,connector_id,length,dist_from_root,neuron,project,type,inputs,outputs
0,9009458,0.0,0.5779575225530532,FLPR,138,1,ADAR,"['FLPR', 'AVAL', 'AVAR']"
1,9006853,0.0,0.5967017748296378,FLPR,138,0,FLPR,"['AVAL', 'AVAR']"
2,9006849,0.0,0.6605926996224539,FLPR,138,0,FLPR,"['DVA', 'AVAL']"
3,9006755,0.10902430621029786,0.6400769839582481,FLPR,138,1,DVA,"['FLPR', 'AVER', 'AVBR']"
4,8982443,0.10902430621029786,0.6400769839582481,FLPR,138,1,AQR,"['AVAR', 'FLPR']"
