,connector_id,length,dist_from_root,neuron,project,type,inputs,outputs
0,9009002,0.0,0.515197010064465,IL1VL,138,1,PVR,"['RIPL', 'IL1VL']"
1,9008582,0.11796869261513598,0.6612261755725374,IL1VL,138,1,OLLL,"['IL1VL', 'RMDDL']"
2,9008294,0.11367258412578697,0.6612261755725374,IL1VL,138,0,IL1VL,['SMDVR']
3,9008290,0.0,0.7011954812574459,IL1VL,138,0,IL1VL,['RMDDL']
