,connector_id,length,dist_from_root,neuron,project,type,inputs,outputs
0,9189222,0.0,0.9328298197737367,RID,138,1,SMDDL,['RID']
1,9186665,0.0,0.7096638075631012,RID,138,1,SDQL,['RID']
2,9009420,0.056529799967029865,0.13894725778318034,RID,138,0,RID,['RMED']
3,9009417,0.0775282213357619,0.13894725778318034,RID,138,0,RID,['DVC']
4,9009416,0.0,0.8068778318986356,RID,138,0,RID,['AVM']
5,9009413,0.0,0.8751726599285928,RID,138,0,RID,['AVDR']
6,9008815,0.0,0.7759961873824839,RID,138,1,PVNLR,"['RID', 'AVM']"
7,9008356,0.0,0.27885779432453217,RID,138,1,IL2DL,"['RID', 'AVBL', 'RIVL']"
8,9001286,0.0,0.02720353792080096,RID,138,1,AINR,['RID']
