,connector_id,length,dist_from_root,neuron,project,type,inputs,outputs
0,9010185,0.0,0.9417443763824129,RIFR,138,0,RIFR,"['AVJL', 'AVBR']"
1,9009728,0.0,0.23903244713876334,RIFR,138,0,RIFR,"['RIMR', 'AVBR']"
2,9003423,0.0,0.13113396331764715,RIFR,138,1,AWAR,"['RIFR', 'ADAR', 'AIAR', 'ASKR']"
3,8980319,0.05134611963285964,0.15237803976801592,RIFR,138,1,AWAR,"['RIFR', 'ASER', 'AIBR']"
4,9003407,0.0,0.2961355031464815,RIFR,138,1,AWAR,"['RIFR', 'ASER', 'ADFR']"
5,9001673,0.0,0.0682512326545613,RIFR,138,1,ASHR,"['AIAR', 'BDUR', 'RIFR']"
6,8982301,0.0,0.8522284216441643,RIFR,138,1,AVFR,"['RIFR', 'RIFL']"
7,8982259,0.0,0.8555833992007318,RIFR,138,1,PVNLR,"['RIFL', 'AVJL', 'RIFR']"
8,8978248,0.0,0.9615616256889036,RIFR,138,1,ADFR,"['AWBR', 'RIFR']"
