,connector_id,length,dist_from_root,neuron,project,type,inputs,outputs
0,9190282,0.05066310600975526,0.46921117419799924,RMEL,138,1,URAVL,"['RMEL', 'RMEV']"
1,9190235,0.17292097051826424,0.0,RMEL,138,1,URADL,"['BWMDL01', 'RMEL']"
2,9190232,0.1333713197781653,0.0,RMEL,138,1,URADL,"['IL1L', 'RMEL']"
3,9010507,0.603063443640384,0.0,RMEL,138,1,RMHL,"['BWMDR02', 'BWMVR02', 'RMDVR', 'RMDDL', 'RMEL']"
4,9010313,0.6127001144123821,0.0,RMEL,138,0,RMEL,"['BWMDR02', 'BWMVR02']"
5,9010302,0.0,0.7304309933424571,RMEL,138,0,RMEL,"['BWMDR02', 'BWMVR02']"
6,8999146,0.6638074098868535,0.0,RMEL,138,1,ADER,"['RMDR', 'RMEL']"
7,8979607,0.0,0.19628173226343498,RMEL,138,1,AVL,"['RIS', 'RMEL']"
8,8715656,0.0,0.06758156606772123,RMEL,138,1,IL2L,['RMEL']
