,connector_id,length,dist_from_root,neuron,project,type,inputs,outputs
0,9190308,0.0,0.9812033178617544,URAVL,138,1,URBL,['URAVL']
1,9190291,0.08199088334037193,0.7077712537527407,URAVL,138,0,URAVL,['RMDDL']
2,9190288,0.0,0.7176632422317375,URAVL,138,0,URAVL,"['URYVL', 'RMEV']"
3,9190282,0.0,0.7425747656074178,URAVL,138,0,URAVL,"['RMEL', 'RMEV']"
4,9190274,0.0,0.7607468915962866,URAVL,138,0,URAVL,"['BWMVL01', 'BWMVL02', 'RMDDL', 'RIPL']"
5,9190271,0.0,0.8494399041953595,URAVL,138,0,URAVL,"['BWMVL02', 'RMDDL', 'RMEV']"
