,connector_id,length,dist_from_root,neuron,project,type,inputs,outputs
0,9587410,0.0,0.2865563548916919,URYVL,138,1,BAGR,"['RIAL', 'URYVL']"
1,9190420,0.0,0.833133177369892,URYVL,138,0,URYVL,"['RIBL', 'AVER', 'SMDVR']"
2,9190417,0.0,0.8316227720144976,URYVL,138,0,URYVL,"['RMDDL', 'AVER']"
3,9190414,0.0,0.818543340627599,URYVL,138,0,URYVL,['RIH']
4,9190288,0.018488245817142257,0.8542777425551915,URYVL,138,1,URAVL,"['URYVL', 'RMEV']"
5,9006818,0.0,0.23332405337128984,URYVL,138,1,RIGL,"['OLQVL', 'URYVL']"
6,8980141,0.0,0.2199738165603625,URYVL,138,1,DVC,"['RIGL', 'URYVL']"
