,connector_id,length,dist_from_root,neuron,project,type,inputs,outputs
0,7182510,0.0,0.688696774345162,ADAR,124,1,URXR,"['RICR', 'ADAR']"
1,7125477,0.0,0.4615238239192142,ADAR,124,1,RICL,"['ADAR', 'SMDDR', 'AVAL']"
2,7125353,0.0,0.17973216809368261,ADAR,124,1,PVPR,"['ADAR', 'AVAL']"
3,7050093,0.05333108118450844,0.6442972823086789,ADAR,124,1,ADLR,"['AIAR', 'ADAR', 'AIBR']"
4,7033560,0.0,0.2428914471402456,ADAR,124,0,ADAR,"['AIBL', 'RIMR', 'AVBL']"
5,7027663,0.0,0.6645055156007811,ADAR,124,0,ADAR,"['AVBR', 'AVDL']"
6,7013716,0.0,0.480833133660907,ADAR,124,0,ADAR,"['RICL', 'AVAL']"
