,connector_id,length,dist_from_root,neuron,project,type,inputs,outputs
0,7125141,0.057633361070142344,0.5401259614677444,ADEL,124,1,DVC,"['ADEL', 'AVAR']"
1,7125120,0.024047072493216515,0.5401259614677444,ADEL,124,1,FLPL,"['ADEL', 'AVAL']"
2,7049059,0.0,0.06760819840199138,ADEL,124,0,ADEL,"['ADAL', 'AVAR']"
3,7049057,0.033333989453069125,0.5401259614677444,ADEL,124,0,ADEL,"['FLPR', 'AVDR', 'AVAR']"
