,connector_id,length,dist_from_root,neuron,project,type,inputs,outputs
0,7124871,0.09669593048335044,0.1488928253199874,ADLL,124,1,AWAL,"['AWBL', 'ADLL']"
1,7124869,0.0,0.13504098453192157,ADLL,124,1,AWAL,"['ADLL', 'PVQL']"
2,7050085,0.0,0.18644340532957773,ADLL,124,0,ADLL,"['AIBL', 'AWCL', 'ASKL']"
3,7050062,0.0,0.8687636094491675,ADLL,124,0,ADLL,['ASKL']
4,7050060,0.0,0.1306183089316518,ADLL,124,0,ADLL,"['AWCL', 'AIAL', 'ASKL']"
5,7050059,0.0,0.4517315726638724,ADLL,124,0,ADLL,"['AIBL', 'ASKL']"
6,7050052,0.0,0.04069685448676973,ADLL,124,0,ADLL,"['PVQL', 'ASKL']"
