,connector_id,length,dist_from_root,neuron,project,type,inputs,outputs
0,7124971,0.0,0.39736564066250013,ADLR,124,1,AWCR,"['ADLR', 'AIAR']"
1,7124881,0.0,0.3923573274530694,ADLR,124,1,AWAR,"['ADLR', 'ASKR', 'ASER']"
2,7124823,0.41444593589071427,0.2769333400470023,ADLR,124,1,AVHL,['ADLR']
3,7050094,0.0,0.9212066074406218,ADLR,124,0,ADLR,['ASKR']
4,7050093,0.16957471612309025,0.2769333400470023,ADLR,124,0,ADLR,"['AIAR', 'ADAR', 'AIBR']"
5,7050092,0.0,0.3436209751977647,ADLR,124,0,ADLR,"['AIAR', 'AWCR']"
6,7050088,0.0,0.2356782791695493,ADLR,124,0,ADLR,"['CEPshVR', 'AIAR']"
7,7050087,0.0,0.3436209751977647,ADLR,124,0,ADLR,"['ASER', 'AIBR', 'ASKR']"
8,7050086,0.0,0.32663339428818927,ADLR,124,0,ADLR,"['ASKR', 'AIBR']"
