,connector_id,length,dist_from_root,neuron,project,type,inputs,outputs
0,7211941,0.011809996787383524,0.5728623442460956,AINL,124,0,AINL,"['BAGL', 'RIBR']"
1,7050393,0.005352986786745299,0.9465768663749602,AINL,124,0,AINL,['CEPshVL']
2,7050390,0.0,0.577663671239552,AINL,124,0,AINL,"['AFDR', 'AUAR']"
3,7050389,0.00677688436190324,0.5728623442460956,AINL,124,0,AINL,"['BAGL', 'CEPshVR']"
4,7050388,0.0,0.33744874204376607,AINL,124,0,AINL,['CEPshDR']
