,connector_id,length,dist_from_root,neuron,project,type,inputs,outputs
0,7125500,0,0.5192573342586497,ASHL,124,1,RIFL,"['ASHL', 'AVBL']"
1,7125499,0,0.3209522091239592,ASHL,124,1,RIFL,"['ASHL', 'AVBL']"
2,7125496,0,0.9094427756833707,ASHL,124,1,RIFL,"['PVQR', 'ASHL']"
3,7051238,0,0.5608304292173428,ASHL,124,0,ASHL,"['ADAL', 'AVBL']"
4,7182391,0,0.3174141100827615,ASHL,124,0,ASHL,"['SMBVL', 'SMBDL']"
5,7182389,0,0.3377576073504566,ASHL,124,0,ASHL,"['AIBL', 'AIAL']"
6,7182388,0,0.8051425391331184,ASHL,124,0,ASHL,"['ADAL', 'AVDL']"
7,7182387,0,0.48354547463611536,ASHL,124,0,ASHL,['AIAL']
