,connector_id,length,dist_from_root,neuron,project,type,inputs,outputs
0,7182542,0.0,0.6291228207221504,AVEL,124,1,URYVR,"['RMDDR', 'AVEL']"
1,7182538,0.0,0.6801455349755299,AVEL,124,1,URYVR,"['AVEL', 'SMDVL', 'RIBR']"
2,7182529,0.0,0.47037136397084467,AVEL,124,1,URYDR,"['SMDDL', 'AVEL', 'RIBR']"
3,7182527,0.0,0.4560898982122375,AVEL,124,1,URYDR,['AVEL']
4,7182526,0.0,0.4560898982122375,AVEL,124,1,URYDR,['AVEL']
5,7182524,0.0,0.4560898982122375,AVEL,124,1,URYDR,"['AVEL', 'SMDDL']"
6,7125525,0.03874806350400065,0.7344404967503014,AVEL,124,1,RIGR,"['URYVR', 'AVEL', 'RIR']"
7,7125497,0.0,0.05464498906730583,AVEL,124,1,RIFL,"['CEPshVL', 'AVEL']"
8,7125469,0.0,0.2110059056690935,AVEL,124,1,RIBL,"['AIBR', 'AVEL', 'AVDR']"
9,7125301,0.0,0.689364838628101,AVEL,124,1,OLLR,"['SMDVL', 'AVEL', 'RIBR']"
10,7125297,0.0,0.45857184524265604,AVEL,124,1,OLLR,['AVEL']
11,7125296,0.0,0.5176111509644868,AVEL,124,1,OLLR,"['RIBR', 'AVEL']"
12,7125093,0.0,0.23059127559979772,AVEL,124,1,DVA,"['AVEL', 'AUAL']"
13,7125084,0.025069449489882267,0.7344404967503014,AVEL,124,1,DVA,"['AIZR', 'AVEL', 'RIR']"
14,7125068,0.0,0.6066552946328252,AVEL,124,1,CEPVR,"['OLLR', 'OLQVR', 'AVEL']"
15,7125066,0.0,0.6150052994372254,AVEL,124,1,CEPVR,"['OLLR', 'AVEL']"
16,7125061,0.0,0.6861233979633947,AVEL,124,1,CEPVR,"['OLLR', 'AVEL']"
17,7125018,0.0,0.28597770356331226,AVEL,124,1,BAGR,"['RIBL', 'AVEL']"
18,7125010,0.0,0.3003955743310985,AVEL,124,1,BAGR,['AVEL']
19,7124852,0.0,0.35848920023084707,AVEL,124,1,AVKR,"['RIML', 'AVEL']"
20,7124841,0.0,0.3758057058687125,AVEL,124,1,AVKL,"['RIML', 'AVEL']"
21,7124815,0.0,0.24354648897094291,AVEL,124,1,AUAL,"['AVEL', 'RIBL']"
22,7050849,0.0,0.04289507941308069,AVEL,124,1,ALA,"['IL1L', 'AVEL']"
23,7050459,0.0,0.7727576133292693,AVEL,124,1,AIZR,"['AIBL', 'RIMR', 'AVEL']"
24,7050455,0.0,0.7469520502096069,AVEL,124,1,AIZR,"['AIBL', 'AVEL']"
25,7050231,0.0,0.8740824327485092,AVEL,124,1,AIBL,"['AVBL', 'RIMR', 'AVEL']"
26,7050198,0.0,0.23059127559979772,AVEL,124,1,AIBR,"['AVEL', 'RIBL']"
27,7125623,0.0,0.41004518801892886,AVEL,124,1,RIS,"['RIBR', 'SMDDL', 'AVEL']"
28,7125617,0.0,0.6125877753360178,AVEL,124,1,RIS,"['CEPVR', 'AVEL', 'RIBR']"
