,connector_id,length,dist_from_root,neuron,project,type,inputs,outputs
0,7125507,0.01973492888380647,0.2844473502251738,AVJL,124,1,RIFR,"['AVJL', 'AVBR', 'ASHR']"
1,7125501,0.0,0.7778394273130125,AVJL,124,1,RIFR,"['AVBR', 'AVJL']"
2,7125376,0.0,0.6173539284830989,AVJL,124,1,PVR,"['AVBR', 'AVJL']"
3,7125374,0.0,0.20486024963970254,AVJL,124,1,PVR,"['AVBL', 'AVJL']"
4,7125358,0.0,0.4553231774902302,AVJL,124,1,PVPR,"['AVJL', 'AVBR']"
5,7125025,0.06862605002333297,0.08874786159670316,AVJL,124,1,BDUL,"['RIFL', 'AVJL']"
6,7124830,0.0,0.46845515540416643,AVJL,124,0,AVJL,"['AVDL', 'AVBR']"
