,connector_id,length,dist_from_root,neuron,project,type,inputs,outputs
0,7211941,0.007055157333748475,0.7752893957789775,BAGL,124,1,AINL,"['BAGL', 'RIBR']"
1,7125534,0.01673318299606078,0.46481168066611617,BAGL,124,1,RIGR,"['AIZR', 'BAGL']"
2,7125524,0.01049411610725304,0.7825202798634181,BAGL,124,1,RIGR,"['BAGL', 'RIBR', 'OLQVR']"
3,7125474,0.0,0.8807414777527758,BAGL,124,1,RIBR,"['RIAR', 'BAGL']"
4,7125471,0.012681835503767775,0.7157227767377489,BAGL,124,1,RIBR,"['CEPshVR', 'BAGL', 'RIAR', 'AVAR']"
5,7124991,0.0,0.7752893957789775,BAGL,124,0,BAGL,"['RIAR', 'RIBR']"
6,7124987,0.0,0.9298236812924584,BAGL,124,0,BAGL,"['RIAR', 'RIBR']"
7,7050429,0.0,0.6841966677053114,BAGL,124,1,AIYR,"['AIZR', 'BAGL', 'RIBR']"
8,7050389,0.030023441040068002,0.7752893957789775,BAGL,124,1,AINL,"['BAGL', 'CEPshVR']"
