,connector_id,length,dist_from_root,neuron,project,type,inputs,outputs
0,7125341,0.0,0.12364035740423983,BDUR,124,1,PVCR,"['BDUR', 'AVBL']"
1,7125027,0.0,0.6104418035796764,BDUR,124,0,BDUR,['ALMR']
2,7125022,0.02574967893152804,0.9304820673926806,BDUR,124,1,BDUL,"['GLRDR', 'BDUR']"
3,7050954,0.0,0.8034778941784996,BDUR,124,1,ALMR,['BDUR']
