,connector_id,length,dist_from_root,neuron,project,type,inputs,outputs
0,7125491,0.0,0.9737289790813534,CEPVR,124,1,RICR,"['BWMVR04', 'CEPVR']"
1,7125382,0.06431519756018433,0.5689535970419802,CEPVR,124,1,PVR,"['RIPR', 'IL1VR', 'CEPVR', 'URYVR']"
2,7125070,0.0,0.9645752569511501,CEPVR,124,0,CEPVR,"['RICR', 'RICL']"
3,7125068,0.0,0.8346029140696936,CEPVR,124,0,CEPVR,"['OLLR', 'OLQVR', 'AVEL']"
4,7125066,0.0,0.8231763477255694,CEPVR,124,0,CEPVR,"['OLLR', 'AVEL']"
5,7125061,0.0,0.699318305661959,CEPVR,124,0,CEPVR,"['OLLR', 'AVEL']"
6,7125059,0.06431519756018433,0.5689535970419802,CEPVR,124,0,CEPVR,"['URYVR', 'RICL', 'RICR']"
7,7125617,0.0,0.8280944744467473,CEPVR,124,1,RIS,"['CEPVR', 'AVEL', 'RIBR']"
