,connector_id,length,dist_from_root,neuron,project,type,inputs,outputs
0,7182499,0,0.6371951770591742,IL1R,124,1,URBR,"['IL2R', 'URXR', 'IL1R']"
1,7125674,0,0.7048964482832705,IL1R,124,1,RMDL,"['BWMVR02', 'IL1R', 'RMDR']"
2,7125215,0,0.9223064452098194,IL1R,124,0,IL1R,"['BWMDR02', 'RMEL', 'RMDVR']"
3,7125210,0,0.8359081607756518,IL1R,124,0,IL1R,"['RMDVL', 'RMEL', 'BWMVR02', 'RMDDR']"
4,7125207,0,0.8579188658301297,IL1R,124,0,IL1R,"['RMEL', 'BWMDR02', 'RMDVR']"
5,7125198,0,0.981078300136471,IL1R,124,1,IL1DR,"['RMDVR', 'RIPR', 'BWMDR02', 'IL1R']"
6,7125673,0,0.7330202162235524,IL1R,124,1,RMDL,"['IL2R', 'IL1R', 'RMDR']"
7,7125815,0,0.8177837926380265,IL1R,124,1,RMGR,"['RMDDR', 'IL1R']"
