,connector_id,length,dist_from_root,neuron,project,type,inputs,outputs
0,7125531,0,0.8932058117339265,PVT,124,1,RIGR,"['RIBR', 'PVT']"
1,7125390,0,0.20857157582655111,PVT,124,0,PVT,"['AIBL', 'RIGR']"
2,7125387,0,0.3917990218074121,PVT,124,0,PVT,['AVKR']
3,7125386,0,0.17947419110057564,PVT,124,0,PVT,"['RIGL', 'RIGR']"
4,7125384,0,0.41780741588489007,PVT,124,0,PVT,"['AVKR', 'AVKL']"
