,connector_id,length,dist_from_root,neuron,project,type,inputs,outputs
0,7125500,0,0.6190911316486676,RIFL,124,0,RIFL,"['ASHL', 'AVBL']"
1,7125499,0,0.3943726116806674,RIFL,124,0,RIFL,"['ASHL', 'AVBL']"
2,7125497,0,0.6450436658107225,RIFL,124,0,RIFL,"['CEPshVL', 'AVEL']"
3,7125496,0,0.9317687623840818,RIFL,124,0,RIFL,"['PVQR', 'ASHL']"
4,7125494,0,0.25741025586571603,RIFL,124,0,RIFL,"['AVBL', 'AVJR']"
5,7125025,0,0.6609264861675351,RIFL,124,1,BDUL,"['RIFL', 'AVJL']"
6,7124825,0,0.07581287253892907,RIFL,124,1,AVHR,"['DVA', 'BDUL', 'RIFL']"
7,7050127,0,0.37219933770728914,RIFL,124,1,AIAL,"['AIBL', 'ASKL', 'RIFL']"
