,connector_id,length,dist_from_root,neuron,project,type,inputs,outputs
0,7182398,0.0,0.5052463517038583,SAAVR,124,0,SAAVR,['AVAR']
1,7125584,0.0,0.5233588239977789,SAAVR,124,1,RIMR,"['SMDVR', 'SAAVR']"
2,7182406,0.035118062223375136,0.0,SAAVR,124,1,SMBDL,['SAAVR']
3,7182397,0.0,0.657019358457721,SAAVR,124,0,SAAVR,"['AVAR', 'SMDDL']"
4,7182405,0.024462888741079488,0.0,SAAVR,124,1,SMBDL,['SAAVR']
5,7182394,0.0,0.6288590901187436,SAAVR,124,0,SAAVR,"['RIML', 'AVAR']"
6,7182399,0.0,0.5233588239977789,SAAVR,124,0,SAAVR,['RIML']
