,connector_id,length,dist_from_root,neuron,project,type,inputs,outputs
0,7182391,0.0,0.21887803177957943,SMBVL,124,1,ASHL,"['SMBVL', 'SMBDL']"
1,7050446,0.0,0.18745566376526743,SMBVL,124,1,AIZL,"['SMBDL', 'SMBVL']"
2,7182422,0.0,0.8236600700147528,SMBVL,124,0,SMBVL,"['SAADL', 'RMDVR']"
3,7182417,0.006959091347457162,0.6070125465986448,SMBVL,124,0,SMBVL,"['BWMVL02', 'BWMVL04', 'GLRL']"
4,7182421,0.0,0.9029762880659893,SMBVL,124,0,SMBVL,"['SAADL', 'RMDVR']"
5,7182419,0.0,0.9518360575753305,SMBVL,124,0,SMBVL,['SAADL']
6,7182423,0.0,0.6712142412224639,SMBVL,124,0,SMBVL,"['BWMVL03', 'BWMVL01', 'RMEV']"
7,7182418,0.0,0.9300784603427982,SMBVL,124,0,SMBVL,['SAADL']
8,7182424,0.0013864790902209632,0.5999106228514774,SMBVL,124,0,SMBVL,"['GLRL', 'BWMVL02', 'BWMVL04']"
