,connector_id,length,dist_from_root,neuron,project,type,inputs,outputs
0,7182529,0.03122458647088606,0.7274970032301116,SMDDL,124,1,URYDR,"['SMDDL', 'AVEL', 'RIBR']"
1,7182528,0.05404048419201559,0.7274970032301116,SMDDL,124,1,URYDR,"['RIBR', 'SMDDL']"
2,7182524,0.05404048419201559,0.7274970032301116,SMDDL,124,1,URYDR,"['AVEL', 'SMDDL']"
3,7182468,0.043121211450487106,0.3264599342180526,SMDDL,124,1,SMDVR,"['SMDDL', 'BWMVL03', 'BWMVL01']"
4,7182436,0.0017604768997911168,0.7274970032301116,SMDDL,124,0,SMDDL,"['RIAR', 'RIAL']"
5,7182435,0.023467616033853125,0.7274970032301116,SMDDL,124,0,SMDDL,"['BWMDL01', 'SMDVR', 'BWMDR01', 'BWMDR03']"
6,7125586,0.0,0.3264599342180526,SMDDL,124,1,RIMR,"['RIBL', 'SMDDL', 'SMDVR', 'RIS']"
7,7125578,0.0,0.6515193171679442,SMDDL,124,1,RIMR,"['SAADR', 'SMDVR', 'SMDDL']"
8,7125573,0.0,0.2869992275547487,SMDDL,124,1,RIML,"['AIBR', 'SMDDL']"
9,7125571,0.0,0.6796237127394623,SMDDL,124,1,RIML,"['SMDDL', 'SMDDR']"
10,7125565,0.0,0.8026724990793477,SMDDL,124,1,RIML,"['BWMDR04', 'RMDR', 'SMDDL']"
11,7125484,0.0,0.292474938731693,SMDDL,124,1,RICR,"['SMDDL', 'AVAR']"
12,7125482,0.0,0.39102204172418087,SMDDL,124,1,RICL,"['AVAR', 'SMDDL']"
13,7125454,0.0,0.35152115365689474,SMDDL,124,1,RIAR,"['SMDVR', 'SMDDL']"
14,7125452,0.0,0.3249735233993081,SMDDL,124,1,RIAR,"['SMDDL', 'RICR']"
15,7125399,0.0,0.7597900774757185,SMDDL,124,1,RIAL,"['SMDVR', 'SMDDL']"
16,7125393,0.0,0.3143441969872719,SMDDL,124,1,RIAL,"['SMDDL', 'SMDVR']"
17,7125391,0.0,0.693711413923315,SMDDL,124,1,RIAL,"['SMDVL', 'SMDDR', 'SMDDL']"
18,7125298,0.03737164493041434,0.7274970032301116,SMDDL,124,1,OLLR,"['CEPDR', 'SMDDL']"
19,7125044,0.03737164493041434,0.7274970032301116,SMDDL,124,1,CEPDR,"['OLLR', 'SMDDL']"
20,7050239,0.0,0.3050139095127022,SMDDL,124,1,AIBR,"['SMDDL', 'RIML']"
21,7050200,0.0,0.22623753953302375,SMDDL,124,1,AIBR,"['AVER', 'RIML', 'SMDDL']"
22,7125635,0.0,0.2434186831090512,SMDDL,124,1,RIVR,"['RIAL', 'SMDDL']"
23,7182397,0.0,0.2897704201203845,SMDDL,124,1,SAAVR,"['AVAR', 'SMDDL']"
24,7125690,0.061305473709267415,0.3264599342180526,SMDDL,124,1,RMED,"['BWMVL01', 'SMDDL']"
25,7125623,0.02981824040456783,0.7274970032301116,SMDDL,124,1,RIS,"['RIBR', 'SMDDL', 'AVEL']"
26,7182433,0.004926410420021102,0.7274970032301116,SMDDL,124,0,SMDDL,"['RIAR', 'RMDR', 'RIAL']"
27,7125619,0.03737164493041434,0.7274970032301116,SMDDL,124,1,RIS,"['SMDDL', 'RIBR']"
28,7182434,0.0,0.766616862052105,SMDDL,124,0,SMDDL,"['RIAL', 'SMDVR']"
