,connector_id,length,dist_from_root,neuron,project,type,inputs,outputs
0,7182537,0.007445223379926338,0.5895904633170939,SMDVR,124,1,URYVL,"['RIBL', 'SMDVR', 'AVER']"
1,7182536,0.0,0.603968886603932,SMDVR,124,1,URYVL,"['SMDVR', 'AVER']"
2,7182469,0.0,0.6080376611850755,SMDVR,124,0,SMDVR,"['RIAL', 'CEPVL']"
3,7182467,0.0,0.6365894385326535,SMDVR,124,0,SMDVR,"['RIAR', 'RIAL']"
4,7182465,0.0,0.6523727554878751,SMDVR,124,0,SMDVR,"['RIAR', 'RIAL']"
5,7125586,0.0,0.6948256254585439,SMDVR,124,1,RIMR,"['RIBL', 'SMDDL', 'SMDVR', 'RIS']"
6,7125584,0.0,0.560551895943339,SMDVR,124,1,RIMR,"['SMDVR', 'SAAVR']"
7,7125581,0.015577699264083422,0.5895904633170939,SMDVR,124,1,RIMR,"['SMDVR', 'RMDL']"
8,7125578,0.0,0.33542634668495297,SMDVR,124,1,RIMR,"['SAADR', 'SMDVR', 'SMDDL']"
9,7125572,0.0,0.3647825343978709,SMDVR,124,1,RIML,"['SMDVR', 'AVAR']"
10,7125454,0.0,0.6608789487203586,SMDVR,124,1,RIAR,"['SMDVR', 'SMDDL']"
11,7125399,0.0,0.22728459761779113,SMDVR,124,1,RIAL,"['SMDVR', 'SMDDL']"
12,7125394,0.0,0.7150381932259772,SMDVR,124,1,RIAL,"['SMDVR', 'RMDDL']"
13,7125393,0.0,0.706968610060176,SMDVR,124,1,RIAL,"['SMDDL', 'SMDVR']"
14,7125278,0.0,0.6192197835764167,SMDVR,124,1,OLLL,"['AVER', 'SMDVR', 'CEPVL']"
15,7125265,0.017455658247500755,0.5895904633170939,SMDVR,124,1,OLLL,"['AVER', 'SMDVR', 'CEPVL']"
16,7125056,0.0,0.6080376611850755,SMDVR,124,1,CEPVL,"['SMDVR', 'OLLL', 'AVER']"
17,7125054,0.0,0.6277446816514971,SMDVR,124,1,CEPVL,"['OLLL', 'SMDVR']"
18,7050223,0.0,0.17122722021645134,SMDVR,124,1,AIBL,"['RIMR', 'SMDVR']"
19,7182468,0.0,0.6608789487203586,SMDVR,124,0,SMDVR,"['SMDDL', 'BWMVL03', 'BWMVL01']"
20,7182435,0.020796372530812304,0.2774781630920706,SMDVR,124,1,SMDDL,"['BWMDL01', 'SMDVR', 'BWMDR01', 'BWMDR03']"
21,7182434,0.0,0.20818309757491754,SMDVR,124,1,SMDDL,"['RIAL', 'SMDVR']"
22,7125770,0.03422370294767909,0.2774781630920706,SMDVR,124,1,RMEV,"['RMDDL', 'BWMDL01', 'SMDVR']"
