,connector_id,length,dist_from_root,neuron,project,type,inputs,outputs
0,7183812,0.0,0.6734784960356386,ASIL,125,1,AWCR,"['ASIL', 'AIAL', 'AIZL']"
1,7183460,0.006389232156974178,0.3600052539146925,ASIL,125,0,ASIL,"['AWCL', 'BAGR']"
2,7183459,0.0034443138875170417,0.3600052539146925,ASIL,125,0,ASIL,"['CEPshVL', 'AWCR']"
3,7183458,0.0,0.2647159017675618,ASIL,125,0,ASIL,"['AWCL', 'AFDL', 'AWCR']"
4,7183457,0.0,0.08427488353180498,ASIL,125,0,ASIL,"['AIBL', 'AIAL', 'ASKL']"
5,7183455,0.0,0.47998490776718145,ASIL,125,0,ASIL,"['AWCR', 'CEPshVL']"
6,7183446,0.0,0.48887654269474123,ASIL,125,0,ASIL,"['AIAL', 'ASGL']"
7,7183445,0.0,0.6257688117670865,ASIL,125,0,ASIL,"['AWCR', 'CEPshVL']"
8,7183440,0.008843591961254801,0.9362288825552333,ASIL,125,0,ASIL,"['AWCR', 'AIAL', 'AWCL']"
