,connector_id,length,dist_from_root,neuron,project,type,inputs,outputs
0,15137576,0.0,0.711560616654392,SIADR,125,1,RIAR,"['SMDVL', 'SIADR']"
1,7184693,0.0,0.6558473856288516,SIADR,125,1,RIAR,"['SIADR', 'RIAL', 'SMDVL']"
2,7185514,0.006261356398052994,0.704336149641006,SIADR,125,1,SMDDR,"['RMDL', 'SIADR', 'RIAR']"
3,7184696,0.0,0.704336149641006,SIADR,125,1,RIAR,"['SMDVL', 'SIADR']"
4,7184692,0.005735272400047932,0.6882792416538301,SIADR,125,1,RIAR,"['SIADR', 'RMDDR']"
5,7184646,0.0,0.6745495558385173,SIADR,125,1,RIAR,"['SMDVL', 'SIADR']"
6,7183897,0.0,0.7807181879321377,SIADR,125,1,CEPDL,"['RMDDL', 'RICR', 'SIADR']"
7,7182959,0.0033414206046759845,0.39661164000452764,SIADR,125,1,AIBL,"['RIMR', 'RIBR', 'SIADR', 'AVBL']"
