,connector_id,length,dist_from_root,neuron,project,type,inputs,outputs
0,7185698,0.0,0.7539590473799613,SIBVR,125,1,URYVL,"['AVBR', 'SIBVR']"
1,7185443,0.011783331203793403,0.5362880231139744,SIBVR,125,1,SMBDL,"['SIBVR', 'AVAL', 'SAAVR']"
2,7185424,0.0,0.822021517075028,SIBVR,125,1,SDQR,"['AVBR', 'SIBVR']"
3,7185416,0.0,0.7971284330466603,SIBVR,125,1,SDQL,"['AVAR', 'SIBVR']"
4,7185414,0.0,0.7916367905737475,SIBVR,125,1,SDQL,"['AVAR', 'SIBVR']"
5,7185339,0.009004920484204907,0.34048943993288827,SIBVR,125,1,RMGR,"['SMBVR', 'RMDL', 'SIBVR']"
6,7184393,0.003186904198572386,0.46203686157222384,SIBVR,125,1,PVCR,"['AVDR', 'AVBL', 'SIBVR']"
7,7184345,0.11057063299116905,0.34048943993288827,SIBVR,125,1,OLQDR,"['RMDDL', 'SIBVR']"
8,7184344,0.11221600621345006,0.34048943993288827,SIBVR,125,1,OLQDR,"['SIBVR', 'RMDDL']"
