,connector_id,length,dist_from_root,neuron,project,type,inputs,outputs
0,9656684,0.008844960622785475,0.5951455573781423,SMBDR,125,0,SMBDR,['SAAVL']
1,7185459,0.0,0.9926533417683439,SMBDR,125,0,SMBDR,['SAAVL']
2,7185456,0.02806407508069115,0.6872403027248486,SMBDR,125,0,SMBDR,"['BWMDL07', 'BWMDL05', 'RMED']"
3,7185455,0.02563446600562079,0.6872403027248486,SMBDR,125,0,SMBDR,"['BWMDL05', 'BWMDL03', 'RMED']"
4,7185454,0.0,0.6734740138839654,SMBDR,125,0,SMBDR,"['BWMDL03', 'BWMDL05']"
5,7185453,0.007472647358493311,0.6872403027248486,SMBDR,125,0,SMBDR,"['RMED', 'BWMDL01']"
6,7185452,0.0,0.7386112507295199,SMBDR,125,0,SMBDR,"['GLRL', 'BWMDL02', 'BWMDL04']"
7,7185451,0.0,0.926168764728831,SMBDR,125,0,SMBDR,['SAAVL']
8,7185450,0.0,0.9356788522127483,SMBDR,125,0,SMBDR,['SAAVL']
9,7185447,0.0016280777449165635,0.7333131291665018,SMBDR,125,0,SMBDR,"['GLRL', 'BWMDL02', 'BWMDL04']"
10,7185446,0.011726475909749678,0.6872403027248486,SMBDR,125,0,SMBDR,"['RMED', 'BWMDL01', 'BWMDL03']"
11,7185445,0.014686829794510881,0.6872403027248486,SMBDR,125,0,SMBDR,"['BWMDL01', 'BWMDL05', 'BWMDL03', 'RMED']"
12,7185152,0.02047164305368329,0.6872403027248486,SMBDR,125,1,RMDDR,"['BWMDL07', 'BWMDL05', 'SMBDR']"
13,7184338,0.011688919107081835,0.7333131291665018,SMBDR,125,1,OLQDL,"['SIBVL', 'SMBDR', 'RMDDR']"
14,7183271,0.0,0.9126037963088793,SMBDR,125,0,SMBDR,['SAAVL']
15,7183268,0.0,0.9830829734631658,SMBDR,125,1,ALNL,"['SAAVL', 'SMBDR']"
16,7183267,0.0,0.9732629926285302,SMBDR,125,1,ALNL,"['SAAVL', 'SMBDR']"
17,7183266,0.0,0.9048063550915785,SMBDR,125,1,ALNL,"['SMBDR', 'SAAVL']"
18,7183191,0.0,0.11840328860109581,SMBDR,125,1,AIZR,"['RIAR', 'SMBVR', 'SMBDR']"
19,7183179,0.0,0.2091508074445052,SMBDR,125,1,AIZR,"['SMBDR', 'SMBVR']"
20,7183178,0.0,0.1935442133247581,SMBDR,125,1,AIZR,"['SMBDR', 'SMBVR', 'RIAR']"
21,7183177,0.058420020553205235,0.12537047573416793,SMBDR,125,1,AIZR,"['SMBDR', 'RIAR']"
22,7183176,0.053187137766718254,0.12537047573416793,SMBDR,125,1,AIZR,"['RIAR', 'SMBVR', 'SMBDR']"
23,7183175,0.03428743710321968,0.12537047573416793,SMBDR,125,1,AIZR,"['RIAR', 'SMBDR', 'SMBVR']"
24,7183174,0.0,0.13173867489461444,SMBDR,125,1,AIZR,"['SMBVR', 'SMBDR', 'RIAR']"
25,7183173,0.004370567402996946,0.12537047573416793,SMBDR,125,1,AIZR,"['RIAR', 'SMBDR', 'SMBVR']"
