,node_id,connector_id,length,dist_from_root,neuron,project,type,inputs,outputs
0,9188634,9597715,0,0.16877672913906894,AFDR,156,0,AFDR,['AIYR']
1,9597713,9597712,0,0.2601790899697556,AFDR,156,0,AFDR,['AWAR']
2,9597710,9597709,0,0.28497560648695885,AFDR,156,0,AFDR,['AWCL']
3,9597707,9597706,0,0.29981121605659766,AFDR,156,0,AFDR,['AIYR']
4,9597705,9597704,0,0.4142553669966738,AFDR,156,0,AFDR,['AIYR']
5,9597693,9597692,0,0.8092504792296136,AFDR,156,0,AFDR,['AIYR']
