,node_id,connector_id,length,dist_from_root,neuron,project,type,inputs,outputs
0,9599986,9599985,0.0014700531739664467,0.24767304088206182,AINL,156,1,RID,['AINL']
1,9597949,9597948,0.004596730877163154,0.5667036037930876,AINL,156,0,AINL,"['ASEL', 'RMFR']"
2,9597941,9597940,0.009071171706768431,0.5738816045362545,AINL,156,0,AINL,['AUAR']
3,9597936,9597935,0.0,0.642692691318122,AINL,156,0,AINL,"['AUAR', 'ASEL']"
4,9597932,9597931,0.0,0.5709391536949716,AINL,156,0,AINL,"['RMFR', 'BAGL']"
5,9597925,9597927,0.0,0.3221379257305388,AINL,156,0,AINL,['ASEL']
