,connector_id,length,dist_from_root,neuron,project,type,inputs,outputs
0,9600039,0.0,0.21045511814982484,AIZR,156,1,RIH,"['AIZR', 'RIAR']"
1,9600036,0.0,0.24360567740629313,AIZR,156,1,RIH,"['AIZR', 'RIAR']"
2,9598700,0.04959251901952532,0.8550638108104324,AIZR,156,1,AUAR,"['RIBR', 'AIZR']"
3,9598450,0.0,0.5528964397330491,AIZR,156,1,ASHR,['AIZR']
4,9598185,0.05571171854670434,0.5276963063811608,AIZR,156,0,AIZR,"['ASER', 'AIAR']"
5,9598183,0.06218711731691132,0.5276963063811608,AIZR,156,0,AIZR,"['AIBR', 'AIAR']"
6,9598176,0.05215531661708991,0.19516754887078008,AIZR,156,0,AIZR,['SMBDL']
7,9598173,0.0650660244770105,0.19516754887078008,AIZR,156,0,AIZR,['RIAR']
8,9598164,0.0,0.13430376723118095,AIZR,156,0,AIZR,"['RIAR', 'SMBVR']"
9,9598157,0.0,0.16654758708516662,AIZR,156,0,AIZR,"['SMBDR', 'SMBDL', 'SMBVR']"
10,9598152,0.0,0.21275021291222146,AIZR,156,0,AIZR,"['SMBDR', 'RIAR', 'SMBVR']"
11,9598149,0.0,0.22682245530822576,AIZR,156,0,AIZR,['RIAR']
12,9598147,0.0,0.3069920104988376,AIZR,156,0,AIZR,"['SMDDR', 'AIBL', 'RIMR']"
13,9598140,0.0,0.6162351988124115,AIZR,156,0,AIZR,"['AIBR', 'AIAR', 'ASEL']"
14,9598135,0.0,0.6900541105668349,AIZR,156,0,AIZR,"['AIBR', 'AIAR', 'AWCR']"
15,9598133,0.0,0.7135335743705327,AIZR,156,0,AIZR,['AIMR']
16,9598061,0.0,0.13482195263353855,AIZR,156,1,AIYR,"['AIZR', 'RIBR']"
17,9598056,0.07247314348758661,0.19516754887078008,AIZR,156,1,AIYR,"['AIZL', 'AIZR', 'RIAR']"
18,9598055,0.0,0.22292809988277365,AIZR,156,1,AIYR,"['AIZR', 'RIAR', 'RIBR']"
19,9598050,0.0,0.22292809988277365,AIZR,156,1,AIYR,"['AIZR', 'RIBR', 'RIAR']"
20,9598043,0.0,0.4594174817108933,AIZR,156,1,AIYR,['AIZR']
21,9597808,0.04560009551036783,0.25970443987550723,AIZR,156,1,AIBL,"['RIMR', 'AIZR', 'SMDDR']"
22,9595521,0.0,0.4660715382496844,AIZR,156,1,AWBR,['AIZR']
23,9595520,0.06955555848676455,0.8550638108104324,AIZR,156,1,AWBR,"['ADFR', 'AIZR']"
24,9595488,0.0,0.3805552388938609,AIZR,156,1,AWAR,['AIZR']
25,9595485,0.0,0.45171528034441705,AIZR,156,1,AWAR,['AIZR']
26,9595400,0.0,0.3069920104988376,AIZR,156,1,AVKR,['AIZR']
27,9595158,0.06438537760640754,0.8550638108104324,AIZR,156,1,ADFR,"['RIR', 'AIZR']"
