,connector_id,length,dist_from_root,neuron,project,type,inputs,outputs
0,9598263,0.08554721468143868,0.47005940716150363,ALMR,156,0,ALMR,"['CEPDR', 'SMBDL']"
1,9598260,0.0,0.897064311536858,ALMR,156,0,ALMR,"['PVCR', 'AVDL']"
2,9598254,0.0,0.8483924422005816,ALMR,156,0,ALMR,"['AVBL', 'AVDL', 'AVBR', 'CEPVR']"
3,9598251,0.0,0.5557565358054751,ALMR,156,0,ALMR,['BDUR']
4,9598248,0.0,0.5366211156413551,ALMR,156,0,ALMR,['CEPVR']
5,9598266,0.0010914952501130588,0.2319309454260479,ALMR,156,0,ALMR,['AVDR']
6,9596308,0.014763396688618374,0.47005940716150363,ALMR,156,1,PVNL_or_R,"['ALMR', 'BDUR']"
7,9596290,0.0,0.8805365104952705,ALMR,156,1,PVNL_or_R,['ALMR']
