,connector_id,length,dist_from_root,neuron,project,type,inputs,outputs
0,9600792,0.0,0.6674746107118391,ALNL,156,1,RMGL,"['SIADR', 'ALNL']"
1,9598286,0.0,0.2330484705366326,ALNL,156,0,ALNL,"['SMBDR', 'SAAVL']"
2,9598282,0.0,0.7877212589438626,ALNL,156,0,ALNL,['RIVR']
3,9598279,0.04668328621315739,0.8063578263353111,ALNL,156,0,ALNL,['SAAVL']
4,9598276,0.0,0.1340917658339553,ALNL,156,0,ALNL,['SAAVL']
5,9596774,0.10269080276238546,0.8063578263353111,ALNL,156,1,RIGL,"['AVKR', 'RMHR', 'ALNL']"
