,connector_id,length,dist_from_root,neuron,project,type,inputs,outputs
0,9597589,0,0.6076093568327691,ASIL,156,1,ADLL,['ASIL']
1,9595276,0,0.7365245164864358,ASIL,156,0,ASIL,['AVJL']
2,9595274,0,0.36098103968155165,ASIL,156,0,ASIL,['ASGL']
3,9595263,0,0.07339482398944723,ASIL,156,0,ASIL,"['AWAL', 'AWBL']"
4,9595225,0,0.482628384411254,ASIL,156,1,ASGL,['ASIL']
5,9595223,0,0.37136041083689597,ASIL,156,1,ASGL,['ASIL']
6,9595221,0,0.2916889616296361,ASIL,156,1,ASGL,['ASIL']
7,9595218,0,0.24485380296563447,ASIL,156,1,ASGL,['ASIL']
8,9595215,0,0.18798220451359307,ASIL,156,1,ASGL,['ASIL']
