,connector_id,length,dist_from_root,neuron,project,type,inputs,outputs
0,9601816,0.08330539266963714,0.25677789782535226,AVAR,156,1,URYDR,"['AVDR', 'AVAR']"
1,9600912,0.0,0.7757988356578114,AVAR,156,1,SDQR,['AVAR']
2,9600129,0.0,0.5850970303830074,AVAR,156,1,RIMR,"['AVAR', 'SAAVR']"
3,9599628,0.07466488309951919,0.2009449126907354,AVAR,156,1,PVCR,"['AVBR', 'AVAR']"
4,9599428,0.0,0.8758566455180112,AVAR,156,1,FLPR,"['AVAR', 'AVAL']"
5,9599420,0.0,0.8686706223133822,AVAR,156,1,FLPR,"['AVAL', 'AVAR']"
6,9599404,0.0,0.8556481313535427,AVAR,156,1,FLPL,"['AVBR', 'AVAR']"
7,9599401,0.0,0.8556481313535427,AVAR,156,1,FLPL,"['AVAR', 'AVAL']"
8,9599396,0.0,0.8896484131099524,AVAR,156,1,FLPL,"['AVAR', 'AVAL']"
9,9599392,0.0,0.8953093275989926,AVAR,156,1,FLPL,"['AVAL', 'AVAR']"
10,9599390,0.0,0.8997270395593961,AVAR,156,1,FLPL,['AVAR']
11,9598914,0.051468310481311716,0.25677789782535226,AVAR,156,1,AVJL,"['AVBR', 'AVAR']"
12,9598905,0.09487267876325675,0.2009449126907354,AVAR,156,1,AVJL,['AVAR']
13,9598722,0.0,0.10791956116583783,AVAR,156,1,AUAR,"['AVAR', 'RIAR']"
14,9598705,0.0,0.0631233329714238,AVAR,156,1,AUAR,"['RIAR', 'AVAR']"
15,9598444,0.0553620233277369,0.2009449126907354,AVAR,156,1,ASHR,"['AVJL', 'AVAR']"
16,9598442,0.09058812670867321,0.25677789782535226,AVAR,156,1,ASHR,"['AVDR', 'AVAR']"
17,9598361,0.06113654114183211,0.2009449126907354,AVAR,156,1,AQR,['AVAR']
18,9598354,0.0483196499982977,0.25677789782535226,AVAR,156,1,AQR,['AVAR']
19,9597441,0.0,0.7019376018756839,AVAR,156,1,SAAVR,"['AVAR', 'SMDDL', 'RIML']"
20,9597434,0.0,0.6451609580289976,AVAR,156,1,SAAVR,"['RIML', 'AVAR']"
21,9597428,0.0,0.5813796832897431,AVAR,156,1,SAAVR,"['RIML', 'AVAR']"
22,9597306,0.0,0.20185031556139477,AVAR,156,1,SAADL,"['AVER', 'AVAR']"
23,9596708,0.0,0.7579002469144064,AVAR,156,1,ADAL,"['RIML', 'AVAR']"
24,9596533,0.0,0.6951056782960523,AVAR,156,1,RICL,"['AVAR', 'SMDDL']"
25,9595728,0.0,0.8823564892616911,AVAR,156,1,DVC,"['AVAR', 'AVAL']"
26,9595673,0.0,0.11729767491742735,AVAR,156,1,BAGL,['AVAR']
27,9595659,0.0,0.1456669870342841,AVAR,156,1,BAGL,"['AVAR', 'AQR']"
28,9595314,0.12425759790859826,0.2009449126907354,AVAR,156,0,AVAR,['AWBR']
29,9595308,0.0,0.9060930939209845,AVAR,156,1,ADEL,['AVAR']
30,9595302,0.0,0.6164249325135105,AVAR,156,0,AVAR,['SMDVR']
31,9595300,0.0,0.29276820801474857,AVAR,156,0,AVAR,['RMHR']
32,9595094,0.0,0.9710612754667564,AVAR,156,1,ADER,"['AVAR', 'RIGL']"
33,9594949,0.0883769144574174,0.2009449126907354,AVAR,156,1,AIMR,['AVAR']
