,connector_id,length,dist_from_root,neuron,project,type,inputs,outputs
0,9601864,0.0,0.7147846211955189,AVDR,156,1,URYVL,"['AVDR', 'IL2VL']"
1,9601844,0.0,0.7087533386411317,AVDR,156,1,URYVL,"['AVAL', 'AVDR']"
2,9601819,0.0,0.17498899312423455,AVDR,156,1,URYDR,"['AVDR', 'CEPDR']"
3,9601816,0.0,0.186961924171326,AVDR,156,1,URYDR,"['AVDR', 'AVAR']"
4,9601807,0.0,0.19545071722970547,AVDR,156,1,URYDR,['AVDR']
5,9599406,0.0,0.8856325797042629,AVDR,156,1,FLPL,"['AVBL', 'AVDR']"
6,9598975,0.0,0.08371874524048183,AVDR,156,1,AVJR,['AVDR']
7,9598973,0.0,0.15404829295862105,AVDR,156,1,AVJR,['AVDR']
8,9598946,0.0,0.7918007596698315,AVDR,156,1,AVJR,"['PVCL', 'AVBL', 'AVDR']"
9,9598735,0.0,0.8103722972139036,AVDR,156,0,AVDR,['ALML']
10,9598442,0.0,0.18216382617507954,AVDR,156,1,ASHR,"['AVDR', 'AVAR']"
11,9598439,0.0,0.18216382617507954,AVDR,156,1,ASHR,"['AVJR', 'AVDR']"
12,9598420,0.03456795672781954,0.7683428190929213,AVDR,156,1,ASHL,"['AVDR', 'AIAL']"
13,9598411,0.0,0.7515303784309125,AVDR,156,1,ASHL,"['AVDR', 'AIAL']"
14,9598408,0.030258980259604322,0.6717246529546884,AVDR,156,1,ASHL,['AVDR']
15,9598342,0.0,0.8279950376411938,AVDR,156,1,AQR,"['AVBR', 'RID', 'AVDR', 'PVCL']"
16,9598266,0.0,0.07189315008385297,AVDR,156,1,ALMR,['AVDR']
17,9597902,0.0015086494599975669,0.3079051572521615,AVDR,156,1,AIBR,"['AVEL', 'AVDR']"
18,9597646,0.0021865029593751816,0.11579794290969303,AVDR,156,1,ADLR,"['AVDR', 'AVJR']"
19,9597594,0.019474200849657616,0.7683428190929213,AVDR,156,1,ADLL,"['AIBL', 'AVDR']"
20,9596733,0.028376720225667732,0.6717246529546884,AVDR,156,1,ADAL,"['AVDR', 'AVAL', 'AVBL']"
21,9596699,0.0,0.6626831610257906,AVDR,156,1,ADAL,"['AVAL', 'AVBL', 'AVJR', 'AVDR']"
22,9594943,0.0,0.15540479202045163,AVDR,156,1,AIMR,"['SIADL', 'AVDR']"
23,9594936,0.0,0.7617401495540379,AVDR,156,1,AIML,['AVDR']
