,connector_id,length,dist_from_root,neuron,project,type,inputs,outputs
0,9599802,0.013348757673999194,0.3314988433823843,AVJL,156,1,PVR,"['AVJL', 'AVBR']"
1,9599058,0.0,0.17690655289771112,AVJL,156,1,BDUL,"['AVJL', 'AVHL']"
2,9599015,0.0,0.7854288531580521,AVJL,156,1,AVM,['AVJL']
3,9599012,0.0,0.8167779518688733,AVJL,156,1,AVM,['AVJL']
4,9598924,0.0,0.23939602635506402,AVJL,156,0,AVJL,"['AVAL', 'AVDL']"
5,9598914,0.0,0.46088708334704265,AVJL,156,0,AVJL,"['AVBR', 'AVAR']"
6,9598911,0.0,0.46035197227036795,AVJL,156,0,AVJL,['AVBR']
7,9598908,0.0,0.5449089836476451,AVJL,156,0,AVJL,[]
8,9598905,0.0,0.5916232527308471,AVJL,156,0,AVJL,['AVAR']
9,9598903,0.0,0.5916232527308471,AVJL,156,0,AVJL,['AVBR']
10,9598900,0.0,0.7233804956056076,AVJL,156,0,AVJL,"['RIPR', 'ASHR']"
11,9598896,0.0,0.7265808893358962,AVJL,156,0,AVJL,"['PVCR', 'AVBR']"
12,9598894,0.0,0.9601826230121832,AVJL,156,0,AVJL,['AVM']
13,9598845,0.0,0.24003207440818727,AVJL,156,1,AVHL,"['RIPL', 'AVJL']"
14,9598589,0.0551653265444213,0.13755954726540695,AVJL,156,1,ASKL,"['ADLL', 'AVJL']"
15,9598585,0.046689258778913084,0.13755954726540695,AVJL,156,1,ASKL,"['AVJL', 'ALA']"
16,9598444,0.0,0.539251817803951,AVJL,156,1,ASHR,"['AVJL', 'AVAR']"
17,9595276,0.0625184852863065,0.13755954726540695,AVJL,156,1,ASIL,['AVJL']
