,connector_id,length,dist_from_root,neuron,project,type,inputs,outputs
0,9599595,0.0,0.7345497459617213,AVJR,156,1,PVCL,['AVJR']
1,9599084,0.0,0.17445497237130306,AVJR,156,1,BDUR,"['ASJR', 'AVHR', 'AVJR']"
2,9599046,0.0,0.8968669172355691,AVJR,156,1,AVM,"['RIML', 'AVJR', 'PVCL']"
3,9599035,0.0,0.8359418150551433,AVJR,156,1,AVM,"['AVJR', 'PVCL']"
4,9599032,0.0,0.824852548209096,AVJR,156,1,AVM,['AVJR']
5,9599003,0.0,0.9414177236042328,AVJR,156,1,AVM,['AVJR']
6,9598978,0.007270671744820659,0.5399258820158954,AVJR,156,0,AVJR,"['AVAL', 'AVBL']"
7,9598975,0.0,0.092402014628319,AVJR,156,0,AVJR,['AVDR']
8,9598973,0.0,0.17813977177991505,AVJR,156,0,AVJR,['AVDR']
9,9598956,0.0,0.32838350610228995,AVJR,156,0,AVJR,"['AVHR', 'AVBR']"
10,9598953,0.0,0.4973023629530761,AVJR,156,0,AVJR,['AVBL']
11,9598950,0.0,0.6041353380368001,AVJR,156,0,AVJR,['AVHR']
12,9598949,0.0,0.6110557176558938,AVJR,156,0,AVJR,"['AVAL', 'AVBL']"
13,9598946,0.0,0.719275374995162,AVJR,156,0,AVJR,"['PVCL', 'AVBL', 'AVDR']"
14,9598936,0.0,0.8136015695707687,AVJR,156,0,AVJR,['AVM']
15,9598932,0.0,0.9309787309922164,AVJR,156,0,AVJR,['AVM']
16,9598929,0.0,0.9362392166375735,AVJR,156,0,AVJR,['AVM']
17,9598869,0.0,0.05631647572848731,AVJR,156,1,AVHR,"['AVJR', 'AINR']"
18,9598808,0.0,0.910571783297021,AVJR,156,1,AVFR,"['BDUL', 'AVJR']"
19,9598795,0.0,0.7266219179905163,AVJR,156,1,AVFL,"['AVBL', 'AVJR']"
20,9598543,0.0,0.16356135192507865,AVJR,156,1,ASJR,"['AVHR', 'BDUR', 'AVJR']"
21,9598439,0.0,0.22437430181254242,AVJR,156,1,ASHR,"['AVJR', 'AVDR']"
22,9597646,0.0035146832727905885,0.09648461673601744,AVJR,156,1,ADLR,"['AVDR', 'AVJR']"
23,9597522,0.0,0.808287336365286,AVJR,156,1,RIFL,"['AVJR', 'RIML', 'AVBL']"
24,9596699,0.0,0.5979671478950688,AVJR,156,1,ADAL,"['AVAL', 'AVBL', 'AVJR', 'AVDR']"
25,9596693,0.0,0.5935993929720144,AVJR,156,1,ADAL,"['AVBL', 'AVJR']"
26,9596687,0.007200369763659058,0.4339441947006246,AVJR,156,1,ADAL,"['AVJR', 'AVAL']"
