,connector_id,length,dist_from_root,neuron,project,type,inputs,outputs
0,9601830,0.0,0.24711440472954452,AVKL,156,0,AVKL,['RIS']
1,9599831,0.0,0.7459368093498798,AVKL,156,1,PVT,['AVKL']
2,9599828,0.0,0.8295195604749214,AVKL,156,1,PVT,['AVKL']
3,9599647,0.0,0.9659370170743241,AVKL,156,1,PVCR,"['AVEL', 'AVKL']"
4,9596779,0.0,0.7228372251014104,AVKL,156,1,RIGR,"['RMGR', 'PLNR', 'AVKL']"
5,9596777,0.0,0.7147814408745234,AVKL,156,1,RIGR,"['RMHL', 'AVKL']"
6,9595747,0.0,0.1793613709592831,AVKL,156,1,DVC,"['AVKL', 'PVT']"
7,9595432,0.0,0.016282175269348574,AVKL,156,1,AVKR,['AVKL']
8,9595417,0.0,0.22102327844987046,AVKL,156,1,AVKR,['AVKL']
9,9595394,0.0014384188168776594,0.36534971890871437,AVKL,156,0,AVKL,['RMDL']
10,9595390,0.0,0.10906100896332856,AVKL,156,0,AVKL,['RIGL']
11,9595387,0.0,0.16163800772390932,AVKL,156,0,AVKL,"['AVER', 'RIMR']"
12,9595384,0.0,0.22926136607017314,AVKL,156,0,AVKL,['RMFR']
13,9595372,0.0,0.6467832438582928,AVKL,156,0,AVKL,['RIGR']
14,9595368,0.0,0.7481522006744018,AVKL,156,0,AVKL,['PVT']
15,9595366,0.0,0.7584470269305031,AVKL,156,0,AVKL,['SAADR']
16,9595362,0.0,0.9187624884227249,AVKL,156,0,AVKL,['RIMR']
