,connector_id,length,dist_from_root,neuron,project,type,inputs,outputs
0,9598135,0.0011649078109468606,0.3634149730514351,AWCR,156,1,AIZR,"['AIBR', 'AIAR', 'AWCR']"
1,9598065,0.0,0.039506322740155767,AWCR,156,1,AIYR,"['AUAR', 'RIBR', 'AWCR']"
2,9597770,0.0,0.21267367722055378,AWCR,156,1,AIAR,['AWCR']
3,9597759,0.0005753292544670395,0.42374456031406227,AWCR,156,1,AIAR,"['AIBR', 'AWCR']"
4,9597753,0.003920017836658875,0.49614619821407535,AWCR,156,1,AIAL,"['AWCR', 'AIBL']"
5,9597625,0.0,0.2753537164747535,AWCR,156,1,ADLR,"['AIBR', 'AWCR']"
6,9597617,0.0,0.34665216705680496,AWCR,156,1,ADLR,"['AWCR', 'AIBR']"
7,9595646,0.0,0.22058896820490753,AWCR,156,0,AWCR,"['ASER', 'AIBR']"
8,9595635,0.09546598028503492,0.6594529466422552,AWCR,156,0,AWCR,['RIR']
9,9595629,0.0,0.10350549729004269,AWCR,156,0,AWCR,"['AIAR', 'AIBR']"
10,9595626,0.0,0.17536660853456312,AWCR,156,0,AWCR,"['AIYR', 'AWCL']"
11,9595622,0.0,0.22418341979007247,AWCR,156,0,AWCR,"['AWCL', 'BAGL']"
12,9595619,0.0,0.2851574136222317,AWCR,156,0,AWCR,['AIAR']
13,9595616,0.004532804773973808,0.3634149730514351,AWCR,156,0,AWCR,['AWCL']
14,9595612,0.0,0.48123363491577686,AWCR,156,0,AWCR,"['AIAL', 'AIBL']"
15,9595610,0.0,0.5486543889804154,AWCR,156,0,AWCR,['AWCL']
16,9595608,0.0,0.5600786080613982,AWCR,156,0,AWCR,['AIZL']
17,9595604,0.0,0.5837786486296229,AWCR,156,0,AWCR,['AIZL']
18,9595601,0.0,0.6530300840156177,AWCR,156,0,AWCR,['AIYL']
19,9595597,0.0,0.9015398054670879,AWCR,156,0,AWCR,"['AIBL', 'AIBR']"
20,9595589,0.0,0.22418341979007247,AWCR,156,1,AWCL,['AWCR']
21,9595554,0.0,0.5909554926322862,AWCR,156,1,AWCL,['AWCR']
22,9595547,0.0,0.22323801025249446,AWCR,156,1,AWCL,['AWCR']
