,connector_id,length,dist_from_root,neuron,project,type,inputs,outputs
0,9600937,0,0.9583097157679257,DVA,156,1,SDQR,"['AVBR', 'DVA']"
1,9600934,0,0.14409192403182192,DVA,156,1,SDQR,['DVA']
2,9600923,0,0.9424437070781213,DVA,156,1,SDQR,"['AVBR', 'DVA']"
3,9600909,0,0.15652308256527026,DVA,156,1,SDQR,"['AVBL', 'DVA']"
4,9599764,0,0.12127733299988731,DVA,156,1,PVPR,"['AQR', 'DVA']"
5,9599373,0,0.022089129001564005,DVA,156,0,DVA,"['PVR', 'AVM', 'FLPR', 'AVDL']"
6,9599365,0,0.12693451690887494,DVA,156,0,DVA,"['PVPR', 'AVHL']"
7,9599361,0,0.1317245175936421,DVA,156,0,DVA,"['SIAVR', 'SMDVL', 'PLNR']"
8,9599350,0,0.2281409039210528,DVA,156,0,DVA,['AVEL']
9,9599343,0,0.23461326064266635,DVA,156,0,DVA,"['AVHL', 'ADFR', 'RIR']"
10,9599340,0,0.24316102000519113,DVA,156,0,DVA,['AVAL']
11,9599335,0,0.35681543272804495,DVA,156,0,DVA,"['SIBVR', 'SIBVL', 'SIAVR']"
12,9599332,0,0.5036450388678128,DVA,156,0,DVA,['AVER']
13,9599326,0,0.7600504351744186,DVA,156,0,DVA,['AVAL']
14,9599322,0,0.8423597628845105,DVA,156,0,DVA,"['SIBVR', 'RID']"
15,9599320,0,0.8907907262621889,DVA,156,0,DVA,"['SAADL', 'RIML', 'AVER']"
16,9599316,0,0.8907907262621889,DVA,156,0,DVA,"['SAADL', 'SIADL']"
17,9599313,0,0.8978469625512484,DVA,156,0,DVA,"['RIR', 'AVER']"
18,9599308,0,0.8978469625512484,DVA,156,0,DVA,"['RIML', 'SAADL', 'AIZL']"
19,9598886,0,0.9354615979383097,DVA,156,1,AVHR,"['ADAL', 'SIAVL', 'DVA']"
20,9598368,0,0.194127459827335,DVA,156,1,AQR,"['SIBVR', 'DVA']"
21,9597844,0,0.3917948562895992,DVA,156,1,AIBL,"['DVA', 'RIBR']"
22,9596882,0,0.24053423809983235,DVA,156,1,RIR,['DVA']
23,9596863,0,0.5041054016815574,DVA,156,1,RIR,"['AUAR', 'DVA']"
24,9596852,0,0.8865250676426495,DVA,156,1,RIR,['DVA']
25,9595993,0,0.8757109962575327,DVA,156,1,IL2L,"['RIH', 'DVA']"
26,9595524,0,0.2128019683342234,DVA,156,1,AWBR,['DVA']
