,node_id,connector_id,length,dist_from_root,neuron,project,type,inputs,outputs
0,9601894,9601892,0.10223696300812467,0.698968504935966,IL1VR,156,1,URYVR,['IL1VR']
1,9599809,9599806,0.0,0.5402325322846084,IL1VR,156,1,PVR,"['IL1VR', 'RIPR']"
2,9595939,9595938,0.0,0.9697446054536754,IL1VR,156,0,IL1VR,"['RMHL', 'URBR']"
0,9601894,9601892,0.10223696300812467,0.698968504935966,IL1VR,156,1,URYVR,['IL1VR']
1,9599809,9599806,0.0,0.5402325322846084,IL1VR,156,1,PVR,"['IL1VR', 'RIPR']"
2,9595939,9595938,0.0,0.9697446054536754,IL1VR,156,0,IL1VR,"['RMHL', 'URBR']"
