,connector_id,length,dist_from_root,neuron,project,type,inputs,outputs
0,9600312,0.0,0.7920583887197945,SAAVR,156,1,RIVR,"['RMDVR', 'SAAVR']"
1,9600129,0.0,0.5492061563106863,SAAVR,156,1,RIMR,"['AVAR', 'SAAVR']"
2,9600119,0.0,0.6602052553148636,SAAVR,156,1,RIMR,"['SAAVR', 'SMDDL']"
3,9600078,0.0,0.738084854641446,SAAVR,156,1,RIML,['SAAVR']
4,9598304,0.05104836700816828,0.2312111779362366,SAAVR,156,1,ALNR,['SAAVR']
5,9598299,0.0,0.014554213652280866,SAAVR,156,1,ALNR,"['SAAVR', 'RIAR']"
6,9598296,0.0,0.00744990361546722,SAAVR,156,1,ALNR,['SAAVR']
7,9598292,0.0,0.0055633628188012105,SAAVR,156,1,ALNR,"['SAAVR', 'SMBDL']"
8,9597441,0.0,0.6748790690269361,SAAVR,156,0,SAAVR,"['AVAR', 'SMDDL', 'RIML']"
9,9597438,0.0,0.6353454913602868,SAAVR,156,0,SAAVR,"['SMDDL', 'RIMR']"
10,9597434,0.0,0.6180833720976612,SAAVR,156,0,SAAVR,"['RIML', 'AVAR']"
11,9597433,0.0,0.6105100846790473,SAAVR,156,0,SAAVR,['RIMR']
12,9597428,0.0,0.5477477013734294,SAAVR,156,0,SAAVR,"['RIML', 'AVAR']"
13,9597426,0.005031966294080061,0.5353080909053007,SAAVR,156,0,SAAVR,['RMFL']
14,9595957,0.0,0.2348296199445646,SAAVR,156,1,IL2DR,['SAAVR']
