,connector_id,length,dist_from_root,neuron,project,type,inputs,outputs
0,9599712,0,0.16954141947545623,SIADL,156,1,PVPL,"['AVER', 'SIADL']"
1,9599316,0,0.23336694334122246,SIADL,156,1,DVA,"['SAADL', 'SIADL']"
2,9599112,0,0.8447621234639193,SIADL,156,1,CEPDR,"['SIADL', 'SMBDL']"
3,9597887,0,0.3202372722375811,SIADL,156,1,AIBR,['SIADL']
4,9596504,0,0.6744457632369918,SIADL,156,1,RIAR,"['SMDDR', 'SMDVR', 'SIADL']"
5,9596396,0,0.6882360576574011,SIADL,156,1,RIAL,"['RMDDL', 'SIADL']"
6,9595426,0,0.10698838357740434,SIADL,156,1,AVKR,"['SIAVL', 'SIADL']"
7,9595108,0,0.07633910797943477,SIADL,156,1,ADER,"['RIGL', 'SIADL']"
8,9594943,0,0.8596868969639976,SIADL,156,1,AIMR,"['SIADL', 'AVDR']"
