,connector_id,length,dist_from_root,neuron,project,type,inputs,outputs
0,9599361,0.0,0.8215192474279712,SIAVR,156,1,DVA,"['SIAVR', 'SMDVL', 'PLNR']"
1,9596379,0.006361147811425062,0.6352862984837043,SIAVR,156,1,RIAL,"['SIAVR', 'RMDL']"
2,9599288,0.0,0.7016559878842888,SIAVR,156,1,CEPVR,['SIAVR']
3,9600273,0.0,0.7150630090936958,SIAVR,156,1,RIVL,"['SIAVR', 'RMDVL']"
4,9599335,0.0,0.35049092997281267,SIAVR,156,1,DVA,"['SIBVR', 'SIBVL', 'SIAVR']"
5,9598858,0.0,0.17360339839932878,SIAVR,156,1,AVHL,['SIAVR']
