,node_id,connector_id,length,dist_from_root,neuron,project,type,inputs,outputs
0,9600855,9600853,0.0020298916974071076,0.3818164577741954,SIBDR,156,1,RMGR,"['SMBDR', 'SIBDR']"
1,9599616,9599614,0.0,0.5209897794659984,SIBDR,156,1,PVCL,"['AVBL', 'SIBDR']"
2,9596231,9596229,0.06375622883235663,0.34235645632879635,SIBDR,156,1,OLQVR,"['RMDVL', 'SIBDR']"
3,9596228,9596226,0.03461747171730179,0.32874228020951785,SIBDR,156,1,OLQVR,"['SIBDR', 'RMDVL']"
0,9600855,9600853,0.0020298916974071076,0.3818164577741954,SIBDR,156,1,RMGR,"['SMBDR', 'SIBDR']"
1,9599616,9599614,0.0,0.5209897794659984,SIBDR,156,1,PVCL,"['AVBL', 'SIBDR']"
2,9596231,9596229,0.06375622883235663,0.34235645632879635,SIBDR,156,1,OLQVR,"['RMDVL', 'SIBDR']"
3,9596228,9596226,0.03461747171730179,0.32874228020951785,SIBDR,156,1,OLQVR,"['SIBDR', 'RMDVL']"
