,connector_id,length,dist_from_root,neuron,project,type,inputs,outputs
0,9600829,0.0,0.8444913671366314,SIBDL,156,1,RMGR,['SIBDL']
1,9600803,0.0,0.400924931963903,SIBDL,156,1,RMGL,['SIBDL']
2,9600800,0.0,0.3733075144212442,SIBDL,156,1,RMGL,"['SIBVL', 'SIBDL']"
3,9596467,0.007029450894377675,0.329420287985372,SIBDL,156,1,RIAR,"['SIBDL', 'RMDR']"
4,9596195,0.0,0.32306702122982356,SIBDL,156,1,OLQVL,['SIBDL']
5,9596188,0.0396738227470953,0.329420287985372,SIBDL,156,1,OLQVL,"['SIBDL', 'RMDVR']"
