,connector_id,length,dist_from_root,neuron,project,type,inputs,outputs
0,9600829,0.0,0.8465393869214541,SIBDL,156,1,RMGR,['SIBDL']
1,9600803,0.0,0.40189723581663467,SIBDL,156,1,RMGL,['SIBDL']
2,9600800,0.0,0.374212841841885,SIBDL,156,1,RMGL,"['SIBVL', 'SIBDL']"
3,9596467,0.007046498380433761,0.33021918221628754,SIBDL,156,1,RIAR,"['SIBDL', 'RMDR']"
4,9596195,0.0,0.32385050782391894,SIBDL,156,1,OLQVL,['SIBDL']
5,9596188,0.03977003779294101,0.33021918221628754,SIBDL,156,1,OLQVL,"['SIBDL', 'RMDVR']"
