,connector_id,length,dist_from_root,neuron,project,type,inputs,outputs
0,9600890,0.0,0.7866849757978558,SIBVL,156,1,SDQR,['SIBVL']
1,9600800,0.0,0.2689245416365095,SIBVL,156,1,RMGL,"['SIBVL', 'SIBDL']"
2,9599606,0.0,0.03331499697432219,SIBVL,156,1,PVCL,['SIBVL']
3,9599335,0.0,0.6735264838548936,SIBVL,156,1,DVA,"['SIBVR', 'SIBVL', 'SIAVR']"
4,9598323,0.0,0.17271404964994008,SIBVL,156,1,AQR,['SIBVL']
5,9596126,0.12984838134464727,0.28576304024897703,SIBVL,156,1,OLQDL,"['RMDDR', 'SIBVL']"
6,9596121,0.14192015143684336,0.28576304024897703,SIBVL,156,1,OLQDL,"['RMDDR', 'SIBVL']"
