,connector_id,length,dist_from_root,neuron,project,type,inputs,outputs
0,9600890,0.0,0.7854896840744204,SIBVL,156,1,SDQR,['SIBVL']
1,9600800,0.0,0.2685159368089916,SIBVL,156,1,RMGL,"['SIBVL', 'SIBDL']"
2,9599606,0.0,0.03326437805903237,SIBVL,156,1,PVCL,['SIBVL']
3,9599335,0.0,0.6725031255139644,SIBVL,156,1,DVA,"['SIBVR', 'SIBVL', 'SIAVR']"
4,9598323,0.0,0.1724516273584018,SIBVL,156,1,AQR,['SIBVL']
5,9596126,0.1296510892896346,0.2853288509516323,SIBVL,156,1,OLQDL,"['RMDDR', 'SIBVL']"
6,9596121,0.14170451749489715,0.2853288509516323,SIBVL,156,1,OLQDL,"['RMDDR', 'SIBVL']"
