,connector_id,length,dist_from_root,neuron,project,type,inputs,outputs
0,9601621,0.0,0.8346522412473635,SMBDR,156,1,URBL,"['SMBDR', 'SAADR']"
1,9601178,0.024837645168889,0.699495468391977,SMBDR,156,0,SMBDR,"['RMED', 'BWMDL07', 'BWMDL05']"
2,9601169,0.044326312961357923,0.699495468391977,SMBDR,156,0,SMBDR,['BWMDL05']
3,9601143,0.0,0.7572478247522689,SMBDR,156,0,SMBDR,"['BWMDL04', 'BWMDL02']"
4,9601140,0.0,0.8208872030497055,SMBDR,156,0,SMBDR,['URBL']
5,9601137,0.0,0.9441610411138205,SMBDR,156,0,SMBDR,['SAAVL']
6,9600853,0.0,0.4380048482797566,SMBDR,156,1,RMGR,"['SMBDR', 'SIBDR']"
7,9599153,0.0,0.8299756694827348,SMBDR,156,1,CEPDL,"['SIADR', 'SMBDR']"
8,9598286,0.0,0.9380650521978305,SMBDR,156,1,ALNL,"['SMBDR', 'SAAVL']"
9,9598157,0.0,0.143011047589153,SMBDR,156,1,AIZR,"['SMBDR', 'SMBDL', 'SMBVR']"
10,9598152,0.03970772040484905,0.14816475070513704,SMBDR,156,1,AIZR,"['SMBDR', 'RIAR', 'SMBVR']"
11,9596133,0.0,0.7570867521845709,SMBDR,156,1,OLQDL,['SMBDR']
12,9596129,0.022313056811047595,0.699495468391977,SMBDR,156,1,OLQDL,['SMBDR']
