,connector_id,length,dist_from_root,neuron,project,type,inputs,outputs
0,16675449,0.002688632998413934,0.6343990218250407,SMBVR,156,0,SMBVR,"['BWMVR07', 'RMEV', 'BWMVR05']"
1,9601293,0.02108690165464216,0.585655649579854,SMBVR,156,0,SMBVR,"['BWMVR04', 'BWMVR04']"
2,9601291,0.02405551395886128,0.6343990218250407,SMBVR,156,0,SMBVR,['RMDVL']
3,9601287,0.014333408181024753,0.6343990218250407,SMBVR,156,0,SMBVR,"['RMEV', 'BWMVR05']"
4,9601271,0.0,0.6364684871168743,SMBVR,156,0,SMBVR,"['BWMVR05', 'RMEV', 'BWMVR07']"
5,9601267,0.0,0.6358474717189754,SMBVR,156,0,SMBVR,"['RMEV', 'BWMVR03', 'BWMVR01']"
6,9601262,0.0,0.6454023356507056,SMBVR,156,0,SMBVR,['BWMVR03']
7,9601258,0.0,0.6987130358305562,SMBVR,156,0,SMBVR,['SAADR']
8,9601254,0.0,0.748059561154743,SMBVR,156,0,SMBVR,['SAADR']
9,9601250,0.0,0.816191000941769,SMBVR,156,0,SMBVR,['SAADR']
10,9600821,0.0,0.4836398666959252,SMBVR,156,1,RMGR,"['ALNR', 'OLLR', 'SMBVR']"
11,9599570,0.0,0.8276722431604833,SMBVR,156,1,PLNR,"['SMBVR', 'SAADR']"
12,9599567,0.0,0.8231121693693344,SMBVR,156,1,PLNR,['SMBVR']
13,9599563,0.0,0.7890621213256036,SMBVR,156,1,PLNR,"['SAADR', 'SMBVR']"
14,9599560,0.0,0.7094708231718317,SMBVR,156,1,PLNR,"['SAADR', 'SMBVR']"
15,9598164,0.0,0.15593063556810347,SMBVR,156,1,AIZR,"['RIAR', 'SMBVR']"
16,9598157,0.02388136638798114,0.1865742447028934,SMBVR,156,1,AIZR,"['SMBDR', 'SMBDL', 'SMBVR']"
17,9598152,0.0,0.21372313684187727,SMBVR,156,1,AIZR,"['SMBDR', 'RIAR', 'SMBVR']"
18,9597636,0.0,0.3734220540763752,SMBVR,156,1,ADLR,"['URYVR', 'SMBVR']"
19,9595526,0.0,0.20132373448634122,SMBVR,156,1,AWBR,['SMBVR']
