,connector_id,length,dist_from_root,neuron,project,type,inputs,outputs
0,9601767,0.006664555008803245,0.6655845700466978,SMDDR,156,1,URYDL,['SMDDR']
1,9601416,0.0,0.17195387481724134,SMDDR,156,1,SMDVL,"['SMDDR', 'RIAR']"
2,9601403,0.015354099951384923,0.6655845700466978,SMDDR,156,0,SMDDR,"['SMDVL', 'BWMDL03', 'BWMDL01']"
3,9601400,0.06265972386418997,0.6655845700466978,SMDDR,156,0,SMDDR,"['SMDVL', 'BWMDL03']"
4,9601373,0.0,0.5566078380298637,SMDDR,156,0,SMDDR,['RIAR']
5,9601371,0.0,0.5671265055133461,SMDDR,156,0,SMDDR,['RIAL']
6,9601368,0.0019884642695765,0.5978385592578578,SMDDR,156,0,SMDDR,"['SMDVL', 'BWMDL03']"
7,9601364,0.0,0.6879911209783272,SMDDR,156,0,SMDDR,['RIAR']
8,9600927,0.0,0.10462323253467973,SMDDR,156,1,SDQR,['SMDDR']
9,9600185,0.0,0.7036812280936078,SMDDR,156,1,RIMR,"['SMDDR', 'RMDL']"
10,9600110,0.0,0.20857819368425504,SMDDR,156,1,RIML,['SMDDR']
11,9598147,0.0,0.1470858394410346,SMDDR,156,1,AIZR,"['SMDDR', 'AIBL', 'RIMR']"
12,9597829,0.0,0.1685463340150901,SMDDR,156,1,AIBL,"['SMDDR', 'RIMR']"
13,9597808,0.0,0.13010968783357568,SMDDR,156,1,AIBL,"['RIMR', 'AIZR', 'SMDDR']"
14,9597401,0.0,0.15735588404989592,SMDDR,156,1,SAAVL,"['SMDDR', 'AVAL']"
15,9597395,0.0,0.26702084578605273,SMDDR,156,1,SAAVL,['SMDDR']
16,9596504,0.0,0.5622234237681932,SMDDR,156,1,RIAR,"['SMDDR', 'SMDVR', 'SIADL']"
17,9596498,0.0,0.6943134780109149,SMDDR,156,1,RIAR,['SMDDR']
18,9596490,0.0,0.1787862070853024,SMDDR,156,1,RIAR,"['SMDDR', 'SMDVL']"
19,9596376,0.0,0.24108812070013605,SMDDR,156,1,RIAL,"['SMDDR', 'SMDVL']"
20,9595826,0.07546693837647253,0.6655845700466978,SMDDR,156,1,IL1DL,['SMDDR']
