,connector_id,length,dist_from_root,neuron,project,type,inputs,outputs
0,9601873,0.00954916557421749,0.6188747015197988,SMDVL,156,1,URYVR,['SMDVL']
1,9601429,0.0,0.6254758851892724,SMDVL,156,0,SMDVL,"['RIAR', 'RIAL']"
2,9601426,0.0,0.6562018367787497,SMDVL,156,0,SMDVL,"['BWMVR01', 'BWMVR03']"
3,9601424,0.0,0.6664729655479299,SMDVL,156,0,SMDVL,"['RIAR', 'RIAL']"
4,9601420,0.0,0.7172125570163359,SMDVL,156,0,SMDVL,"['RIAR', 'RIAL']"
5,9601416,0.0,0.7268353958342054,SMDVL,156,0,SMDVL,"['SMDDR', 'RIAR']"
6,9601403,0.05810707409953095,0.29060000618508364,SMDVL,156,1,SMDDR,"['SMDVL', 'BWMDL03', 'BWMDL01']"
7,9601400,0.06501318959882851,0.29060000618508364,SMDVL,156,1,SMDDR,"['SMDVL', 'BWMDL03']"
8,9601368,0.05019981140785994,0.29060000618508364,SMDVL,156,1,SMDDR,"['SMDVL', 'BWMDL03']"
9,9600213,0.0,0.7260537842966359,SMDVL,156,1,RIS,"['SMDVR', 'SMDVL']"
10,9600193,0.0,0.7557440372106533,SMDVL,156,1,RIS,"['SMDVL', 'RMDDR', 'RIAR']"
11,9600188,0.011266396681146951,0.29060000618508364,SMDVL,156,1,RIMR,['SMDVL']
12,9600071,0.0012537157593517875,0.5827261803077078,SMDVL,156,1,RIML,"['RMDL', 'SMDVL']"
13,9599902,0.0,0.660703918053371,SMDVL,156,1,RIBR,"['SMDVL', 'AVEL']"
14,9599528,0.02396358356812047,0.6188747015197988,SMDVL,156,1,OLLR,['SMDVL']
15,9599520,0.0,0.6445584335684392,SMDVL,156,1,OLLR,"['AVEL', 'SMDVL']"
16,9599488,0.06521773423990887,0.29060000618508364,SMDVL,156,1,OLLL,"['SMDVL', 'RMEV']"
17,9599361,0.0,0.846011404388159,SMDVL,156,1,DVA,"['SIAVR', 'SMDVL', 'PLNR']"
18,9596495,0.001900139065138664,0.29060000618508364,SMDVL,156,1,RIAR,['SMDVL']
19,9596490,0.0,0.72293825714085,SMDVL,156,1,RIAR,"['SMDDR', 'SMDVL']"
20,9596445,0.0,0.7145660208022238,SMDVL,156,1,RIAR,"['SMDVL', 'SMDVR']"
21,9596376,0.0,0.6750742587383421,SMDVL,156,1,RIAL,"['SMDDR', 'SMDVL']"
