,connector_id,length,dist_from_root,neuron,project,type,inputs,outputs
0,9596938,0.023616307703715082,0.8445394543292591,URADR,156,1,RMDDL,['URADR']
1,9601549,0.03366607645364037,0.7627792673595086,URADR,156,0,URADR,"['BWMDR02', 'BWMDR01', 'RIPR']"
2,9601532,0.13505888691750575,0.7627792673595086,URADR,156,0,URADR,['RMED']
3,9601528,0.0,0.8292338242839183,URADR,156,0,URADR,"['RMDVR', 'IL1R']"
