,connector_id,length,dist_from_root,neuron,project,type,inputs,outputs
0,4508219,0.0,0.8330732539507004,AVHR,98,0,AVHR,['SMBVL']
1,4508218,0.0,0.8318447971818469,AVHR,98,0,AVHR,"['DVA', 'ADFL', 'SMBVL']"
2,4508189,0.0,0.7101895196080333,AVHR,98,0,AVHR,"['AWBL', 'AIZL', 'SMBVL']"
3,4508188,0.0,0.7086144567241142,AVHR,98,0,AVHR,"['AWBL', 'SMBVL', 'AIZL']"
4,4508184,0.0,0.4251295255547866,AVHR,98,0,AVHR,"['AVHL', 'AWBL']"
5,4508183,0.0,0.4272565830297243,AVHR,98,0,AVHR,"['AVHL', 'AWBL']"
6,4508180,0.0,0.4723095867633236,AVHR,98,0,AVHR,"['AIZL', 'AWBL']"
7,4508179,0.0,0.47290525777576453,AVHR,98,0,AVHR,"['AIZL', 'AWBL']"
8,4508178,0.0,0.47411924742452294,AVHR,98,0,AVHR,"['AIZL', 'AWBL', 'ADFL']"
9,4508177,0.0,0.47539011780732754,AVHR,98,0,AVHR,"['AIAL', 'AWBL', 'ADFL']"
10,4508175,0.0,0.6424008219094727,AVHR,98,0,AVHR,"['URXL', 'AIZL']"
11,4508174,0.0,0.6276435415659575,AVHR,98,0,AVHR,"['URXL', 'ADFL']"
12,4508173,0.0,0.6336458033043917,AVHR,98,0,AVHR,"['ADFL', 'URXL']"
13,4508172,0.0,0.6358716255533046,AVHR,98,0,AVHR,"['ADFL', 'URXL']"
14,4508169,0.0,0.6642208136147195,AVHR,98,0,AVHR,"['SMBVL', 'ADLL']"
15,4508168,0.0,0.6620249589263191,AVHR,98,0,AVHR,"['ADLL', 'SMBVL']"
16,4508167,0.0,0.6598004599963394,AVHR,98,0,AVHR,"['ADLL', 'AWBL']"
17,4507158,0.02341482017737826,0.6650053012192912,AVHR,98,1,RIGL,"['RIR', 'AVHR', 'OLQVL', 'URYVL']"
18,4503239,0.0,0.8384332617201348,AVHR,98,1,AWBL,"['AVHR', 'ADFL']"
19,4503238,0.0,0.8396159212824298,AVHR,98,1,AWBL,"['AVHR', 'ADFL']"
20,4502483,0.0,1.0,AVHR,98,0,AVHR,"['AVAR', 'AVJR']"
21,4502482,0.0,0.9989898995554275,AVHR,98,0,AVHR,"['AVAR', 'AVJR']"
22,4502481,0.0,0.9932959126585453,AVHR,98,0,AVHR,['AVAR']
23,4497030,0.0,0.45895698796019635,AVHR,98,1,PVPL,['AVHR']
24,4497029,0.0,0.4602999569645619,AVHR,98,1,PVPL,['AVHR']
