,connector_id,length,dist_from_root,neuron,project,type,inputs,outputs
0,4509500,0.061756123699075724,0.4806612028518328,AWAR,98,0,AWAR,['AIZR']
1,4509499,0.05900899893135778,0.4806612028518328,AWAR,98,0,AWAR,['AIZR']
2,4509498,0.05650867594091703,0.4806612028518328,AWAR,98,0,AWAR,"['AIZR', 'AWBR']"
3,4509497,0.054000747387691866,0.4806612028518328,AWAR,98,0,AWAR,"['AIZR', 'AWBR']"
4,4509496,0.04986463472604813,0.4806612028518328,AWAR,98,0,AWAR,['AWBR']
5,4509456,0.0,0.8946965292616127,AWAR,98,0,AWAR,"['ASER', 'AWBR']"
6,4509455,0.0,0.8925530099139352,AWAR,98,0,AWAR,"['ASER', 'AWBR']"
7,4509454,0.0,0.8835062067210084,AWAR,98,0,AWAR,"['ASER', 'AWBR']"
8,4509453,0.0,0.8819865880515572,AWAR,98,0,AWAR,"['ASER', 'AWBR']"
9,4509452,0.0,0.8806593017469355,AWAR,98,0,AWAR,"['ASER', 'AWBR']"
10,4509451,0.0,0.878368673834822,AWAR,98,0,AWAR,"['ASER', 'AWBR']"
11,4505648,0.05104844977211057,0.4806612028518328,AWAR,98,0,AWAR,"['AIAR', 'AIZR']"
12,4503186,0.054000747387691866,0.4806612028518328,AWAR,98,0,AWAR,"['ASER', 'ADLR']"
13,4503185,0.04986463472604813,0.4806612028518328,AWAR,98,0,AWAR,['ADLR']
14,4503184,0.02350276464702009,0.4806612028518328,AWAR,98,0,AWAR,['ADLR']
15,4503179,0.0,0.3546170282633838,AWAR,98,0,AWAR,"['ASER', 'AIYR']"
16,4503172,0.0,0.5136992960517001,AWAR,98,0,AWAR,"['ADLR', 'AWBR']"
17,4503171,0.0,0.5181844474541261,AWAR,98,0,AWAR,"['ADLR', 'AWBR']"
18,4503157,0.0,0.992222497534135,AWAR,98,0,AWAR,"['AWBR', 'AWAL']"
19,4498049,0.0,0.3546170282633838,AWAR,98,1,AFDR,"['AIYR', 'AWAR']"
20,4498048,0.0,0.3501638379669762,AWAR,98,1,AFDR,"['AIYR', 'AWAR']"
21,4498047,0.0,0.3454915089093566,AWAR,98,1,AFDR,"['AIYR', 'AWAR']"
22,4498046,0.0,0.34416198245747914,AWAR,98,1,AFDR,"['AIYR', 'AWAR']"
23,4496832,0.0,0.4806612028518328,AWAR,98,0,AWAR,['ADLR']
24,4496831,0.0,0.4826906222391023,AWAR,98,0,AWAR,['ADLR']
25,4496789,0.0,0.3454915089093566,AWAR,98,0,AWAR,"['AIZR', 'AFDR']"
26,4496788,0.0,0.34416198245747914,AWAR,98,0,AWAR,"['AWBR', 'AFDR']"
27,4496740,0.0,0.3454915089093566,AWAR,98,0,AWAR,"['ASER', 'AIYR']"
28,4496739,0.0,0.34416198245747914,AWAR,98,0,AWAR,"['ASER', 'AIYR']"
29,4496738,0.0,0.34093930772976516,AWAR,98,0,AWAR,['AIYR']
