,connector_id,length,dist_from_root,neuron,project,type,inputs,outputs
0,4497205,0.10194680786873715,0.3108941150834278,BWMDL06,98,1,RMDR,"['BWMDL06', 'OLLL', 'RMDL']"
1,4497206,0.049289092471977915,0.3108941150834278,BWMDL06,98,1,RMDR,['BWMDL06']
2,4507783,0.0,0.9128287802831508,BWMDL06,98,1,RMGL,"['RMDL', 'BWMDL06']"
3,4507782,0.0,0.9404504142434836,BWMDL06,98,1,RMGL,"['RMDL', 'BWMDL06']"
4,4507781,0.0,0.9559195149344869,BWMDL06,98,1,RMGL,"['RMDL', 'BWMDL06']"
5,4507780,0.0,0.9705089924826339,BWMDL06,98,1,RMGL,"['RMDL', 'BWMDL06']"
6,4507779,0.0,0.9755574857263101,BWMDL06,98,1,RMGL,"['RMDL', 'BWMDL04', 'BWMDL06']"
7,4507025,0.0,0.9705089924826339,BWMDL06,98,1,RIMR,"['BWMDL06', 'BWMDL04', 'RMDL']"
8,4497462,0.0,0.03650917482303135,BWMDL06,98,1,URBL,"['BWMDL06', 'BWMDL04']"
