,node_id,connector_id,length,dist_from_root,neuron,project,type,inputs,outputs
0,4361752,4507821,0.0,0.8138336951944285,BWMVL06,98,1,RMGL,"['BWMVL06', 'BWMVL04', 'RMDL']"
1,4361770,4507030,0.006697225421980116,0.8434025298642858,BWMVL06,98,1,RIMR,"['RMDL', 'BWMVL04', 'BWMVL06']"
2,4361771,4507029,0.0135604605865463,0.8434025298642858,BWMVL06,98,1,RIMR,"['RMDL', 'BWMVL04', 'BWMVL06']"
3,4361772,4507028,0.02349576787877005,0.8434025298642858,BWMVL06,98,1,RIMR,"['BWMVL04', 'BWMVL06', 'RMDL']"
4,4361773,4507027,0.033398407290123555,0.8434025298642858,BWMVL06,98,1,RIMR,"['RMDL', 'BWMVL04', 'BWMVL06']"
5,4361774,4507026,0.0490400534108116,0.8434025298642858,BWMVL06,98,1,RIMR,"['BWMVL04', 'BWMVL06', 'RMDL']"
