,node_id,connector_id,length,dist_from_root,neuron,project,type,inputs,outputs
0,4320053,4503746,0.1341782553999137,0.5239760192655395,BWMVR05,98,1,RIVL,"['BWMVR05', 'GLRVR']"
1,4320030,4502969,0.0,0.5920423014031095,BWMVR05,98,1,RIVL,"['BWMVR05', 'GLRVR']"
2,4320029,4502968,0.0,0.5552652814854993,BWMVR05,98,1,RIVL,"['BWMVR05', 'GLRVR']"
3,4320017,4499387,0.01618091731585406,0.4984342469929771,BWMVR05,98,1,RIVL,"['BWMVR05', 'BWMVR07', 'SAADR']"
4,4320016,4499386,0.0,0.4984342469929771,BWMVR05,98,1,RIVL,"['SAADR', 'BWMVR05', 'BWMVR07']"
