,connector_id,length,dist_from_root,neuron,project,type,inputs,outputs
0,4502017,0.08781589462774049,0.5073964097280447,BWMVL05,98,1,SMBVL,"['RMEV', 'BWMVL03', 'BWMVL05']"
1,4502016,0.09705831818402663,0.5073964097280447,BWMVL05,98,1,SMBVL,"['RMEV', 'BWMVL03', 'BWMVL05']"
2,4502015,0.12503800435158935,0.5073964097280447,BWMVL05,98,1,SMBVL,"['BWMVL03', 'BWMVL05']"
3,5470766,0.0,0.11352609749820775,BWMVL05,98,1,SMBVL,"['BWMVL05', 'BWMVL03', 'CEPVL', 'BWMVL01', 'RMEV']"
