,connector_id,length,dist_from_root,neuron,project,type,inputs,outputs
0,4499388,0.29160717403442077,0.38400217717235074,BWMVR07,98,1,RIVL,"['BWMVR07', 'SAADR']"
1,4499387,0.4181899554731167,0.38400217717235074,BWMVR07,98,1,RIVL,"['BWMVR05', 'BWMVR07', 'SAADR']"
2,4499386,0.46692709063089916,0.38400217717235074,BWMVR07,98,1,RIVL,"['SAADR', 'BWMVR05', 'BWMVR07']"
