,node_id,connector_id,length,dist_from_root,neuron,project,type,inputs,outputs
0,4253446,4509228,0,0.4168726922305981,BWMVL07,98,1,RIVR,['BWMVL07']
1,4253448,4504989,0,0.7819078104418692,BWMVL07,98,1,SMBVL,"['SAADL', 'BWMVL07']"
2,4253447,4504988,0,0.6553070162644704,BWMVL07,98,1,SMBVL,"['SAADL', 'BWMVL07']"
3,4253452,4499495,0,1.0,BWMVL07,98,1,RIVR,"['RIAR', 'GLRVL', 'BWMVL07']"
4,4253451,4499494,0,0.9598115818880012,BWMVL07,98,1,RIVR,"['RIAR', 'GLRVL', 'BWMVL07']"
5,4253450,4499493,0,0.9179399115428012,BWMVL07,98,1,RIVR,"['RIAR', 'BWMVL07']"
6,4253449,4499492,0,0.806740089545915,BWMVL07,98,1,RIVR,"['RIAR', 'BWMVL07']"
