,connector_id,length,dist_from_root,neuron,project,type,inputs,outputs
0,4500737,0.017477022409551932,0.6942983447857909,SDQR,98,0,SDQR,"['AVBL', 'PVR']"
1,4500711,0.0,0.6942983447857909,SDQR,98,0,SDQR,"['DVA', 'RICL']"
2,4500710,0.0,0.7350152160553816,SDQR,98,0,SDQR,"['DVA', 'RICL']"
3,4497271,0.0,0.6069987995415013,SDQR,98,0,SDQR,['BDUR']
0,4500737,0.017477022409551932,0.6942983447857909,SDQR,98,0,SDQR,"['AVBL', 'PVR']"
1,4500711,0.0,0.6942983447857909,SDQR,98,0,SDQR,"['DVA', 'RICL']"
2,4500710,0.0,0.7350152160553816,SDQR,98,0,SDQR,"['DVA', 'RICL']"
3,4497271,0.0,0.6069987995415013,SDQR,98,0,SDQR,['BDUR']
