,connector_id,length,dist_from_root,neuron,project,type,inputs,outputs
0,4501410,0,0.6611374592505576,SIAVL,98,1,RIAR,"['SIAVL', 'RMDR']"
1,4508775,0,0.7129178104130499,SIAVL,98,1,RIAR,"['SIAVL', 'RMDVR']"
2,4508774,0,0.7149289798104167,SIAVL,98,1,RIAR,"['SIAVL', 'RMDVR']"
3,4508773,0,0.7177275911188836,SIAVL,98,1,RIAR,"['SIAVL', 'RMDVR']"
4,4508772,0,0.7200492152608455,SIAVL,98,1,RIAR,"['SIAVL', 'RMDVR']"
5,4508771,0,0.4915070207789742,SIAVL,98,1,PVCR,"['AVAL', 'SIAVL']"
6,4508770,0,0.4974807603598678,SIAVL,98,1,PVCR,"['AVAL', 'SIAVL']"
7,4508769,0,0.5008080825599264,SIAVL,98,1,PVCR,"['RID', 'SIAVL']"
8,4501731,0,0.7497574072727328,SIAVL,98,1,RIAR,"['RMDVR', 'SIAVL']"
9,4501730,0,0.7462292141192008,SIAVL,98,1,RIAR,"['RMDVR', 'SIAVL']"
10,4501729,0,0.7451560729049667,SIAVL,98,1,RIAR,"['RMDVR', 'SIAVL']"
11,4501728,0,0.7420921254590307,SIAVL,98,1,RIAR,"['RMDVR', 'SIAVL']"
12,4501727,0,0.7413799147178434,SIAVL,98,1,RIAR,"['RMDVR', 'SIAVL']"
13,4501726,0,0.737252004140398,SIAVL,98,1,RIAR,"['RMDVR', 'SIAVL']"
14,4501725,0,0.7358834114495316,SIAVL,98,1,RIAR,['SIAVL']
15,4501419,0,0.6611374592505576,SIAVL,98,1,RIAR,['SIAVL']
16,4501418,0,0.6740423329750423,SIAVL,98,1,RIAR,"['RMDVR', 'SIAVL']"
17,4501417,0,0.6800094646089481,SIAVL,98,1,RIAR,"['RMDVR', 'SIAVL']"
18,4499476,0,0.7571597191362041,SIAVL,98,1,RIVR,['SIAVL']
19,4499475,0,0.7550769621324167,SIAVL,98,1,RIVR,"['SIAVL', 'RMDR']"
20,4499474,0,0.7528093747288956,SIAVL,98,1,RIVR,"['SIAVL', 'RMDR']"
21,4499473,0,0.7497574072727328,SIAVL,98,1,RIVR,"['RMDR', 'SIAVL']"
22,4499472,0,0.7462292141192008,SIAVL,98,1,RIVR,"['RMDR', 'SIAVL']"
23,4499471,0,0.7451560729049667,SIAVL,98,1,RIVR,"['RMDR', 'SIAVL']"
24,4499470,0,0.7420921254590307,SIAVL,98,1,RIVR,"['RMDR', 'SIAVL']"
