,connector_id,length,dist_from_root,neuron,project,type,inputs,outputs
0,4507749,0.03628327818726017,0.22950431384492123,SIBVL,98,1,RMGL,"['SIBVL', 'RMDR', 'RMDVL']"
1,4507801,0.0,0.24355427153849854,SIBVL,98,1,RMGL,"['RMHR', 'SIBVL']"
2,4507758,0.03233922384206129,0.22950431384492123,SIBVL,98,1,RMGL,"['RMDR', 'RMDVL', 'SIBVL']"
3,4507757,0.03387416243932249,0.22950431384492123,SIBVL,98,1,RMGL,"['RMDR', 'SIBVL']"
4,4507756,0.03628327818726017,0.22950431384492123,SIBVL,98,1,RMGL,"['SIBVL', 'RMDR']"
5,4499672,0.0,0.5083156704373524,SIBVL,98,1,PVCL,"['AVBR', 'SIBDL', 'SIBVL']"
6,4499671,0.0,0.5068795665202361,SIBVL,98,1,PVCL,"['AVBR', 'SIBDL', 'SIBVL']"
7,4499670,0.0,0.5062331566518976,SIBVL,98,1,PVCL,"['SIBDL', 'SIBVL']"
8,4499586,0.0476502755371944,0.2250950495956077,SIBVL,98,1,OLQDL,"['SIBVL', 'RMDDR']"
9,4499585,0.05157803875790543,0.2250950495956077,SIBVL,98,1,OLQDL,"['SIBVL', 'RMDDR']"
10,4499584,0.052373831090520316,0.2250950495956077,SIBVL,98,1,OLQDL,"['SIBVL', 'RMDDR']"
11,4499583,0.0554318223425255,0.2250950495956077,SIBVL,98,1,OLQDL,"['SIBVL', 'RMDDR']"
12,4499582,0.056391801846223444,0.2250950495956077,SIBVL,98,1,OLQDL,"['SIBVL', 'RMDDR']"
13,4499581,0.05737076136442107,0.2250950495956077,SIBVL,98,1,OLQDL,"['SIBVL', 'RMDDR']"
14,4499580,0.05884089652560378,0.2250950495956077,SIBVL,98,1,OLQDL,"['SIBVL', 'RMDDR']"
15,4499579,0.060787426506986805,0.2250950495956077,SIBVL,98,1,OLQDL,"['SIBVL', 'RMDDR']"
16,4499578,0.06267455984075267,0.2250950495956077,SIBVL,98,1,OLQDL,"['SIBVL', 'RMDDR']"
