,connector_id,length,dist_from_root,neuron,project,type,inputs,outputs
0,4500579,0.0506851272118169,0.20140888201211612,SIBVR,98,1,OLQDR,"['SIBVR', 'RMDDL']"
1,4500578,0.05230425657777904,0.20140888201211612,SIBVR,98,1,OLQDR,"['SIBVR', 'RMDDL']"
2,4500577,0.0542680543738541,0.20140888201211612,SIBVR,98,1,OLQDR,"['SIBVR', 'RMDDL']"
3,4500576,0.05592841286784109,0.20140888201211612,SIBVR,98,1,OLQDR,"['SIBVR', 'RMDDL']"
4,4500575,0.05665870733520783,0.20140888201211612,SIBVR,98,1,OLQDR,"['SIBVR', 'RMDDL']"
5,4500574,0.05831906582919483,0.20140888201211612,SIBVR,98,1,OLQDR,"['RMDDL', 'SIBVR']"
6,4500573,0.06002208186337767,0.20140888201211612,SIBVR,98,1,OLQDR,"['SIBVR', 'RMDDL']"
7,4500572,0.06252352904325079,0.20140888201211612,SIBVR,98,1,OLQDR,"['SIBVR', 'RMDDL']"
8,4500571,0.06477060674518138,0.20140888201211612,SIBVR,98,1,OLQDR,"['SIBVR', 'RMDDL']"
9,4500570,0.06724734429041412,0.20140888201211612,SIBVR,98,1,OLQDR,"['SIBVR', 'RMDDL']"
