,connector_id,length,dist_from_root,neuron,project,type,inputs,outputs
0,8470703,0.0,0.4126276727405481,BWMDR06,135,1,SMBDL,"['BWMDR06', 'BWMDR04']"
1,8470570,0.2808486160232218,0.5404583028320178,BWMDR06,135,1,RMGR,"['RMDR', 'BWMDR06', 'BWMDR08']"
2,8470569,0.09273708110890337,0.4895062482446444,BWMDR06,135,1,RMGR,"['SIBVR', 'BWMDR06']"
3,8470346,0.15090251126394943,0.5404583028320178,BWMDR06,135,1,RMGR,['BWMDR06']
4,8470345,0.15090251126394943,0.5404583028320178,BWMDR06,135,1,RMGR,"['RMDR', 'BWMDR06']"
5,8470344,0.1577721739715292,0.5404583028320178,BWMDR06,135,1,RMDL,"['BWMDR08', 'BWMDR04', 'BWMDR06']"
6,8470012,0.2072809417857096,0.5404583028320178,BWMDR06,135,1,SMDDL,"['BWMDR06', 'RIML', 'BWMDR04']"
7,8470011,0.18577112943726573,0.5404583028320178,BWMDR06,135,1,RIML,"['BWMDR06', 'RMDR', 'BWMDR04']"
