,connector_id,length,dist_from_root,neuron,project,type,inputs,outputs
0,11441183,0.0,0.2262499163369782,SMBDL,186,1,AIZL,"['SMBVL', 'SMBDL']"
1,11440305,0.01022256504479862,0.7226437023308928,SMBDL,186,1,RMDDL,"['BWMDR01', 'RMDVR', 'SMBDL']"
2,11439944,0.0,0.5334075339296538,SMBDL,186,1,IL2DL,"['SMBDL', 'SAAVL']"
3,11439641,0.0,0.8137423311723115,SMBDL,186,1,CEPDR,"['OLQDR', 'SIADL', 'SMBDL', 'RICR']"
4,11439051,0.03247766841789623,0.21951849773428694,SMBDL,186,1,AVKL,"['RIGL', 'SMBDL']"
5,11438378,0.005582811835544748,0.21951849773428694,SMBDL,186,1,AIZL,"['RIAL', 'SMBDL', 'SMBVL']"
6,11438374,0.05982132927186604,0.21951849773428694,SMBDL,186,1,AIZL,"['SMBVL', 'SMBDL']"
7,11438372,0.0,0.23583208782662313,SMBDL,186,1,AIZL,"['SMBDL', 'RIAL', 'SMBVL']"
8,11438301,0.0,0.4732629577585517,SMBDL,186,1,AIBR,"['SIADL', 'RIML', 'AVBR', 'RIBL', 'SMBDL']"
9,11437071,0.0,0.712670625271262,SMBDL,186,0,SMBDL,"['BWMDR05', 'BWMDR03', 'RMDDL']"
10,11437062,0.0,0.7166636409151318,SMBDL,186,0,SMBDL,"['BWMDR01', 'CEPDR']"
11,11437061,0.0,0.7001143057356425,SMBDL,186,0,SMBDL,"['BWMDR05', 'BWMDR07', 'BWMDR01', 'BWMDR03', 'RMED']"
12,11436649,0.0,0.42486420504076616,SMBDL,186,1,RMGL,"['SMBDL', 'SIBDL']"
13,11260084,0.0,0.7081200750261971,SMBDL,186,1,CEPDR,"['BWMDR05', 'SMBDL', 'BWMDR03']"
14,10932368,0.0,0.9820997215818579,SMBDL,186,1,ALNR,"['SMBDL', 'SAAVR']"
15,10948937,0.01566780433424248,0.6317485667119905,SMBDL,186,0,SMBDL,"['GLRDL', 'RMED']"
16,10948111,0.0,0.777892796164961,SMBDL,186,0,SMBDL,"['BWMDR04', 'RMDDL', 'BWMDR02']"
17,10948099,0.0,0.777892796164961,SMBDL,186,0,SMBDL,"['BWMDR06', 'CEPDR', 'BWMDR02', 'BWMDR04']"
18,10948068,0.0,1.0,SMBDL,186,0,SMBDL,['SAAVR']
19,10948062,0.0,0.9866251429912122,SMBDL,186,0,SMBDL,['SAAVR']
