,connector_id,length,dist_from_root,neuron,project,type,inputs,outputs
0,9596795,0.0,0.7124605638523099,ADEL,156,0,ADEL,"['AQR', 'RIGR']"
1,9595311,0.19610398986088529,0.43418515989109624,ADEL,156,0,ADEL,['PVT']
2,9595308,0.19610398986088529,0.43418515989109624,ADEL,156,0,ADEL,['AVAR']
3,9595082,0.14350242770126734,0.43418515989109624,ADEL,156,0,ADEL,['RIGL']
4,9595077,0.0,0.8971259294911094,ADEL,156,0,ADEL,['RIGR']
