,connector_id,length,dist_from_root,neuron,project,type,inputs,outputs
0,9597685,0,0.1274144975865712,AFDL,156,0,AFDL,['AIYL']
1,9597682,0,0.236964182562931,AFDL,156,0,AFDL,['AIYL']
2,9597676,0,0.38184290009774075,AFDL,156,0,AFDL,['ADFL']
3,9597673,0,0.40783167022224553,AFDL,156,0,AFDL,['AUAL']
4,9597670,0,0.5333579260538651,AFDL,156,0,AFDL,['AIYL']
5,9597667,0,0.9864196582394108,AFDL,156,0,AFDL,['AIYL']
6,9595470,0,0.13781001095481624,AFDL,156,1,AWAL,"['AIYL', 'AFDL']"
7,9595147,0,0.2628966579355697,AFDL,156,1,ADFL,['AFDL']
