,connector_id,length,dist_from_root,neuron,project,type,inputs,outputs
0,9597715,0,0.16877672914325276,AFDR,156,0,AFDR,['AIYR']
1,9597712,0,0.2601790899762052,AFDR,156,0,AFDR,['AWAR']
2,9597709,0,0.28497560649402315,AFDR,156,0,AFDR,['AWCL']
3,9597706,0,0.2998112160640297,AFDR,156,0,AFDR,['AIYR']
4,9597704,0,0.4142553670069428,AFDR,156,0,AFDR,['AIYR']
5,9597692,0,0.809250479224885,AFDR,156,0,AFDR,['AIYR']
