,connector_id,length,dist_from_root,neuron,project,type,inputs,outputs
0,9598869,0.0,0.05254599196140188,AINR,156,1,AVHR,"['AVJR', 'AINR']"
1,9597984,0.005882743597646544,0.674694601732313,AINR,156,0,AINR,"['NR_fragment', 'BAGR', 'RIBL']"
2,9597979,0.00993143790713743,0.5855988642234532,AINR,156,0,AINR,['AUAL']
3,9597975,0.014878705981647512,0.5855988642234532,AINR,156,0,AINR,"['NR_fragment', 'BAGR']"
4,9597971,0.028260161893562206,0.5855988642234532,AINR,156,0,AINR,"['RIBL', 'BAGR']"
5,9597968,0.0,0.6817502871791447,AINR,156,0,AINR,['BAGR']
6,9597953,0.0,0.17408594930770177,AINR,156,0,AINR,['URYDR']
