,connector_id,length,dist_from_root,neuron,project,type,inputs,outputs
0,9600948,0.0,0.09830542366425253,ALMR,156,1,SIADL,['ALMR']
1,9598263,0.08554721468143868,0.47005940716150363,ALMR,156,0,ALMR,"['CEPDR', 'SMBDL']"
2,9598260,0.0,0.897064311536858,ALMR,156,0,ALMR,"['PVCR', 'AVDL']"
3,9598254,0.0,0.8483924422005816,ALMR,156,0,ALMR,"['AVBL', 'AVDL', 'AVBR', 'CEPVR']"
4,9598251,0.0,0.5557565358054751,ALMR,156,0,ALMR,['BDUR']
5,9598248,0.0,0.5366211156413551,ALMR,156,0,ALMR,['CEPVR']
6,9598266,0.0010914952501130588,0.2319309454260479,ALMR,156,0,ALMR,['AVDR']
7,9596308,0.014763396688618374,0.47005940716150363,ALMR,156,1,PVNLR,"['ALMR', 'BDUR']"
8,9596290,0.0,0.8805365104952705,ALMR,156,1,PVNLR,['ALMR']
