,connector_id,length,dist_from_root,neuron,project,type,inputs,outputs
0,9600792,0.0,0.6805694791301115,ALNL,156,1,RMGL,"['ALNL', 'SIADR']"
1,9598286,0.0,0.23762053815955275,ALNL,156,0,ALNL,"['SMBDR', 'SAAVL']"
2,9598282,0.0,0.8031751894314133,ALNL,156,0,ALNL,['RIVR']
3,9598279,0.0,0.8697765223227608,ALNL,156,0,ALNL,['SAAVL']
4,9598276,0.0,0.13672244871146103,ALNL,156,0,ALNL,['SAAVL']
5,9596774,0.057106301503556445,0.8697765223227608,ALNL,156,1,RIGL,"['AVKR', 'RMHR', 'ALNL']"
