,connector_id,length,dist_from_root,neuron,project,type,inputs,outputs
0,9595290,0,0.2596144647947172,ASIR,156,0,ASIR,['XXXR']
1,9595286,0,0.03577738952787946,ASIR,156,0,ASIR,['AWBR']
2,9595255,0,0.3692495659607502,ASIR,156,0,ASIR,['ASGR']
3,9595249,0,0.4680388546809964,ASIR,156,1,ASGR,['ASIR']
4,9595246,0,0.5312573848282877,ASIR,156,1,ASGR,['ASIR']
5,9595237,0,0.2620611466664212,ASIR,156,0,ASIR,['ASGR']
6,9595236,0,0.2538049448085915,ASIR,156,1,ASGR,['ASIR']
7,8990054,0,0.32796461455360504,ASIR,156,1,ASGR,['ASIR']
8,8990052,0,0.32796461455360504,ASIR,156,1,ASGR,['ASIR']
