,connector_id,length,dist_from_root,neuron,project,type,inputs,outputs
0,9601797,0.0,0.08757404526201223,IL2DR,156,1,URYDR,"['IL2DR', 'RIH']"
1,9600050,0.0,0.1014858412264993,IL2DR,156,1,RIH,"['URYDR', 'IL2DR']"
2,9596036,0.0,0.2120551346812041,IL2DR,156,1,IL2R,"['IL2DR', 'DVC']"
3,9595959,0.03648244929360442,0.8995311337613257,IL2DR,156,0,IL2DR,"['RMEV', 'RMED']"
4,9595957,0.0,0.5918762884801713,IL2DR,156,0,IL2DR,['SAAVR']
5,9595952,0.0010481862072767463,0.8995311337613257,IL2DR,156,0,IL2DR,"['RMED', 'RMER']"
6,9595949,0.0,0.9699442389078615,IL2DR,156,0,IL2DR,['RMEL']
7,9595803,0.0,0.22436498158945786,IL2DR,156,1,DVC,['IL2DR']
8,9595779,0.0,0.21516968979102213,IL2DR,156,0,IL2DR,['RIGR']
