,connector_id,length,dist_from_root,neuron,project,type,inputs,outputs
0,9601783,0.0,0.5949654639773725,IL2DL,156,1,URYDL,"['IL2DL', 'AVDL']"
1,9601764,0.0,0.11611153020066563,IL2DL,156,1,URYDL,['IL2DL']
2,9599996,0.0,0.11220174393276658,IL2DL,156,1,RIH,"['URYDL', 'IL2DL']"
3,9599990,0.1026507363163482,0.6443601818165343,IL2DL,156,1,RIH,['IL2DL']
4,9595984,0.0,0.26739227766833124,IL2DL,156,1,IL2L,"['IL2DL', 'URXL']"
5,9595946,0.100168774288869,0.6443601818165343,IL2DL,156,0,IL2DL,['SAAVL']
6,9595944,0.0,0.23557086018867282,IL2DL,156,0,IL2DL,['RIGL']
