,connector_id,length,dist_from_root,neuron,project,type,inputs,outputs
0,9596175,0.012835782304252656,0.8099757327354757,OLQDR,156,0,OLQDR,['RMDVR']
1,9596172,0.0,0.658587657566448,OLQDR,156,0,OLQDR,"['SIBVR', 'RMDDL']"
2,9596169,0.0,0.658587657566448,OLQDR,156,0,OLQDR,['RMDDL']
3,9596164,0.0,0.6740861880514566,OLQDR,156,0,OLQDR,['SMBDL']
4,9596156,0.0,0.6999357862827745,OLQDR,156,0,OLQDR,['RMDDL']
5,9596146,0.0,0.5857031646911695,OLQDR,156,0,OLQDR,"['RMHR', 'RICL']"
6,9596145,0.0,0.5401565730447488,OLQDR,156,0,OLQDR,['RICR']
