,connector_id,length,dist_from_root,neuron,project,type,inputs,outputs
0,9600974,0.0,0.8531194450278411,SIAVR,156,0,SIAVR,"['RICR', 'DVA']"
1,9600273,0.0,0.714039637690448,SIAVR,156,1,RIVL,"['RMDVL', 'SIAVR']"
2,9599361,0.0,0.8208782211518413,SIAVR,156,1,DVA,"['SMDVL', 'PLNR', 'SIAVR']"
3,9599335,0.0,0.35174974299561823,SIAVR,156,1,DVA,"['SIBVR', 'SIBVL', 'SIAVR']"
4,9599288,0.0,0.7005844642138861,SIAVR,156,1,CEPVR,['SIAVR']
5,9598858,0.0,0.17422690731217091,SIAVR,156,1,AVHL,['SIAVR']
6,9596379,0.006383994324758899,0.633976403368587,SIAVR,156,1,RIAL,"['SIAVR', 'RMDL']"
