,connector_id,length,dist_from_root,neuron,project,type,inputs,outputs
0,9601017,0.0,0.11245486042815679,SIBDR,156,0,SIBDR,['SIADR']
1,9600853,0.0020377229211759767,0.3832894867056086,SIBDR,156,1,RMGR,"['SMBDR', 'SIBDR']"
2,9599614,0.0,0.5229810059645796,SIBDR,156,1,PVCL,"['AVBL', 'SIBDR']"
3,9596648,0.0,0.23036803545937598,SIBDR,156,1,ADAR,"['SIBDR', 'SMBDR', 'SAADR', 'AVAL']"
4,9596229,0.06400219727258581,0.34367725094146095,SIBDR,156,1,OLQVR,"['RMDVL', 'SIBDR']"
5,9596226,0.03475102424509279,0.33001055199066637,SIBDR,156,1,OLQVR,"['SIBDR', 'RMDVL']"
