,connector_id,length,dist_from_root,neuron,project,type,inputs,outputs
0,9600890,0.0,0.7870444542124266,SIBVL,156,1,SDQR,['SIBVL']
1,9600800,0.0,0.2690474276338792,SIBVL,156,1,RMGL,"['SIBVL', 'SIBDL']"
2,9599606,0.0,0.033330220377160935,SIBVL,156,1,PVCL,['SIBVL']
3,9599335,0.0,0.6738342541060567,SIBVL,156,1,DVA,"['SIBVR', 'SIBVL', 'SIAVR']"
4,9598323,0.0,0.1727929719309704,SIBVL,156,1,AQR,['SIBVL']
5,9596126,0.1299077158250987,0.285893620656398,SIBVL,156,1,OLQDL,"['RMDDR', 'SIBVL']"
6,9596121,0.1419850020863811,0.285893620656398,SIBVL,156,1,OLQDL,"['RMDDR', 'SIBVL']"
