,connector_id,length,dist_from_root,neuron,project,type,inputs,outputs
0,9601790,0.0,0.5101631801790053,URADL,156,1,URYDL,"['URADL', 'AVHL']"
1,9601776,0.0,0.5408590533414599,URADL,156,1,URYDL,['URADL']
2,9601520,0.04550308940542407,0.9037566785929488,URADL,156,0,URADL,"['BWMDR01', 'BWMDL03']"
3,9601515,0.0,0.853544039303512,URADL,156,0,URADL,"['BWMDL01', 'RMED']"
4,9601513,0.021641186508144436,0.9037566785929488,URADL,156,0,URADL,['RMDVL']
5,9601510,0.0,0.720312205757528,URADL,156,0,URADL,['BWMDL01']
6,9601506,0.0,0.7978521713896428,URADL,156,0,URADL,"['BWMDL02', 'RMED']"
7,9595876,0.019512020419754837,0.7922439774192855,URADL,156,1,IL1L,['URADL']
