,connector_id,length,dist_from_root,neuron,project,type,inputs,outputs
0,9601549,0.0335539220719919,0.7602381623043121,URADR,156,0,URADR,"['BWMDR02', 'BWMDR01', 'RIPR']"
1,9601532,0.13460895489263122,0.7602381623043121,URADR,156,0,URADR,['RMED']
2,9601528,0.0,0.8264713340682074,URADR,156,0,URADR,"['RMDVR', 'IL1R']"
3,9596938,0.07288709505561343,0.9211144789731097,URADR,156,1,RMDDL,['URADR']
