,node_id,connector_id,length,dist_from_root,neuron,project,type,inputs,outputs
0,8283598,8469271,0.0,0.4582286820949959,ALA(0),135,1,PVQR,"['ALA', 'ASKR']"
1,8283649,8453292,0.0,0.8676016196221635,ALA(0),135,1,ASJR,"['ALA', 'PVQR']"
2,8283646,8416838,0.047060981392512365,0.8606517505584622,ALA(0),135,0,ALA,"['CEPshVR', 'AVAR']"
3,8283669,8416836,0.019304801973006908,0.9178720164512819,ALA(0),135,0,ALA,['AVER']
4,8283667,8416833,0.005975549932963985,0.9178720164512819,ALA(0),135,0,ALA,"['CEPshDR', 'CEPshVR', 'AVER']"
5,8283405,8453247,0.0,0.9172404900023833,ALA(1),135,1,ASJL,"['ALA', 'PVQL']"
6,8283465,8416841,0.04891565830292526,0.9104402078854069,ALA(1),135,1,PVQL,"['ALA', 'ADLL']"
7,8283464,8416840,0.04666440836101463,0.9104402078854069,ALA(1),135,0,ALA,"['ADLL', 'AVEL']"
8,8283412,8416831,0.0,0.9405760305950012,ALA(1),135,0,ALA,['AVEL']
