,node_id,connector_id,length,dist_from_root,neuron,project,type,inputs,outputs
0,8253928,8471911,0.17991249204609094,0.6727072212006657,BWMDL08,135,1,RMGL,"['BWMDL04', 'BWMDL06', 'BWMDL08']"
1,8253906,8470539,0.19837876723191802,0.6727072212006657,BWMDL08,135,1,RMGL,"['BWMDL08', 'BWMDL04']"
2,8253858,8470538,0.0,0.5476833570559828,BWMDL08,135,1,RMGL,"['RMDR', 'RMDVR', 'BWMDL08', 'BWMDL06', 'SIBVL']"
