,connector_id,length,dist_from_root,neuron,project,type,inputs,outputs
0,8471911,0.038951817445951026,0.820903276334103,BWMDL06,135,1,RMGL,"['BWMDL04', 'BWMDL06', 'BWMDL08']"
1,8470775,0.0,0.736960361081388,BWMDL06,135,1,SMDDR,"['BWMDL06', 'BWMDL04', 'RMDR', 'RIMR']"
2,8470720,0.0,0.2810284886662565,BWMDL06,135,1,SMBDR,"['BWMDL06', 'BWMDL04', 'BWMDL02']"
3,8470717,0.0,0.31125895947783117,BWMDL06,135,1,SMBDR,['BWMDL06']
4,8470540,0.11984216130027599,0.820903276334103,BWMDL06,135,1,RMGL,"['RMDL', 'BWMDL06', 'BWMDL04']"
5,8470538,0.12991797141158076,0.5469123918741599,BWMDL06,135,1,RMGL,"['RMDR', 'RMDVR', 'BWMDL08', 'BWMDL06', 'SIBVL']"
6,8470375,0.0,0.6016704357868291,BWMDL06,135,1,RMDR,"['BWMDL04', 'BWMDL06']"
7,8470069,0.0,0.732060400200923,BWMDL06,135,1,RMDR,"['BWMDL06', 'SMDDR']"
8,8470066,0.0,0.8160033154536379,BWMDL06,135,1,RIMR,"['RMDL', 'BWMDL06', 'BWMDL04']"
