,node_id,connector_id,length,dist_from_root,neuron,project,type,inputs,outputs
0,8247888,8470731,0.3847190729329677,0.35265826729981103,BWMDL07,135,1,SMBDR,"['RMED', 'BWMDL05', 'BWMDL07']"
1,8247798,8470480,0.0,0.5941121709154007,BWMDL07,135,1,SMDDR,"['SMDVL', 'BWMDL01', 'BWMDL07', 'BWMDL03', 'BWMDL05']"
2,8247875,8469598,0.2403222157544174,0.35265826729981103,BWMDL07,135,1,RMDDR,"['BWMDL05', 'BWMDL07', 'SMBDR']"
3,8247861,8461988,0.0,1.0,BWMDL07,135,1,CEPDR,"['BWMDR07', 'RMDVR', 'RMDDL', 'BWMDL07']"
