,node_id,connector_id,length,dist_from_root,neuron,project,type,inputs,outputs
0,8287442,8471890,0.0,0.8143360866675707,BWMDR07,135,1,RMDDL,"['BWMDR05', 'BWMDR07']"
1,8287437,8470707,0.0,0.7089113197681903,BWMDR07,135,1,SMBDL,"['BWMDR05', 'BWMDR07', 'RMED']"
2,8287462,8470296,0.12237604665144029,0.6518850757063729,BWMDR07,135,1,SMDDL,"['BWMDR07', 'BWMDR05', 'BWMDR05', 'CEPDR']"
3,8287434,8470295,0.0,0.6861291556182446,BWMDR07,135,1,SMBDL,"['BWMDR03', 'BWMDR07', 'RMED', 'BWMDR05']"
4,8287463,8470294,0.13259407318178168,0.6518850757063729,BWMDR07,135,1,RMDDL,"['BWMDR07', 'RMDVR']"
5,8287434,8470293,0.0,0.6861291556182446,BWMDR07,135,1,RMDDL,"['URYDR', 'BWMDR05', 'BWMDR07', 'BWMDR03']"
6,8287424,8461988,0.0,0.5750810260333078,BWMDR07,135,1,CEPDR,"['BWMDR07', 'RMDVR', 'RMDDL', 'BWMDL07']"
