,connector_id,length,dist_from_root,neuron,project,type,inputs,outputs
0,8471038,0.0,0.709043969425499,SIBVL,135,1,URYVR,"['AVDL', 'AVBR', 'SIBVL', 'AVBL']"
1,8471037,0.0,0.7262095479781978,SIBVL,135,1,URYVR,"['SIBVR', 'AVBL', 'SIBVL', 'SIBDR']"
2,8471024,0.0,0.19906073338938154,SIBVL,135,1,URYVL,"['SIBVL', 'SIBVR']"
3,8470617,0.0,0.7565476759955956,SIBVL,135,1,SDQR,"['AVBL', 'SIBVL']"
4,8470560,0.0038574971722114782,0.3186233019826802,SIBVL,135,1,RMGL,"['SIBVL', 'SIBDL']"
5,8470538,0.0491012600468282,0.3186233019826802,SIBVL,135,1,RMGL,"['RMDR', 'RMDVR', 'BWMDL08', 'BWMDL06', 'SIBVL']"
6,8469171,0.0,0.4670218203019537,SIBVL,135,1,PVCR,"['SIBDR', 'SIBVL', 'AVBR']"
7,8469143,0.0,0.4495374279844844,SIBVL,135,1,PVCL,"['SIBVL', 'SIBDL', 'AVBR']"
8,8462616,0.07416046968459059,0.3186233019826802,SIBVL,135,1,OLQDL,"['RMDDR', 'SIBVL']"
9,8462615,0.09218820448337535,0.3186233019826802,SIBVL,135,1,OLQDL,"['SIBVL', 'RMDDR']"
10,8462614,0.0969085533274418,0.3186233019826802,SIBVL,135,1,OLQDL,"['SIBVL', 'RMDDR']"
11,8462608,0.08605249773559585,0.3186233019826802,SIBVL,135,1,OLQDL,"['SMBDR', 'SIBVL']"
12,8462606,0.08128852411577721,0.3186233019826802,SIBVL,135,1,OLQDL,"['SIBVL', 'RMDDR']"
13,8416311,0.0,0.5700967132105773,SIBVL,135,1,AIBL,"['RIBR', 'SIBVL']"
