,connector_id,length,dist_from_root,neuron,project,type,inputs,outputs
0,8471973,0.0,0.708818983371286,SIBVR,135,1,URYVL,"['RID', 'SIBVR', 'AVBL']"
1,8471037,0.0,0.20731154980049568,SIBVR,135,1,URYVR,"['SIBVR', 'AVBL', 'SIBVL', 'SIBDR']"
2,8471024,0.0,0.7116386253509935,SIBVR,135,1,URYVL,"['SIBVL', 'SIBVR']"
3,8470569,0.06034642743164279,0.31123602039147,SIBVR,135,1,RMGR,"['SIBVR', 'BWMDR06']"
4,8469183,0.0,0.20250916042389014,SIBVR,135,1,PVCR,"['AVBL', 'SIBVR']"
5,8469179,0.0,0.4007703702420181,SIBVR,135,1,PVCR,"['AVDR', 'AVBL', 'SIBDR', 'SIBVR']"
6,8469178,0.0,0.4228902524312659,SIBVR,135,1,PVCR,"['SIBDR', 'SIBVR']"
7,8469175,0.0,0.42996734492477834,SIBVR,135,1,PVCR,"['SIBVR', 'SIBDR']"
8,8462631,0.06391820611914112,0.31123602039147,SIBVR,135,1,OLQDR,"['SIBVR', 'RMDDL']"
9,8462630,0.054734468687553876,0.31123602039147,SIBVR,135,1,OLQDR,"['SIBVR', 'RMDDL']"
10,8462629,0.07081009406464163,0.31123602039147,SIBVR,135,1,OLQDR,"['RMDDL', 'SMBDL', 'SIBVR']"
11,8462627,0.07010006285836934,0.31123602039147,SIBVR,135,1,OLQDR,"['RMDDL', 'SIBVR']"
12,8462158,0.0,0.6866410892692508,SIBVR,135,1,DVA,"['OLQVL', 'SIBVR']"
13,8417918,0.0,0.075972664865577,SIBVR,135,1,ADFR,"['RIAR', 'SIBVR']"
