,connector_id,length,dist_from_root,neuron,project,type,inputs,outputs
0,4500183,0.0,0.800381667236394,ADER,98,1,AQR,['ADER']
1,4507032,0.03242845908712574,0.8388096614911339,ADER,98,1,FLPR,['ADER']
2,4509281,0.03721443437078955,0.1464022198625507,ADER,98,0,ADER,"['AQR', 'RIGR']"
3,4509289,0.059128573601822464,0.1464022198625507,ADER,98,0,ADER,"['AQR', 'AVAL']"
4,4509304,0.10353429841704158,0.0,ADER,98,0,ADER,['AVAL']
5,4509339,0.0,0.7461800211228886,ADER,98,0,ADER,['RIGR']
