,connector_id,length,dist_from_root,neuron,project,type,inputs,outputs
0,4498413,0.0,0.2527030174533907,AIML,98,1,ASGL,['AIML']
1,4500433,0.017351283042099448,0.6700057929032137,AIML,98,0,AIML,['ASKL']
2,4504005,0.009213271634451516,0.41420356217008786,AIML,98,0,AIML,"['AIAL', 'ASKL']"
3,4504024,0.0,0.2823970515186549,AIML,98,0,AIML,"['AIAL', 'ASGL']"
4,4504056,0.0,0.9454640334644466,AIML,98,0,AIML,"['AIMR', 'ASJL']"
5,4504068,0.0,0.24185869197043292,AIML,98,0,AIML,"['AIAL', 'ASGL']"
6,5264847,0.0,0.7701187983177027,AIML,98,0,AIML,"['ALML', 'AVDL']"
