,connector_id,length,dist_from_root,neuron,project,type,inputs,outputs
0,4498515,0.0,0.35614857111069437,AIMR,98,1,ASGR,['AIMR']
1,4498522,0.013470787788938718,0.35614857111069437,AIMR,98,1,ASGR,['AIMR']
2,4500462,0.0,0.9927482111743055,AIMR,98,0,AIMR,"['AIAL', 'ASHL', 'ASHR']"
3,4500475,0.0,0.6795706759273634,AIMR,98,0,AIMR,"['ALMR', 'AVBR', 'SIBDL']"
4,4500526,0.006037547703165358,0.31756442250790473,AIMR,98,0,AIMR,['ASGR']
5,4504056,0.0,0.993737964612813,AIMR,98,1,AIML,['AIMR']
6,4509074,0.013470787788938718,0.35614857111069437,AIMR,98,0,AIMR,"['AIAR', 'ASGR']"
7,4509253,0.0,0.2638312025700724,AIMR,98,0,AIMR,"['AIAR', 'ASGR']"
