,connector_id,length,dist_from_root,neuron,project,type,inputs,outputs
0,4498855,0.009274006864681881,0.602674988192716,AINL,98,1,AWCR,['AINL']
1,4504085,0.0,0.2745309799637542,AINL,98,0,AINL,"['AFDL', 'CEPshDL', 'RID']"
2,4504092,0.0,0.4408213894265404,AINL,98,0,AINL,"['AFDR', 'ASEL']"
3,4504106,0.0,0.6817840882071543,AINL,98,0,AINL,['AFDR']
4,4504113,0.0,0.6269276892595222,AINL,98,0,AINL,"['AUAR', 'RIBR']"
5,4504117,0.0,0.6493029818486752,AINL,98,0,AINL,"['AUAR', 'RIBR']"
6,4504120,0.0,0.606983602803141,AINL,98,0,AINL,"['AFDR', 'AUAR']"
7,4504139,0.0,0.719089448608753,AINL,98,0,AINL,"['AFDR', 'BAGL']"
