,connector_id,length,dist_from_root,neuron,project,type,inputs,outputs
0,4498404,0.0,0.9393732470713968,ASGL,98,0,ASGL,"['AIAL', 'AIBL']"
1,4498413,0.0,0.41030552278518073,ASGL,98,0,ASGL,"['AIAL', 'AIML']"
2,4498427,0.0,0.33838352956791423,ASGL,98,0,ASGL,['AIAL']
3,4498436,0.0,0.30896572432178515,ASGL,98,0,ASGL,['AIAL']
4,4498440,0.005119991724459165,0.30896572432178515,ASGL,98,0,ASGL,['AIAL']
5,4498455,0.0,0.12716451927750122,ASGL,98,0,ASGL,['AIAL']
6,4498470,0.0,0.35147029670770435,ASGL,98,0,ASGL,['AIAL']
7,4504024,0.0,0.5127192458955003,ASGL,98,1,AIML,['ASGL']
8,4504068,0.0,0.41030552278518073,ASGL,98,1,AIML,['ASGL']
