,connector_id,length,dist_from_root,neuron,project,type,inputs,outputs
0,4501723,0.0,0.8125812586317933,IL1VL,98,0,IL1VL,"['BWM-VL02', 'RIPL', 'RMDDL']"
1,4501744,0.020852404800018612,0.6376359341545258,IL1VL,98,0,IL1VL,"['BWM-VL02', 'RIPL', 'RMDDL']"
2,4501754,0.0,0.6376359341545258,IL1VL,98,0,IL1VL,"['BWM-VL02', 'RIPL', 'RMDDL']"
3,4501776,0.002176060315225169,0.5752981893056871,IL1VL,98,0,IL1VL,"['BWM-VL01', 'RIPL', 'RMEL']"
4,4506586,0.0,0.4860752784822786,IL1VL,98,1,PVR,['IL1VL']
5,4508266,0.039834292883967275,0.6376359341545258,IL1VL,98,1,IL2VL,['IL1VL']
6,5470800,0.0,0.4882351689340811,IL1VL,98,1,CEPVL,['IL1VL']
