,connector_id,length,dist_from_root,neuron,project,type,inputs,outputs
0,4499936,0.0,0.44343202081603433,IL2DR,98,1,BDUR,['IL2DR']
1,4502118,0.0,0.8449278540265863,IL2DR,98,0,IL2DR,"['RIPR', 'RMEL', 'URADR']"
2,4502135,0.0,0.763916853750215,IL2DR,98,0,IL2DR,"['RIPR', 'RMED', 'RMER']"
3,4502150,0.0,0.7616438307760622,IL2DR,98,0,IL2DR,"['RMEL', 'URADR']"
4,4502168,0.08755132761755881,0.749103435410919,IL2DR,98,0,IL2DR,"['IL1DR', 'RIPR', 'RMER']"
5,4502175,0.12038244382470763,0.749103435410919,IL2DR,98,0,IL2DR,"['RIPR', 'RMEL', 'RMEV']"
6,4502193,0.1461040212740817,0.749103435410919,IL2DR,98,0,IL2DR,"['RIPR', 'RMER', 'RMEV', 'URADR']"
7,4503383,0.0,0.9521570531970939,IL2DR,98,1,RIH,['IL2DR']
