,connector_id,length,dist_from_root,neuron,project,type,inputs,outputs
0,4497358,0.1238505886327931,0.8050873465535472,IL2DL,98,1,RIH,['IL2DL']
1,4501958,0.04883842281315455,0.8050873465535472,IL2DL,98,0,IL2DL,"['RMED', 'RMEL']"
2,4501962,0.03436117754733174,0.8050873465535472,IL2DL,98,0,IL2DL,"['RIPL', 'RMER']"
3,4501977,0.024712968248444808,0.8050873465535472,IL2DL,98,0,IL2DL,"['IL1DL', 'RMEL']"
4,4502090,0.0,0.8311733910229618,IL2DL,98,0,IL2DL,"['RIPL', 'RMEL', 'RMER']"
5,4502093,0.0,0.8657119663778821,IL2DL,98,0,IL2DL,"['RMED', 'RMEL', 'RMER']"
6,4502098,0.0,0.8775305883141995,IL2DL,98,0,IL2DL,"['RIPL', 'URADL']"
7,4503332,0.11163689449309161,0.8050873465535472,IL2DL,98,1,RIH,['IL2DL']
8,4507009,0.0,0.8775305883141995,IL2DL,98,1,RIH,['IL2DL']
