,connector_id,length,dist_from_root,neuron,project,type,inputs,outputs
0,4499994,0.0,0.6284897607032622,IL2VL,98,1,CEPVL,['IL2VL']
1,4502896,0.05087323713341895,0.9036108382708383,IL2VL,98,0,IL2VL,['RIPL']
2,4502898,0.0,0.9659928421647945,IL2VL,98,0,IL2VL,"['RIPL', 'RMEL']"
3,4502912,0.0,0.7714928598449182,IL2VL,98,0,IL2VL,"['RIPL', 'RMER']"
4,4502920,0.0,0.7458748393873547,IL2VL,98,0,IL2VL,"['RIPL', 'RMED', 'RMER']"
5,4502937,0.0018581193547958098,0.7097790466131251,IL2VL,98,0,IL2VL,"['RIPL', 'RMEL']"
6,4502944,0.020832085294392576,0.7097790466131251,IL2VL,98,0,IL2VL,"['RIPL', 'RMEL']"
7,4508266,0.0,0.6693235515854572,IL2VL,98,0,IL2VL,"['IL1VL', 'RIPL', 'URAVL']"
