,connector_id,length,dist_from_root,neuron,project,type,inputs,outputs
0,4497036,0.16182118499952347,0.0,OLQDL,98,1,RIH,['OLQDL']
1,4499377,0.025402089646491807,0.9037303169793616,OLQDL,98,0,OLQDL,['IL2L']
2,4499578,0.0,0.5354402025233541,OLQDL,98,0,OLQDL,"['RMDDR', 'SIBVL']"
3,4499716,0.005446993239010357,0.4945634392330555,OLQDL,98,1,CEPDL,['OLQDL']
4,4499908,0.029854041642953934,0.4945634392330555,OLQDL,98,0,OLQDL,['RICR']
5,4502488,0.0,0.9247078818069474,OLQDL,98,1,IL2L,['OLQDL']
6,4502546,0.0339297410779418,0.9037303169793616,OLQDL,98,1,IL2L,['OLQDL']
7,4503223,0.021966463029852504,0.012096792257961975,OLQDL,98,1,RIH,['OLQDL']
8,4504339,0.0,0.0028843312320010065,OLQDL,98,1,RIH,['OLQDL']
