,connector_id,length,dist_from_root,neuron,project,type,inputs,outputs
0,4497029,0,0.7106454871217683,PVPL,98,0,PVPL,['AVHR']
1,4502557,0,0.8354136279600138,PVPL,98,1,RIFL,['PVPL']
2,4502575,0,0.2203096158796866,PVPL,98,1,RIFL,['PVPL']
3,4509301,0,0.45167377594719677,PVPL,98,0,PVPL,"['AVAL', 'DVA']"
4,4509389,0,0.45740325216260785,PVPL,98,0,PVPL,"['AIBR', 'RIGL']"
