,connector_id,length,dist_from_root,neuron,project,type,inputs,outputs
0,4498619,0.0,0.8584424735545846,PVPR,98,0,PVPR,['PVCR']
1,4498690,0.0,0.17671806421432734,PVPR,98,0,PVPR,"['AIBL', 'AVEL']"
2,4503436,0.0,0.3512310574530671,PVPR,98,0,PVPR,['AVBR']
3,4504820,0.04469080050059691,0.4725925955184598,PVPR,98,0,PVPR,"['AVBL', 'RIGR']"
4,4508153,0.0,0.5194428136732728,PVPR,98,1,AVHL,['PVPR']
