,connector_id,length,dist_from_root,neuron,project,type,inputs,outputs
0,4502196,0.017278292226080873,0.14640842333479703,RID,98,1,RIBR,['RID']
1,4504085,0.026742729942293802,0.0632304034360004,RID,98,1,AINL,['RID']
2,4506779,0.0,0.745450687105914,RID,98,1,PVCR,['RID']
3,4508769,0.0,0.43515531515777117,RID,98,1,PVCR,['RID']
4,4508788,0.0,0.2331363695901504,RID,98,1,PVCR,['RID']
5,4508800,0.0,0.7115609757481881,RID,98,1,PVCR,['RID']
6,5067180,0.04281356430279983,0.0632304034360004,RID,98,1,AINR,['RID']
