,connector_id,length,dist_from_root,neuron,project,type,inputs,outputs
0,4497111,0.0,0.7760763755557525,RIFR,98,1,AVHL,['RIFR']
1,4497543,0.06879574514868657,0.18530631115947363,RIFR,98,1,AVJL,['RIFR']
2,4501429,0.0,0.2710167549265726,RIFR,98,1,AIAR,['RIFR']
3,4501811,0.0,0.5890873918492454,RIFR,98,1,ALMR,['RIFR']
4,4501917,0.0,0.6808240871147154,RIFR,98,1,ALMR,['RIFR']
5,4502607,0.0,0.9456904399438869,RIFR,98,0,RIFR,"['AVBR', 'BDUL']"
6,4502628,0.0,0.18530631115947363,RIFR,98,0,RIFR,"['AVBR', 'AVJL', 'RIMR']"
7,4502650,0.0,0.47051583566780475,RIFR,98,0,RIFR,"['ASHR', 'AVBR', 'BDUR']"
8,4506640,0.0,0.8619680866234182,RIFR,98,0,RIFR,"['AVBR', 'BDUR']"
