,connector_id,length,dist_from_root,neuron,project,type,inputs,outputs
0,4500538,0.018952321936963668,0.5450370901263084,RMGR,98,1,URXR,['RMGR']
1,4503259,0.06373113086779623,0.7936323317815045,RMGR,98,1,AVKL,['RMGR']
2,4507687,0.0,0.7756047202619241,RMGR,98,0,RMGR,"['RMDL', 'RMDL']"
3,4507690,0.0,0.7719381985330006,RMGR,98,0,RMGR,"['RMDL', 'SIBDR']"
4,4507693,0.007664834842378196,0.7936323317815045,RMGR,98,0,RMGR,['RMDR']
5,4507787,0.0,0.834934427746902,RMGR,98,0,RMGR,"['BWM-VR06', 'RMDR']"
6,4508278,0.0343045552978146,0.7936323317815045,RMGR,98,1,RIGR,['RMGR']
