,connector_id,length,dist_from_root,neuron,project,type,inputs,outputs
0,4499369,0.011391048678741978,0.7367773986572576,RMHR,98,1,RICR,['RMHR']
1,4502332,0.0,0.5385500157405978,RMHR,98,1,RICL,['RMHR']
2,4504286,0.0,0.937318598427216,RMHR,98,1,RMGL,['RMHR']
3,4507550,0.0,0.7803508914957396,RMHR,98,0,RMHR,"['CEPDL', 'RMDR']"
4,4507801,0.0335963229916863,0.7607822368798977,RMHR,98,1,RMGL,['RMHR']
