,connector_id,length,dist_from_root,neuron,project,type,inputs,outputs
0,4499479,0,0.6740175091862528,SIAVR,98,1,RIVL,['SIAVR']
1,4499480,0,0.6985344494369357,SIAVR,98,1,RIVL,['SIAVR']
2,4501034,0,0.7364097503235313,SIAVR,98,1,RIAL,['SIAVR']
3,4501042,0,0.6825592589621878,SIAVR,98,1,RIAL,['SIAVR']
4,4508593,0,0.0596707585112469,SIAVR,98,1,PVCL,['SIAVR']
