,connector_id,length,dist_from_root,neuron,project,type,inputs,outputs
0,4497611,0.0,0.9252212424491286,SIBDL,98,1,ADLR,['SIBDL']
1,4499237,0.0,0.7325258619357823,SIBDL,98,1,SMBDR,['SIBDL']
2,4499670,0.0,0.6339787942999289,SIBDL,98,1,PVCL,['SIBDL']
3,4500475,0.009578870860764217,0.8704559315822963,SIBDL,98,1,AIMR,['SIBDL']
4,4501999,0.12139564683964989,0.2963649571776982,SIBDL,98,1,OLQVL,['SIBDL']
5,4502618,0.10243245907242918,0.2963649571776982,SIBDL,98,1,OLQVL,['SIBDL']
