,connector_id,length,dist_from_root,neuron,project,type,inputs,outputs
0,4502118,0.012229947289333859,0.6803496459040482,URADR,98,1,IL2DR,['URADR']
1,4502150,0.0,0.7200883747425023,URADR,98,1,IL2DR,['URADR']
2,4502193,0.0,0.8614452286447848,URADR,98,1,IL2DR,['URADR']
3,4505720,0.0,0.5054697725516859,URADR,98,1,ADAR,['URADR']
4,4507346,0.08975423914670964,0.6803496459040482,URADR,98,0,URADR,"['BWM-DR01', 'IL1DR', 'RMED', 'RMER']"
5,4507351,0.031135779727627464,0.6803496459040482,URADR,98,0,URADR,"['BWM-DR01', 'RIPR']"
6,4507352,0.0,0.7575033851244586,URADR,98,0,URADR,"['BWM-DR01', 'BWM-DR02', 'RIPR']"
7,4507359,0.0,0.8293479781433908,URADR,98,0,URADR,"['BWM-DR01', 'BWM-DR02', 'IL1DR', 'RIPR', 'RMED', 'RMER']"
