,connector_id,length,dist_from_root,neuron,project,type,inputs,outputs
0,4498240,0.09035049400828318,0.8233377807937019,URAVR,98,0,URAVR,"['BWM-VR01', 'RIPR', 'RMER', 'RMEV']"
1,4500068,0.0,0.6975340684167901,URAVR,98,1,CEPVR,['URAVR']
2,4502953,0.10291599429721979,0.8233377807937019,URAVR,98,1,IL2VR,['URAVR']
3,4506299,0.0,0.30388334668922923,URAVR,98,1,DVC,['URAVR']
4,4506902,0.0,0.8655287722405751,URAVR,98,0,URAVR,"['BWM-VR02', 'IL1R']"
5,4507483,0.0,0.8233377807937019,URAVR,98,0,URAVR,"['BWM-VR01', 'BWM-VR02', 'RIPR']"
6,4507503,0.0,0.8920738866934381,URAVR,98,0,URAVR,"['BWM-VR02', 'RIPR', 'RMER']"
7,4507507,0.07756727563373086,0.8233377807937019,URAVR,98,0,URAVR,"['BWM-VR01', 'RIPR']"
8,4507508,0.0,0.9037178664521397,URAVR,98,0,URAVR,['RMEV']
