,connector_id,length,dist_from_root,neuron,project,type,inputs,outputs
0,9585081,0.018637546131116924,0.518587012080706,ADEL,161,1,FLPR,"['AVAL', 'ADEL']"
1,9585079,0.0,0.9814360153802232,ADEL,161,1,FLPL,"['ADEL', 'AVAL']"
2,9583895,0.0,0.30207308530615135,ADEL,161,0,ADEL,"['AVAR', 'ADAL']"
3,9583894,0.0,0.3749917945607083,ADEL,161,0,ADEL,"['ADAL', 'AVAR']"
4,9583891,0.0,0.8585453694772472,ADEL,161,0,ADEL,"['AVAL', 'ADER']"
