,connector_id,length,dist_from_root,neuron,project,type,inputs,outputs
0,9584206,0,0.3547570672575247,AIMR,161,1,ASGR,"['AIMR', 'AIAR']"
1,9585336,0,0.2025689999674288,AIMR,161,1,PVQR,"['AIAR', 'AIMR']"
2,9584063,0,0.2824182381417863,AIMR,161,0,AIMR,"['AIAR', 'ASGR']"
3,9584062,0,0.3150772151839644,AIMR,161,0,AIMR,"['ASGR', 'AIAR']"
4,9584061,0,0.3331785832220914,AIMR,161,0,AIMR,"['ASGR', 'AIAR']"
5,9584060,0,0.5376661143951819,AIMR,161,0,AIMR,"['ASGR', 'AIAR', 'ASKR']"
6,9584059,0,0.6390504219813968,AIMR,161,0,AIMR,['ASJR']
7,9584056,0,0.36966828801120055,AIMR,161,0,AIMR,"['AIAR', 'ASGR']"
8,9584055,0,0.9942361723289662,AIMR,161,0,AIMR,"['ASJL', 'ASJR']"
