,node_id,connector_id,length,dist_from_root,neuron,project,type,inputs,outputs
0,9549881,9584070,0,0.32542025724095536,AINL,161,0,AINL,['AUAR']
1,9549992,9584069,0,0.8813574772181318,AINL,161,0,AINL,"['AIBR', 'AIAR', 'ASGR']"
2,9549920,9584067,0,0.5669745607427705,AINL,161,0,AINL,"['CEPshVR', 'BAGL']"
3,9549932,9584066,0,0.645663727612171,AINL,161,0,AINL,"['AUAR', 'ADFR', 'AFDR']"
4,9549879,9584065,0,0.32123433050207006,AINL,161,0,AINL,"['AUAR', 'AINR']"
