,node_id,connector_id,length,dist_from_root,neuron,project,type,inputs,outputs
0,9570817,9584077,0,0.33506353525533306,AINR,161,0,AINR,"['CEPshDL', 'ASER', 'AFDL']"
1,9570848,9584076,0,0.6006113587141859,AINR,161,0,AINR,"['AUAL', 'AFDL']"
2,9570908,9584074,0,0.8533944845888161,AINR,161,0,AINR,"['AWCL', 'AIBL']"
3,9570860,9584072,0,0.6751726421609493,AINR,161,0,AINR,['AWCR']
4,9570810,9584071,0,0.3040035948001985,AINR,161,0,AINR,"['AFDL', 'RID', 'AFDR']"
5,9570799,9584065,0,0.20985935334516978,AINR,161,1,AINL,"['AUAR', 'AINR']"
