,connector_id,length,dist_from_root,neuron,project,type,inputs,outputs
0,9587528,0.0,0.8572202830936893,ALML,161,1,RIFL,"['ASHL', 'AVBL', 'ALML']"
1,9584150,0.0,0.2563288783560017,ALML,161,0,ALML,['CEPDL']
2,9584147,0.010101857533999234,0.6023735068359434,ALML,161,0,ALML,['BDUL']
