,node_id,connector_id,length,dist_from_root,neuron,project,type,inputs,outputs
0,9546437,9584202,0,0.38906206045815805,ASGL,161,0,ASGL,"['AIAL', 'AIML']"
1,9546463,9584204,0,0.6134959618499234,ASGL,161,0,ASGL,"['AIAL', 'AIBL']"
2,9546484,9584203,0,0.9505799236891603,ASGL,161,0,ASGL,"['AIAL', 'AIML']"
3,9546447,9584205,0,0.4748091559755687,ASGL,161,0,ASGL,['AIAL']
4,9546487,9584052,0,0.9771771682119765,ASGL,161,1,AIML,"['ASGL', 'AIAL']"
5,9546428,9584048,0,0.31377219702224096,ASGL,161,1,AIML,"['AIAL', 'ASGL']"
6,9546421,9584047,0,0.259139605703406,ASGL,161,1,AIML,"['ASGL', 'AIAL']"
7,9546464,9584046,0,0.6230144587943413,ASGL,161,1,AIML,"['ASGL', 'AIAL', 'ASJL']"
