,node_id,connector_id,length,dist_from_root,neuron,project,type,inputs,outputs
0,9534484,9584206,0.0,0.4926275511922196,ASGR,161,0,ASGR,"['AIMR', 'AIAR']"
1,9534509,9584214,0.022804701446162368,0.9088241691483,ASGR,161,0,ASGR,['AIAR']
2,9534437,9584211,0.0,0.10044545709110694,ASGR,161,0,ASGR,"['AIAR', 'ASER']"
3,9534472,9584069,0.0,0.3687494926574916,ASGR,161,1,AINL,"['AIBR', 'AIAR', 'ASGR']"
4,9534470,9584063,0.0,0.350283295308782,ASGR,161,1,AIMR,"['AIAR', 'ASGR']"
5,9534476,9584062,0.0,0.41407363912737166,ASGR,161,1,AIMR,"['ASGR', 'AIAR']"
6,9534480,9584061,0.0,0.4456831114965967,ASGR,161,1,AIMR,"['ASGR', 'AIAR']"
7,9534512,9584060,0.051042957398013636,0.9088241691483,ASGR,161,1,AIMR,"['ASGR', 'AIAR', 'ASKR']"
8,9534487,9584056,0.0,0.5152990702205508,ASGR,161,1,AIMR,"['AIAR', 'ASGR']"
