,connector_id,length,dist_from_root,neuron,project,type,inputs,outputs
0,9587585,0.0,0.24014876026228904,AVDL,161,1,RIML,"['AVDL', 'SIBVR', 'SAAVR']"
1,9585503,0.0,0.43003262063800163,AVDL,161,1,RIBR,"['DVA', 'AVDL', 'AVER']"
2,9585339,0.0,0.15470992868997446,AVDL,161,1,PVR,"['AVJR', 'AVBL', 'AVDL']"
3,9585311,0.0,0.5359789749816201,AVDL,161,1,PVPR,"['AVBR', 'AVDL', 'AVAR']"
4,9584226,0.0,0.1368527344695608,AVDL,161,1,ASHL,"['AVDL', 'AVJL']"
5,9583955,0.039739786298205286,0.647553758028646,AVDL,161,1,ADLR,"['AVDL', 'SMBVR']"
6,9583938,0.003612807915770859,0.06867589181374814,AVDL,161,1,ADLL,"['AVJL', 'OLLL', 'AVDL']"
7,9583862,0.0,0.5597878457567368,AVDL,161,1,ADAR,"['AVJL', 'ASHR', 'AVBR', 'AVDL']"
