,node_id,connector_id,length,dist_from_root,neuron,project,type,inputs,outputs
0,9574040,9587585,0.0,0.23967280554838757,AVDL,161,1,RIML,"['AVDL', 'SIBVR', 'SAAVR']"
1,9574070,9585503,0.0,0.4291803320286392,AVDL,161,1,RIBR,"['DVA', 'AVDL', 'AVER']"
2,9574023,9585339,0.0,0.15440330657888413,AVDL,161,1,PVR,"['AVJR', 'AVBL', 'AVDL']"
3,9574089,9585311,0.0,0.534916709578226,AVDL,161,1,PVPR,"['AVBR', 'AVDL', 'AVAR']"
4,9574229,9584882,0.0,1.0,AVDL,161,1,FLPL,"['PVCL', 'AVBL', 'AVDL']"
5,9574018,9584226,0.0,0.13658150382064987,AVDL,161,1,ASHL,"['AVDL', 'AVJL']"
6,9574115,9583955,0.039661025372696404,0.6462703607572975,AVDL,161,1,ADLR,"['AVDL', 'SMBVR']"
7,9574329,9583938,0.0036056476333023854,0.06853978195249197,AVDL,161,1,ADLL,"['AVJL', 'OLLL', 'AVDL']"
8,9574093,9583862,0.0,0.5586783931670933,AVDL,161,1,ADAR,"['AVJL', 'ASHR', 'AVBR', 'AVDL']"
