,node_id,connector_id,length,dist_from_root,neuron,project,type,inputs,outputs
0,9574673,9585484,0.0036915031237628845,0.4378335869250768,AVDR,161,1,RIBL,"['AVDR', 'AVEL']"
1,9574376,9585312,0.0,0.1853864409315223,AVDR,161,1,PVPR,"['DVA', 'AVDR', 'AVBL']"
2,9574471,9585289,0.0,0.6715184992893285,AVDR,161,1,PVCL,"['AVBR', 'RID', 'AVDR']"
3,9574363,9584769,0.0,0.12855314958313044,AVDR,161,1,ASHR,"['AVBR', 'AVDR', 'AVJR']"
4,9574445,9583832,0.0,0.5960024034530904,AVDR,161,1,ADAL,"['AVDR', 'AVBL', 'AVJR']"
