,connector_id,length,dist_from_root,neuron,project,type,inputs,outputs
0,9583912,0.0,0.5662226312385072,AVHR,161,1,ADFL,"['AVHR', 'RIR', 'AIZL']"
1,9585302,0.0,0.2571799498756263,AVHR,161,1,PVPL,"['AVHR', 'RIR']"
2,9585285,0.0,0.8440834893820796,AVHR,161,1,PVCL,"['AVHR', 'AVBR', 'AVER', 'SIAVL']"
3,9584931,0.018923203558641934,0.6174985223942941,AVHR,161,1,AWBL,"['AVHR', 'ADFL']"
4,9584872,0.0,0.6557241932898393,AVHR,161,0,AVHR,"['ASHL', 'AVBL']"
5,9584869,0.01281983217218723,0.6174985223942941,AVHR,161,0,AVHR,"['ADAL', 'RIGL', 'SMBVL']"
6,9584868,0.0,0.28529110318240897,AVHR,161,0,AVHR,"['AIZL', 'ADFL']"
7,9583911,0.005883744457933015,0.5015284883190908,AVHR,161,1,ADFL,"['AIZL', 'AVHR']"
8,9583908,0.005883744457933015,0.5015284883190908,AVHR,161,0,AVHR,"['AWBL', 'AIZL', 'AVAL']"
