,node_id,connector_id,length,dist_from_root,neuron,project,type,inputs,outputs
0,9553671,9583862,0.0,0.4894091676069891,AVJL,161,1,ADAR,"['AVJL', 'ASHR', 'AVBR', 'AVDL']"
1,9553718,9587537,0.0,0.7335583323440509,AVJL,161,1,RIFR,"['ASHR', 'AVBR', 'AVJL']"
2,9553743,9587536,0.0,0.8290816952638109,AVJL,161,1,RIFR,"['RIMR', 'AVJL', 'AVBR']"
3,9553639,9587527,0.02035783865892159,0.19959342330377608,AVJL,161,1,RIFL,"['AVJL', 'AVBL']"
4,9553771,9584875,0.0,0.8922344266018866,AVJL,161,0,AVJL,"['ASHR', 'SMBVR', 'RIFR']"
5,9553771,9584874,0.0,0.8922344266018866,AVJL,161,0,AVJL,"['AVEL', 'PVCR', 'AVHL']"
6,9553635,9584226,0.0,0.1709202173178267,AVJL,161,1,ASHL,"['AVDL', 'AVJL']"
7,9553618,9583938,0.0,0.07661694988112569,AVJL,161,1,ADLL,"['AVJL', 'OLLL', 'AVDL']"
