,connector_id,length,dist_from_root,neuron,project,type,inputs,outputs
0,9583862,0.0,0.49054818070412193,AVJL,161,1,ADAR,"['AVJL', 'ASHR', 'AVBR', 'AVDL']"
1,9587537,0.0,0.7352655593503128,AVJL,161,1,RIFR,"['ASHR', 'AVBR', 'AVJL']"
2,9587536,0.0,0.8310112359671777,AVJL,161,1,RIFR,"['RIMR', 'AVJL', 'AVBR']"
3,9587527,0.02040521792027709,0.2000579416215595,AVJL,161,1,RIFL,"['AVJL', 'AVBL']"
4,9584875,0.0,0.8943109440945635,AVJL,161,0,AVJL,"['ASHR', 'SMBVR', 'RIFR']"
5,9584874,0.0,0.8943109440945635,AVJL,161,0,AVJL,"['AVEL', 'PVCR', 'AVHL']"
6,9584226,0.0,0.17131800383057572,AVJL,161,1,ASHL,"['AVDL', 'AVJL']"
7,9583938,0.0,0.07679526225276286,AVJL,161,1,ADLL,"['AVJL', 'OLLL', 'AVDL']"
