,connector_id,length,dist_from_root,neuron,project,type,inputs,outputs
0,9587559,0.0,0.685124714796343,AVKL,161,1,RIGR,"['DVC', 'AVKR', 'AVKL', 'PVT']"
1,9587551,0.0,0.6578829174125639,AVKL,161,1,RIGR,"['AVKL', 'RMGR']"
2,9587458,0.005588168088172949,0.49377571229410766,AVKL,161,0,AVKL,"['SAADR', 'AVER', 'RIMR']"
3,9585371,0.0,0.2406891892830512,AVKL,161,1,PVT,"['AVKR', 'AVKL']"
4,9585360,0.0,0.6628414970976907,AVKL,161,1,PVT,"['AVKR', 'AVKL']"
5,9584886,0.0014182508722041908,0.4028292663812155,AVKL,161,0,AVKL,"['RMGL', 'SAAVL']"
6,9584890,0.0,0.8678955792985914,AVKL,161,0,AVKL,"['AVEL', 'AIBL']"
7,9584880,0.0,0.7085425422140815,AVKL,161,0,AVKL,"['RIML', 'SAADR']"
8,9584878,0.0,0.3380731138414768,AVKL,161,0,AVKL,"['RMDL', 'RIMR', 'AVKR']"
