,connector_id,length,dist_from_root,neuron,project,type,inputs,outputs
0,9587633,0,0.24497294476589088,AVKR,161,1,RIS,"['SMDDR', 'RIML', 'AVKR']"
1,9587559,0,0.31688944303863353,AVKR,161,1,RIGR,"['DVC', 'AVKR', 'AVKL', 'PVT']"
2,9587545,0,0.6515053777944342,AVKR,161,1,RIGL,"['RMGL', 'DVC', 'AVKR']"
3,9585371,0,0.752728975405492,AVKR,161,1,PVT,"['AVKR', 'AVKL']"
4,9585361,0,0.4643412222877568,AVKR,161,1,PVT,"['SAADL', 'AVEL', 'AVKR']"
5,9585360,0,0.3374172772979987,AVKR,161,1,PVT,"['AVKR', 'AVKL']"
6,9584903,0,0.31893825920466856,AVKR,161,0,AVKR,"['RMDR', 'RIML', 'SAADR']"
7,9584902,0,0.3950095657365319,AVKR,161,0,AVKR,['SAAVR']
8,9584901,0,0.5424204407376282,AVKR,161,0,AVKR,"['RIMR', 'SAADL']"
9,9584898,0,0.8502269565840187,AVKR,161,0,AVKR,"['AVER', 'RIML', 'AIBR']"
10,9584897,0,0.1944993569542555,AVKR,161,0,AVKR,"['RIVL', 'RIML']"
11,9584900,0,0.5969238331731767,AVKR,161,0,AVKR,"['SAAVL', 'RIMR']"
12,9584895,0,0.6463012119756081,AVKR,161,0,AVKR,"['RMDL', 'RMGL']"
13,9584878,0,0.6568532632896538,AVKR,161,1,AVKL,"['RMDL', 'RIMR', 'AVKR']"
