,node_id,connector_id,length,dist_from_root,neuron,project,type,inputs,outputs
0,9539860,9584927,0.0,0.34916891917130877,AWAR,161,0,AWAR,"['AWBR', 'ASER']"
1,9539892,9584925,0.021785288077277108,0.592341415695887,AWAR,161,0,AWAR,"['AIZR', 'AWBR']"
2,9539939,9584922,0.0,0.9884977356978975,AWAR,161,0,AWAR,"['PVQR', 'AIAR']"
3,9539929,9584924,0.004147741193918604,0.9500624677256964,AWAR,161,0,AWAR,"['AWBR', 'ASER']"
4,9539899,9584923,0.0,0.6230554395456034,AWAR,161,0,AWAR,"['ADLR', 'AWBR']"
5,9539938,9584915,0.0,0.9849357547526512,AWAR,161,1,AWAL,"['AWAR', 'AIAL']"
6,9539937,9584770,0.0,0.978216627772086,AWAR,161,1,ASHR,"['PVQR', 'AWAR']"
