,node_id,connector_id,length,dist_from_root,neuron,project,type,inputs,outputs
0,9578589,9583908,0.01666639379573396,0.5640010091656715,AWBL,161,1,AVHR,"['AWBL', 'AIZL', 'AVAL']"
1,9578564,9584931,0.0,0.3997417891550281,AWBL,161,0,AWBL,"['AVHR', 'ADFL']"
2,9578599,9584930,0.0,0.651680181509986,AWBL,161,0,AWBL,['AIZL']
3,9578621,9584928,0.0,0.9412086070187514,AWBL,161,0,AWBL,"['ADFL', 'AIAL', 'AIZL']"
4,9578618,9584914,0.011117787965005716,0.8950091240819602,AWBL,161,1,AWAL,"['AWBL', 'ASEL']"
5,9578621,9584108,0.0,0.9412086070187514,AWBL,161,1,AIZL,"['AWBL', 'AIAL']"
6,9578538,9584086,0.0,0.26465508893737244,AWBL,161,1,AIYL,"['AWBL', 'AWAL', 'ADFL', 'AIZL', 'RIBL']"
