,connector_id,length,dist_from_root,neuron,project,type,inputs,outputs
0,9584935,0.0,0.6654488490533993,AWBR,161,0,AWBR,"['ADFR', 'AIZR']"
1,9584934,0.0,0.8795480521638054,AWBR,161,0,AWBR,"['AIZR', 'AIAR']"
2,9584927,0.0,0.2893894477768508,AWBR,161,1,AWAR,"['AWBR', 'ASER']"
3,9584925,0.0050739513573228355,0.524676014103286,AWBR,161,1,AWAR,"['AIZR', 'AWBR']"
4,9584924,0.0,0.8512676538739181,AWBR,161,1,AWAR,"['AWBR', 'ASER']"
5,9584923,0.00922702388320138,0.6282837539308345,AWBR,161,1,AWAR,"['ADLR', 'AWBR']"
6,9584864,0.0,0.42407972962609936,AWBR,161,1,AVHL,"['PVPR', 'ADLR', 'AWBR']"
7,9584863,0.01326076658542019,0.9574816245213416,AWBR,161,1,AVHL,"['AWBR', 'ASER', 'ADFR']"
