,connector_id,length,dist_from_root,neuron,project,type,inputs,outputs
0,9587618,0.0,0.5401412056345086,BAGR,161,1,RIR,"['BAGR', 'AIZL']"
1,9587547,0.009394308658278411,0.80157747649172,BAGR,161,1,RIGL,"['BAGR', 'RIBL', 'OLQVL', 'URYVL']"
2,9587541,0.0,0.9810878390311665,BAGR,161,1,RIGL,"['BAGR', 'RIR', 'AVER']"
3,9585494,0.0,0.8967577708247858,BAGR,161,1,RIBL,"['RIAL', 'BAGR']"
4,9585492,0.0,0.7427962603238211,BAGR,161,1,RIBL,"['BAGR', 'AVAL']"
5,9584991,0.005549816266352271,0.80157747649172,BAGR,161,0,BAGR,"['RIGL', 'RIAL']"
6,9584989,0.015704635365017792,0.7903754330566264,BAGR,161,0,BAGR,"['RIBL', 'RIAL']"
7,9584986,0.0,0.9153818544106189,BAGR,161,0,BAGR,"['RIBL', 'RIAL']"
8,9584993,0.0,0.4714053767266805,BAGR,161,0,BAGR,"['AVEL', 'RIBL']"
