,node_id,connector_id,length,dist_from_root,neuron,project,type,inputs,outputs
0,9558267,9587814,0,0.6348398448783656,BWMDR03,161,1,SMDDL,"['BWMDL03', 'SMDVL', 'BWMDR01', 'BWMDR03', 'SMDVR']"
1,9558253,9587789,0,0.4185436772279893,BWMDR03,161,1,SMBDL,"['BWMDR05', 'BWMDR01', 'BWMDR03', 'RMED']"
2,9558273,9587716,0,0.7506194327030198,BWMDR03,161,1,RMEV,"['SMDVR', 'BWMDR03', 'BWMDR01', 'RMDDR']"
3,9558283,9587712,0,0.9749014116015177,BWMDR03,161,1,RMEV,"['BWMDR03', 'RMDDL', 'BWMDL01', 'BWMDR01']"
4,9558260,9587662,0,0.5349165990394166,BWMDR03,161,1,RMDDL,"['BWMDR03', 'BWMDR01', 'RMDVR']"
5,9558265,9587654,0,0.6030307782848972,BWMDR03,161,1,RMDDL,"['BWMDR03', 'BWMDR01', 'RMDVR']"
6,9558275,9587652,0,0.7977134365641714,BWMDR03,161,1,RMDDL,"['RMDVR', 'BWMDR01', 'BWMDR03']"
