,node_id,connector_id,length,dist_from_root,neuron,project,type,inputs,outputs
0,9544770,9587807,0.0,0.5340545377341654,BWMVR04,161,1,SMBVR,"['BWMVR04', 'BWMVR02']"
1,9544784,9587676,0.0,0.7507403224478272,BWMVR04,161,1,RMDVL,"['BWMVR02', 'BWMVR04', 'RMDDR']"
2,9544793,9587671,0.0,0.8914282737220097,BWMVR04,161,1,RMDVL,"['RMDDR', 'BWMVR02', 'BWMVR04']"
3,9544800,9587586,0.0879608246238565,0.6431229970035832,BWMVR04,161,1,RIML,"['BWMVR04', 'RMDL', 'RMDR']"
