,node_id,connector_id,length,dist_from_root,neuron,project,type,inputs,outputs
0,9530037,9587679,0,0.9379741087403289,BWMVL04,161,1,RMDVR,"['BWMVL04', 'RMDDL', 'BWMVL02']"
1,9530012,9587799,0,0.6083066845699087,BWMVL04,161,1,SMBVL,"['GLRL', 'BWMVL02', 'BWMVL04']"
2,9530015,9587701,0,0.6438432434920041,BWMVL04,161,1,RMDR,"['BWMDL04', 'IL1L', 'BWMVL02', 'BWMVL04', 'RMDL']"
3,9530038,9587688,0,0.9501476643114832,BWMVL04,161,1,RMDVR,"['BWMVL02', 'BWMVL04']"
4,9530025,9587681,0,0.7850592052503225,BWMVL04,161,1,RMDVR,"['BWMVL02', 'BWMVL04', 'RMDDL']"
5,9530018,9587614,0,0.6882882556805162,BWMVL04,161,1,RIMR,"['BWMVL04', 'RMDL']"
