,node_id,connector_id,length,dist_from_root,neuron,project,type,inputs,outputs
0,9544483,9587831,0.0725902849831491,0.3331921627292454,BWMVR03,161,1,SMDVR,"['BWMVL03', 'BWMVR03', 'BWMVR01', 'BWMVL01', 'SMDDL']"
1,9544486,9587825,0.0,0.371422077059589,BWMVR03,161,1,SMDVL,"['SMDDR', 'BWMVR01', 'BWMVR03']"
2,9544478,9587810,0.0,0.27614632095675756,BWMVR03,161,1,SMBVR,"['BWMVR01', 'BWMVR03', 'RMEV', 'RMDVL']"
3,9544486,9587808,0.0,0.371422077059589,BWMVR03,161,1,SMBVR,"['RMEV', 'BWMVR03', 'BWMVR01']"
4,9544488,9587708,0.0,0.40957958250619053,BWMVR03,161,1,RMED,"['RMDVL', 'BWMVR03', 'BWMVR01', 'BWMVL01', 'SMDDR']"
5,9544495,9587675,0.0,0.6107734550623902,BWMVR03,161,1,RMDVL,"['BWMVR03', 'BWMVR01', 'RMDDR']"
6,9544508,9587672,0.0,0.8187857500140806,BWMVR03,161,1,RMDVL,"['BWMVR01', 'BWMVR03', 'RMDDR']"
