,node_id,connector_id,length,dist_from_root,neuron,project,type,inputs,outputs
0,9572154,9587827,0.0,0.8200071903664112,CEPVR,161,1,SMDVL,"['RIAR', 'CEPVR', 'RIAL']"
1,9572174,9587631,0.0,0.9557026481609542,CEPVR,161,1,RIS,"['RIBR', 'AVEL', 'CEPVR']"
2,9572097,9587477,0.08825327549402008,0.6293365169586398,CEPVR,161,0,CEPVR,"['RICL', 'RICR', 'OLQVR']"
3,9572181,9585033,0.0,0.9914512914934027,CEPVR,161,0,CEPVR,"['OLLR', 'RMDDR']"
4,9572155,9585035,0.0,0.8278548098078835,CEPVR,161,0,CEPVR,"['AVEL', 'OLLR', 'SMDVL']"
5,9572161,9585034,0.0,0.8687850156825649,CEPVR,161,0,CEPVR,"['AVEL', 'OLLR', 'SMDVL']"
6,9572089,9585032,0.027147998593402774,0.6293365169586398,CEPVR,161,0,CEPVR,"['RICL', 'RICR']"
7,9572147,9585031,0.0,0.7807613533249833,CEPVR,161,0,CEPVR,"['OLLR', 'AVEL', 'SMDVL']"
8,9572151,9585030,0.0,0.7962182609730605,CEPVR,161,0,CEPVR,"['SMDVL', 'AVEL', 'OLLR']"
