,node_id,connector_id,length,dist_from_root,neuron,project,type,inputs,outputs
0,9602040,9585163,0.04510931832527046,0.9473061987304618,IL2DR,161,0,IL2DR,"['RIPR', 'RIH', 'GLRR']"
1,9561925,9585165,0.0,0.9166389458779377,IL2DR,161,0,IL2DR,"['RIPR', 'RMER', 'RMED']"
2,9561927,9585164,0.0,0.9249290310549466,IL2DR,161,0,IL2DR,"['RIPR', 'RMER']"
3,9561936,9585162,0.0,0.9672038692682445,IL2DR,161,0,IL2DR,"['RIPR', 'URADR']"
