,connector_id,length,dist_from_root,neuron,project,type,inputs,outputs
0,9587570,0.0,0.8536286243677249,IL2VL,161,1,RIH,"['IL2VL', 'GLRVL']"
1,9587855,0.06798039058493004,0.8313140290685138,IL2VL,161,1,URAVL,"['RIPL', 'RMEL', 'RMEV', 'BWMVL01', 'IL2VL', 'RMED']"
2,9587579,0.0,0.8793981780131419,IL2VL,161,1,RIH,"['CEPVL', 'IL2VL']"
3,9585191,0.0,0.8601899906660293,IL2VL,161,0,IL2VL,"['RMEV', 'RMEL', 'RIPL']"
4,9585194,0.0,0.808500619762846,IL2VL,161,0,IL2VL,"['RIPL', 'URAVL', 'RMEV', 'RMEL']"
5,9585193,0.0,0.8263378821973363,IL2VL,161,0,IL2VL,"['RMEL', 'RMEV']"
6,9585192,0.0,0.9173801158014571,IL2VL,161,0,IL2VL,"['RIPL', 'RMER', 'URAVL']"
7,9585189,0.0,0.8953048742354444,IL2VL,161,0,IL2VL,"['URAVL', 'RIPL', 'RMER']"
