,node_id,connector_id,length,dist_from_root,neuron,project,type,inputs,outputs
0,9548479,9587886,0,0.6584174949154807,PVPL,161,1,URXL,"['PVPL', 'URAVL', 'AIBR', 'RIGL']"
1,9548480,9587883,0,0.6614144541553322,PVPL,161,1,URXL,"['RIGL', 'PVPL', 'OLQVL']"
2,9548492,9585302,0,0.9039356363997884,PVPL,161,0,PVPL,"['AVHR', 'RIR']"
3,9548498,9585301,0,0.9482605247002168,PVPL,161,0,PVPL,"['RID', 'AVBL']"
4,9548397,9585300,0,0.27095388201480125,PVPL,161,0,PVPL,"['AIBR', 'AVAR']"
5,9548479,9585299,0,0.6584174949154807,PVPL,161,0,PVPL,"['AIBR', 'RIGL', 'URXL', 'URYVL']"
6,9548398,9584036,0,0.27430914457152716,PVPL,161,1,AIBR,"['PVPL', 'RIML', 'AVBR']"
7,9548401,9583831,0,0.29122626516778727,PVPL,161,1,ADAL,"['PVPL', 'AVBR', 'RIML']"
