,node_id,connector_id,length,dist_from_root,neuron,project,type,inputs,outputs
0,9579105,9587534,0.015337142540053193,0.9172994765105752,PVPR,161,1,RIFR,"['AVJR', 'PVPR']"
1,9579096,9585312,0.0,0.9650032668143976,PVPR,161,0,PVPR,"['DVA', 'AVDR', 'AVBL']"
2,9579078,9585311,0.0,0.6989489151813643,PVPR,161,0,PVPR,"['AVBR', 'AVDL', 'AVAR']"
3,9579079,9585309,0.0,0.7155239278783936,PVPR,161,0,PVPR,"['RIR', 'URXR', 'RIGR', 'AVAR', 'AVBL']"
4,9579051,9584864,0.0,0.5169477856918671,PVPR,161,1,AVHL,"['PVPR', 'ADLR', 'AWBR']"
