,node_id,connector_id,length,dist_from_root,neuron,project,type,inputs,outputs
0,9575662,9585339,0.0,0.7199108028545111,PVR,161,0,PVR,"['AVJR', 'AVBL', 'AVDL']"
1,9575649,9585345,0.0,0.6081561786297757,PVR,161,0,PVR,['RIPR']
2,9575698,9585344,0.0,0.9201762092022286,PVR,161,0,PVR,"['IL1VL', 'CEPVL']"
3,9575614,9585341,0.0,0.3919576711798448,PVR,161,0,PVR,['AVBR']
4,9575720,9585340,0.016398851260874557,0.9065090865849463,PVR,161,0,PVR,"['AVBL', 'URYVL']"
5,9575764,9585014,0.033503941793685627,0.6081561786297757,PVR,161,1,CEPDR,"['RICL', 'URADR', 'PVR', 'RICR']"
6,9575746,9585006,0.05309318182122553,0.6777900897201437,PVR,161,1,CEPDL,"['URADL', 'RICR', 'PVR', 'RICL']"
