,node_id,connector_id,length,dist_from_root,neuron,project,type,inputs,outputs
0,9573020,9585301,0,0.28297607177070794,RID,161,1,PVPL,"['RID', 'AVBL']"
1,9573068,9585289,0,0.6220758808051696,RID,161,1,PVCL,"['AVBR', 'RID', 'AVDR']"
2,9572953,9584071,0,0.023804687011343223,RID,161,1,AINR,"['AFDL', 'RID', 'AFDR']"
3,9573027,9583858,0,0.3419463112815545,RID,161,1,ADAL,"['AVBR', 'RID']"
