,connector_id,length,dist_from_root,neuron,project,type,inputs,outputs
0,9590579,3.789728316094214,0.0,RIH,161,0,RIH,"['CEPshVL', 'RIBL', 'RIAL']"
1,9587582,4.810273520492337,0.0,RIH,161,0,RIH,"['RIBR', 'RIS', 'URYVR']"
2,9587640,1.2604615706626632,0.0,RIH,161,1,RIVL,"['RIH', 'SAADR']"
3,9587623,4.020749108782353,0.0,RIH,161,1,RIR,"['RIAR', 'RIH', 'CEPshVR', 'BAGL']"
4,9585275,8.28741534624439,0.0,RIH,161,1,OLQVL,"['RIH', 'IL2L']"
5,9587580,8.080861618818641,0.0,RIH,161,0,RIH,"['OLQVR', 'GLRR', 'RIPR']"
6,9587579,6.93519273955306,0.0,RIH,161,0,RIH,"['CEPVL', 'IL2VL']"
7,9587578,3.884181111991027,0.0,RIH,161,0,RIH,"['CEPshVR', 'RIR', 'RIAR']"
8,9587576,6.148413893048929,0.0,RIH,161,0,RIH,"['GLRVR', 'IL2VR']"
9,9587574,2.3468685442705346,0.0,RIH,161,0,RIH,"['CEPshVL', 'RIAL', 'AIZL']"
10,9587573,2.8481458052897746,0.0,RIH,161,0,RIH,"['AIZR', 'RIAR']"
11,9587572,3.0469587641534157,0.0,RIH,161,0,RIH,"['AIZL', 'RIAL']"
12,9587571,3.3552623951659166,0.0,RIH,161,0,RIH,"['AIZL', 'RIAL']"
13,9587570,7.00308615595343,0.0,RIH,161,0,RIH,"['IL2VL', 'GLRVL']"
14,9587569,8.481908426294279,0.0,RIH,161,0,RIH,"['OLQVL', 'RIPL']"
15,9587568,8.047605946094713,0.0,RIH,161,0,RIH,"['RIPR', 'RMER', 'OLQVR']"
16,9587567,10.558159022674385,0.0,RIH,161,0,RIH,"['OLQDL', 'RIPR']"
17,9587566,9.875252041653626,0.0,RIH,161,0,RIH,['CEPDL']
18,9587564,9.024131629318997,0.0,RIH,161,0,RIH,"['RIPL', 'OLQVL']"
19,9587563,9.628908666089659,0.0,RIH,161,0,RIH,"['RIPR', 'OLQDR']"
20,9585181,7.266089691727995,0.0,RIH,161,1,IL2R,"['RIH', 'OLQVR']"
21,9585185,7.574465456552261,0.0,RIH,161,1,IL2R,"['OLQDR', 'RIH']"
22,9585180,7.4944909678772245,0.0,RIH,161,1,IL2R,"['OLQVR', 'RIH', 'OLQDR']"
23,9585179,8.050198052047598,0.0,RIH,161,1,IL2R,"['RIH', 'OLQDR']"
24,9585174,8.527777740211924,0.0,RIH,161,1,IL2L,"['OLQVL', 'RIH']"
25,9585177,10.047057922146438,0.0,RIH,161,1,IL2L,"['OLQDL', 'CEPDL', 'RIH']"
26,9585169,8.72909105272099,0.0,RIH,161,1,IL2L,"['RIH', 'OLQVL']"
27,9585168,9.40552584958262,0.0,RIH,161,1,IL2L,"['OLQDL', 'RIH']"
28,9585163,8.341593955699368,0.0,RIH,161,1,IL2DR,"['RIPR', 'RIH', 'GLRR']"
