,connector_id,length,dist_from_root,neuron,project,type,inputs,outputs
0,9587859,0.0,0.6105549703298057,RIPL,161,1,URAVL,"['BWMVL01', 'BWMVL02', 'RIPL', 'RMEL']"
1,9587856,0.0,0.696098520182783,RIPL,161,1,URAVL,"['BWMVL02', 'RIPL']"
2,9587855,0.0,0.696098520182783,RIPL,161,1,URAVL,"['RIPL', 'RMEL', 'RMEV', 'BWMVL01', 'IL2VL', 'RMED']"
3,9587849,0.32956126711069567,0.03760009724040622,RIPL,161,1,URADL,"['RIPL', 'RMEL', 'BWMDL02']"
4,9587842,0.405791099556019,0.03760009724040622,RIPL,161,1,URADL,"['BWMDL02', 'RIPL']"
5,9587840,0.3067569397781558,0.03760009724040622,RIPL,161,1,URADL,"['RMEL', 'IL1DL', 'BWMDL01', 'RIPL']"
6,9587569,0.0,0.3640233653562058,RIPL,161,1,RIH,"['OLQVL', 'RIPL']"
7,9587564,0.0,0.21500605657547373,RIPL,161,1,RIH,"['RIPL', 'OLQVL']"
8,9585194,0.0,0.6674759971964018,RIPL,161,1,IL2VL,"['RIPL', 'URAVL', 'RMEV', 'RMEL']"
9,9587492,0.2510020070346992,0.03760009724040622,RIPL,161,1,IL2DL,"['URADL', 'RMED', 'RMEL', 'RIPL']"
10,9587485,0.3574986093047398,0.03760009724040622,RIPL,161,1,IL1DL,"['RMEL', 'RIPL', 'BWMDL02', 'RMDVL']"
11,9585192,0.0,0.4851861085976596,RIPL,161,1,IL2VL,"['RIPL', 'RMER', 'URAVL']"
12,9585191,0.0,0.5739541220958938,RIPL,161,1,IL2VL,"['RMEV', 'RMEL', 'RIPL']"
13,9585189,0.0,0.5176088809849975,RIPL,161,1,IL2VL,"['URAVL', 'RIPL', 'RMER']"
14,9585155,0.23635086546070555,0.03760009724040622,RIPL,161,1,IL2DL,"['RIPL', 'RMER', 'URADL', 'RMEV']"
15,9585157,0.0,0.016715477146617846,RIPL,161,1,IL2DL,"['RIPL', 'RIPR']"
16,9585152,0.18583601526219512,0.03760009724040622,RIPL,161,1,IL2DL,"['RIPL', 'RMER']"
17,9585141,0.0,0.7538531809796051,RIPL,161,1,IL1VL,"['RMEL', 'RIPL', 'RMDDL', 'BWMVL01']"
18,9585140,0.0,0.7287320022792955,RIPL,161,1,IL1VL,"['BWMVL02', 'RMDDL', 'RIPL']"
19,9585139,0.0,0.6254217291414552,RIPL,161,1,IL1VL,"['RIPL', 'RMDDL', 'BWMVL02', 'RMEL']"
20,9585137,0.0,0.8473201371391482,RIPL,161,1,IL1VL,"['RMDDL', 'BWMVL01', 'RIPL']"
21,9585096,0.37155916508570896,0.03760009724040622,RIPL,161,1,IL1DL,"['RIPL', 'BWMDL01', 'RMDVL']"
22,9585095,0.405791099556019,0.03760009724040622,RIPL,161,1,IL1DL,"['RMDVL', 'RIPL']"
23,9585094,0.4645810696267747,0.03760009724040622,RIPL,161,1,IL1DL,"['BWMDL02', 'RIPL', 'RMDVL']"
24,9585092,0.31425714881724975,0.03760009724040622,RIPL,161,1,IL1DL,"['RMDVL', 'RMEL', 'RIPL', 'BWMDL01']"
