,connector_id,length,dist_from_root,neuron,project,type,inputs,outputs
0,9587863,0.0,0.5862549759474879,RIPR,161,1,URAVR,"['RMER', 'BWMVR02', 'RIPR']"
1,9587861,0.0,0.6005588923540264,RIPR,161,1,URAVR,"['RMER', 'RIPR', 'BWMVR01', 'RMED', 'RMEV']"
2,9587854,0.16287152302058155,0.08533439698650429,RIPR,161,1,URADR,"['RMER', 'RIPR']"
3,9587853,0.14332317926668436,0.08533439698650429,RIPR,161,1,URADR,"['RIPR', 'BWMDR01']"
4,9587580,0.0,0.19473054948655913,RIPR,161,1,RIH,"['OLQVR', 'GLRR', 'RIPR']"
5,9587568,0.12028125790094657,0.08533439698650429,RIPR,161,1,RIH,"['RIPR', 'RMER', 'OLQVR']"
6,9587567,0.4007056902686337,0.0,RIPR,161,1,RIH,"['OLQDL', 'RIPR']"
7,9587563,0.1609506296227083,0.0,RIPR,161,1,RIH,"['RIPR', 'OLQDR']"
8,9587489,0.0,0.6255490642837134,RIPR,161,1,IL1VR,"['RMER', 'RMDDR', 'BWMVR01', 'RIPR']"
9,9585145,0.0,0.5514287842441967,RIPR,161,1,IL1VR,"['RIPR', 'RMER', 'BWMVR02', 'RMDDR']"
10,9585345,0.4994134912963358,0.08533439698650429,RIPR,161,1,PVR,['RIPR']
11,9585198,0.0,0.3602324379036787,RIPR,161,1,IL2VR,"['GLRVR', 'RIPR', 'RMEL']"
12,9585197,0.0,0.46932770374893223,RIPR,161,1,IL2VR,"['RMER', 'RIPR', 'RMEV']"
13,9585196,0.0,0.4461648381986079,RIPR,161,1,IL2VR,"['RMEL', 'RIPR', 'URAVR']"
14,9585195,0.0,0.41366450886735495,RIPR,161,1,IL2VR,"['URAVR', 'RMEL', 'RIPR']"
15,9585165,0.10276172871028072,0.08533439698650429,RIPR,161,1,IL2DR,"['RIPR', 'RMER', 'RMED']"
16,9585164,0.12801229793385996,0.08533439698650429,RIPR,161,1,IL2DR,"['RIPR', 'RMER']"
17,9585163,0.05153453021924,0.08533439698650429,RIPR,161,1,IL2DR,"['RIPR', 'RIH', 'GLRR']"
18,9585162,0.0,0.08533439698650429,RIPR,161,1,IL2DR,"['RIPR', 'URADR']"
19,9585157,0.45109873076116785,0.0,RIPR,161,1,IL2DL,"['RIPL', 'RIPR']"
20,9585151,0.0,0.6255490642837134,RIPR,161,1,IL1VR,"['RIPR', 'BWMVR02', 'RMDDR']"
21,9585097,0.14765180655338775,0.08533439698650429,RIPR,161,1,IL1DR,"['RIPR', 'BWMDR01', 'RMDVR', 'RMER']"
22,9585101,0.1682316404763311,0.08533439698650429,RIPR,161,1,IL1DR,"['BWMDR02', 'RMER', 'RIPR']"
23,9585100,0.20328195821467754,0.08533439698650429,RIPR,161,1,IL1DR,"['RMDVR', 'BWMDR02', 'RIPR']"
