,connector_id,length,dist_from_root,neuron,project,type,inputs,outputs
0,9587644,0.0,0.8664252564362822,RIVL,161,0,RIVL,"['SMDDR', 'RIAR']"
1,9587643,0.0,0.8664252564362822,RIVL,161,0,RIVL,"['RMDDR', 'RIAR']"
2,9587641,0.009121987556333743,0.8277894068210542,RIVL,161,0,RIVL,['SAADR']
3,9587640,0.08232192659191354,0.8277894068210542,RIVL,161,0,RIVL,"['RIH', 'SAADR']"
4,9587638,0.05455250693536615,0.8277894068210542,RIVL,161,0,RIVL,"['RIAR', 'AVAL']"
5,9584897,0.0,0.7794840298129478,RIVL,161,1,AVKR,"['RIVL', 'RIML']"
