,connector_id,length,dist_from_root,neuron,project,type,inputs,outputs
0,9587651,0.0118714621328644,0.8498613079852037,RIVR,161,0,RIVR,"['RIAL', 'SMDVL']"
1,9587650,0.0,0.8668005975784971,RIVR,161,0,RIVR,"['RMDDL', 'RIAL', 'SMDVR']"
2,9587649,0.0,0.8668005975784971,RIVR,161,0,RIVR,"['GLRVL', 'excgl']"
3,9587648,0.08171039251218472,0.8831689260010025,RIVR,161,0,RIVR,['SAADL']
4,9585418,0.0,0.9574284728863283,RIVR,161,1,RIAL,"['SMDDL', 'RIVR', 'SIAVL']"
5,9584093,0.0,0.13944852598877108,RIVR,161,1,AIYR,"['RIBR', 'RIVR']"
