,connector_id,length,dist_from_root,neuron,project,type,inputs,outputs
0,9587861,0.13023747909020095,0.20423546116029662,RMEV,161,1,URAVR,"['RMER', 'RIPR', 'BWMVR01', 'RMED', 'RMEV']"
1,9587855,0.0,0.16131662171427388,RMEV,161,1,URAVL,"['RIPL', 'RMEL', 'RMEV', 'BWMVL01', 'IL2VL', 'RMED']"
2,9587850,0.012974707194752997,0.8380793811896824,RMEV,161,1,URADR,"['RMEL', 'BWMDR01', 'RMEV', 'RMER']"
3,9587810,0.2531564194709392,0.00956024630620498,RMEV,161,1,SMBVR,"['BWMVR01', 'BWMVR03', 'RMEV', 'RMDVL']"
4,9587808,0.2130443771294525,0.00956024630620498,RMEV,161,1,SMBVR,"['RMEV', 'BWMVR03', 'BWMVR01']"
5,9587806,0.22039136229584713,0.03432258462289155,RMEV,161,1,SMBVL,"['BWMVL03', 'RMEV']"
6,9587803,0.2535079032680832,0.03432258462289155,RMEV,161,1,SMBVL,"['RMEV', 'RMDVR', 'BWMVL03', 'BWMVL01']"
7,9587716,0.020990054213992304,0.9472525247701725,RMEV,161,0,RMEV,"['SMDVR', 'BWMDR03', 'BWMDR01', 'RMDDR']"
8,9587715,0.710049038294768,0.22813504529366543,RMEV,161,0,RMEV,"['SMDVL', 'BWMDL01', 'BWMDR01']"
9,9587714,0.6503307604456389,0.22813504529366543,RMEV,161,0,RMEV,"['RMDDR', 'BWMDL01']"
10,9587713,0.6283336732187185,0.22813504529366543,RMEV,161,0,RMEV,"['RMDDR', 'BWMDL03', 'BWMDL01']"
11,9587712,0.0,0.9243608378956284,RMEV,161,0,RMEV,"['BWMDR03', 'RMDDL', 'BWMDL01', 'BWMDR01']"
12,9587710,0.1830139519795679,0.03432258462289155,RMEV,161,1,RMED,"['BWMVL03', 'RMEV', 'BWMVL01', 'BWMVR01', 'BWMVL01', 'RMDVR', 'SMDDL']"
13,9587707,0.12983391776515094,0.14713291077947413,RMEV,161,1,RMED,"['BWMVL01', 'RMDVL', 'BWMVR01', 'RMDVR', 'RMEV']"
14,9585357,0.1415425588870747,0.0,RMEV,161,1,PVT,"['RIGL', 'RMEV']"
15,9585197,0.0,0.4044550691683867,RMEV,161,1,IL2VR,"['RMER', 'RIPR', 'RMEV']"
16,9585194,0.0,0.21717978598620288,RMEV,161,1,IL2VL,"['RIPL', 'URAVL', 'RMEV', 'RMEL']"
17,9585193,0.09841091359342428,0.22813504529366543,RMEV,161,1,IL2VL,"['RMEL', 'RMEV']"
18,9585191,0.1483427093264589,0.22813504529366543,RMEV,161,1,IL2VL,"['RMEV', 'RMEL', 'RIPL']"
19,9585155,0.47383292381138764,0.22813504529366543,RMEV,161,1,IL2DL,"['RIPL', 'RMER', 'URADL', 'RMEV']"
