,node_id,connector_id,length,dist_from_root,neuron,project,type,inputs,outputs
0,9531943,9587750,0.027196472681092786,0.8573226481180453,RMGR,161,0,RMGR,"['RMDL', 'RMDR']"
1,9531948,9587749,0.05202632604303376,0.8573226481180453,RMGR,161,0,RMGR,"['RMDR', 'RMDL']"
2,9531948,9587748,0.05202632604303376,0.8573226481180453,RMGR,161,0,RMGR,"['RMDL', 'RMDVR']"
3,9531953,9587747,0.07049036139427657,0.8573226481180453,RMGR,161,0,RMGR,"['RMDL', 'RMDVR']"
4,9531904,9587692,0.0,0.9081309377561965,RMGR,161,1,RMDL,"['BWMDR02', 'BWMVR02', 'RMDR', 'RMGR']"
5,9531959,9587635,0.09920480722047326,0.8573226481180453,RMGR,161,1,RIS,"['RMGR', 'RMDL']"
6,9531952,9587551,0.06678366424235183,0.8573226481180453,RMGR,161,1,RIGR,"['AVKL', 'RMGR']"
