,node_id,connector_id,length,dist_from_root,neuron,project,type,inputs,outputs
0,9531515,9585361,0.0,0.6587983170258729,SAADL,161,1,PVT,"['SAADL', 'AVEL', 'AVKR']"
1,9531375,9587805,0.0,0.056789392525338496,SAADL,161,1,SMBVL,['SAADL']
2,9531382,9587804,0.0,0.08050974271352991,SAADL,161,1,SMBVL,['SAADL']
3,9531638,9587760,0.009765367166820398,0.7527322264061982,SAADL,161,0,SAADL,"['RIMR', 'AVAL', 'SMDVR']"
4,9531533,9587759,0.0,0.7527322264061982,SAADL,161,0,SAADL,['RIML']
5,9531535,9587757,0.0,0.7650322228609554,SAADL,161,0,SAADL,"['RIMR', 'RIML', 'AVAL']"
6,9531398,9587685,0.0,0.12136407911396871,SAADL,161,1,SMBVL,"['RMDVR', 'SAADL', 'SMDVR']"
7,9531395,9587648,0.0,0.11448642996002974,SAADL,161,1,RIVR,['SAADL']
8,9531500,9584901,0.0,0.5649164351984317,SAADL,161,1,AVKR,"['RIMR', 'SAADL']"
