,connector_id,length,dist_from_root,neuron,project,type,inputs,outputs
0,9585361,0.0,0.6676157118082656,SAADL,161,1,PVT,"['SAADL', 'AVEL', 'AVKR']"
1,9587805,0.0,0.05754946503980503,SAADL,161,1,SMBVL,['SAADL']
2,9587804,0.0,0.08158728976698752,SAADL,161,1,SMBVL,['SAADL']
3,9587760,0.009896067405845886,0.76280683806522,SAADL,161,0,SAADL,"['RIMR', 'AVAL', 'SMDVR']"
4,9587759,0.0,0.76280683806522,SAADL,161,0,SAADL,['RIML']
5,9587757,0.0,0.7752714583840048,SAADL,161,0,SAADL,"['RIMR', 'RIML', 'AVAL']"
6,9587685,0.0,0.12298842296897491,SAADL,161,1,SMBVL,"['RMDVR', 'SAADL', 'SMDVR']"
7,9587648,0.0,0.11601872296093109,SAADL,161,1,RIVR,['SAADL']
8,9584901,0.0,0.5724773094439725,SAADL,161,1,AVKR,"['RIMR', 'SAADL']"
