,connector_id,length,dist_from_root,neuron,project,type,inputs,outputs
0,9587797,0.018644525600729465,0.7347328419437105,SMBDR,161,0,SMBDR,"['BWMDL03', 'BWMDL05', 'RMED']"
1,9587796,0.02486556516054136,0.7347328419437105,SMBDR,161,0,SMBDR,"['BWMDL01', 'RMED']"
2,9587795,0.0,1.0,SMBDR,161,0,SMBDR,['SAAVL']
3,9587794,0.0,0.9735972943959368,SMBDR,161,0,SMBDR,"['SMDDR', 'SAAVL']"
4,9587793,0.001887998680289546,0.7753238622876008,SMBDR,161,0,SMBDR,"['GLRL', 'BWMDL02', 'BWMDL04', 'BWMDL04']"
5,9587792,0.006567129512336941,0.7347328419437105,SMBDR,161,0,SMBDR,"['SIBVL', 'BWMDL01', 'RMED']"
6,9587791,0.008545292695302149,0.7347328419437105,SMBDR,161,0,SMBDR,"['BWMDL03', 'BWMDL01']"
7,9587784,0.0,0.7263455217586222,SMBDR,161,1,SMBDL,"['SMBDR', 'BWMDL05', 'GLRDL', 'BWMDL01']"
8,9585436,0.0,0.20813764312147404,SMBDR,161,1,RIAR,['SMBDR']
9,9584132,0.0,0.2151097474962161,SMBDR,161,1,AIZR,"['RIAR', 'SMBVR', 'SMBDR']"
10,9584130,0.06320389147247454,0.2597351586199438,SMBDR,161,1,AIZR,"['SMBDR', 'SMBVR', 'RIAR']"
