,node_id,connector_id,length,dist_from_root,neuron,project,type,inputs,outputs
0,9563894,9587849,0.0,0.865712300685239,URADL,161,0,URADL,"['RIPL', 'RMEL', 'BWMDL02']"
1,9563885,9587842,0.0,0.8085472185387529,URADL,161,0,URADL,"['BWMDL02', 'RIPL']"
2,9563900,9587841,0.0,0.8979164859493614,URADL,161,0,URADL,"['BWMDL01', 'BWMDL02']"
3,9563899,9587840,0.0,0.8918322026066031,URADL,161,0,URADL,"['RMEL', 'IL1DL', 'BWMDL01', 'RIPL']"
4,9587493,9587492,0.035881281936905075,0.9309796020523758,URADL,161,1,IL2DL,"['URADL', 'RMED', 'RMEL', 'RIPL']"
5,9563908,9585155,0.0,0.9571755538975362,URADL,161,1,IL2DL,"['RIPL', 'RMER', 'URADL', 'RMEV']"
6,9563850,9585006,0.0,0.6343320887393099,URADL,161,1,CEPDL,"['URADL', 'RICR', 'PVR', 'RICL']"
