,node_id,connector_id,length,dist_from_root,neuron,project,type,inputs,outputs
0,9565299,9587886,0.0,0.37552976318238424,URAVL,161,1,URXL,"['PVPL', 'URAVL', 'AIBR', 'RIGL']"
1,9565368,9587859,0.0,0.8597337559717669,URAVL,161,0,URAVL,"['BWMVL01', 'BWMVL02', 'RIPL', 'RMEL']"
2,9565359,9587856,0.0,0.7990598019954374,URAVL,161,0,URAVL,"['BWMVL02', 'RIPL']"
3,9565359,9587855,0.0,0.7990598019954374,URAVL,161,0,URAVL,"['RIPL', 'RMEL', 'RMEV', 'BWMVL01', 'IL2VL', 'RMED']"
4,9587734,9587735,0.030015729487240458,0.9401060605331674,URAVL,161,1,RMER,"['BWMVL02', 'URAVL']"
5,9565362,9585194,0.0,0.8122116689523969,URAVL,161,1,IL2VL,"['RIPL', 'URAVL', 'RMEV', 'RMEL']"
6,9565377,9585189,0.0,0.9293534760178922,URAVL,161,1,IL2VL,"['URAVL', 'RIPL', 'RMER']"
7,9565381,9585192,0.0,0.9512001045281276,URAVL,161,1,IL2VL,"['RIPL', 'RMER', 'URAVL']"
