,node_id,connector_id,length,dist_from_root,neuron,project,type,inputs,outputs
0,9554994,9587873,0,0.7037917422269129,URBR,161,0,URBR,"['URXR', 'RICR']"
1,9554993,9587872,0,0.6929549429568832,URBR,161,0,URBR,"['URXR', 'IL1R']"
2,9554995,9587871,0,0.7185317931873613,URBR,161,0,URBR,"['BWMDR06', 'CEPDR']"
3,9555009,9587868,0,0.7547004399095338,URBR,161,0,URBR,"['IL2R', 'URXR', 'IL1R']"
4,9555025,9585017,0,0.9328809115953258,URBR,161,1,CEPDR,"['RICL', 'RICR', 'URBR']"
