,node_id,connector_id,length,dist_from_root,neuron,project,type,inputs,outputs
0,9561692,9587895,0.0,0.8261993968614815,URYDL,161,0,URYDL,"['AVER', 'SMDDR', 'RIBL']"
1,9561696,9587893,0.0,0.8443117323843833,URYDL,161,0,URYDL,"['SMDDR', 'AVER']"
2,9561709,9587892,0.0,0.9503565815318621,URYDL,161,0,URYDL,"['IL1DL', 'RMDVL', 'RMDDR']"
3,9561690,9587891,0.0,0.8183782286761868,URYDL,161,0,URYDL,"['SMDDR', 'RIBL']"
4,9561669,9587544,0.0,0.7098731010214601,URYDL,161,1,RIGL,"['URYDL', 'OLQDL', 'IL1DL']"
5,9561671,9587539,0.0,0.7177952205575652,URYDL,161,1,RIGL,"['URYDL', 'RIBL']"
6,9561699,9587501,0.0,0.855430107974057,URYDL,161,0,URYDL,"['SMDDR', 'AVER']"
7,9561728,9585257,0.051485367952747906,0.9012825625715759,URYDL,161,1,OLQDL,"['IL2L', 'URYDL']"
8,9561646,9585004,0.0,0.5706198516098293,URYDL,161,1,CEPDL,"['RICL', 'ADAL', 'URYDL', 'OLQDL', 'IL1DL']"
