,node_id,connector_id,length,dist_from_root,neuron,project,type,inputs,outputs
0,9561530,9587900,0,0.9746252114542326,URYDR,161,0,URYDR,"['RMDVR', 'RMDDL']"
1,9561489,9587899,0,0.7970348260849072,URYDR,161,0,URYDR,"['SMDDL', 'RIBR']"
2,9561526,9587898,0,0.9485585440694918,URYDR,161,0,URYDR,"['RMDDL', 'RMDVR']"
3,9561491,9587897,0,0.8078216042023625,URYDR,161,0,URYDR,"['SMDDL', 'RIBR']"
4,9561499,9587896,0,0.8536941714136269,URYDR,161,0,URYDR,"['SMDDL', 'AVEL']"
5,9561448,9585019,0,0.5908668572922329,URYDR,161,1,CEPDR,"['OLQDR', 'RICR', 'ADAR', 'URYDR']"
