,node_id,connector_id,length,dist_from_root,neuron,project,type,inputs,outputs
0,8143110,8415223,0.04104322687502342,0.74256222807064,ALA(0),133,0,ALA,"['AVER', 'CEPshVR']"
1,8143127,8415219,0.0,0.8836424246352457,ALA(0),133,0,ALA,['AVER']
2,8143145,8415218,0.0,0.9956100357231001,ALA(0),133,0,ALA,"['AVER', 'CEPshVL']"
3,8143146,8415217,0.0,1.0,ALA(0),133,0,ALA,['AVER']
4,8143013,8462350,0.030335820556420406,0.8894525035121607,ALA(1),133,1,PVQL,"['ALA', 'ASJL']"
5,8143016,8415221,0.047126169709932636,0.8894525035121607,ALA(1),133,0,ALA,"['PVNL', 'AVEL']"
6,8143019,8415220,0.07175387026060823,0.8894525035121607,ALA(1),133,0,ALA,"['AVEL', 'BDUL']"
7,8142990,8415216,0.0,0.9691356590662809,ALA(1),133,0,ALA,"['AVEL', 'ADLL']"
