,node_id,connector_id,length,dist_from_root,neuron,project,type,inputs,outputs
0,8169794,8468864,0.0,0.46594369714069095,BWMDL07,133,1,SMDDR,"['NR_fragment', 'BWMDL07']"
1,8169805,8468862,0.18223038895037372,0.48103539180046007,BWMDL07,133,1,SMDDR,"['SMDVL', 'BWMDL01', 'BWMDL03', 'BWMDL05', 'BWMDL07']"
2,8169783,8468804,0.0,0.33611539034225185,BWMDL07,133,1,SMBDR,"['BWMDL05', 'BWMDL07', 'BWMDL03']"
3,8169790,8468800,0.0,0.4039779681920941,BWMDL07,133,1,SMBDR,"['BWMDL05', 'BWMDL07', 'BWMDL03', 'RMED']"
4,8169860,8468068,0.07162085867083536,0.5226074921035927,BWMDL07,133,1,RMDDR,"['BWMDL03', 'BWMDL07', 'BWMDL05', 'RMDVL']"
5,8169790,8468064,0.0,0.4039779681920941,BWMDL07,133,1,RMDDR,"['BWMDL07', 'SMBDR', 'BWMDL05']"
6,8169845,8468023,0.0862104280956767,0.899933700548776,BWMDL07,133,1,RMDDL,"['BWMDL07', 'BWMDL05', 'BWMDL03']"
7,8169767,8417782,0.0,0.1645167479967149,BWMDL07,133,1,CEPDL,['BWMDL07']
