,node_id,connector_id,length,dist_from_root,neuron,project,type,inputs,outputs
0,8166918,8468853,0.0,0.7677611829050024,BWMDL08,133,1,SMDDR,"['RIMR', 'BWMDL08', 'RMDR']"
1,8166916,8468852,0.1766443313039264,0.7603108637202064,BWMDL08,133,1,SMDDR,"['RIMR', 'BWMDL08']"
2,8166909,8468797,0.0,0.7603108637202064,BWMDL08,133,1,SMBDR,"['BWMDL08', 'BWMDL04']"
3,8166938,8468162,0.04612356378879748,0.8129752476327288,BWMDL08,133,1,RMDR,"['BWMDL08', 'BWMDL06']"
4,8166915,8240720,0.16001312681658142,0.7603108637202064,BWMDL08,133,1,RMGL,"['BWMDL08', 'BWMDL06']"
5,8166904,8240718,0.0,0.6525654222154745,BWMDL08,133,1,RMGL,['BWMDL08']
6,8166927,8240717,0.0,0.8855517076733619,BWMDL08,133,1,RMGL,"['BWMDL06', 'BWMDL08']"
7,8166926,8240663,0.0,0.8696580362221752,BWMDL08,133,1,RMGL,"['BWMDL08', 'BWMDL06']"
8,8166930,8240660,0.0,0.9335379606579347,BWMDL08,133,1,RMGL,"['BWMDL06', 'BWMDL08']"
