,connector_id,length,dist_from_root,neuron,project,type,inputs,outputs
0,8468605,0.0,0.7456540594190062,BWMVR08,133,1,RMGR,"['BWMVR06', 'BWMVR08', 'BWMVR06']"
1,8468604,0.0,0.734715499588947,BWMVR08,133,1,RMGR,"['BWMVR08', 'BWMVR06']"
2,8467909,0.13545244793930059,0.681741998957535,BWMVR08,133,1,RIVL,"['BWMVR08', 'BWMVR06']"
3,8414903,0.0,0.39452951733816344,BWMVR08,133,1,SMBVR,"['BWMVR04', 'BWMVR08', 'BWMVR06']"
