,connector_id,length,dist_from_root,neuron,project,type,inputs,outputs
0,8468830,0.0,0.48037115496043786,BWMVL08,133,1,SMBVL,"['BWMVL08', 'BWMVL06']"
1,8240712,0.08577239397087849,0.7846582365750037,BWMVL08,133,1,RMGL,"['BWMVL08', 'BWMVL04']"
2,8240710,0.0,0.9209921474790211,BWMVL08,133,1,RMGL,"['BWMVL06', 'BWMVL08']"
3,8240704,0.0,0.7424328352008003,BWMVL08,133,1,RMGL,"['BWMVL08', 'BWMVL06']"
4,8240670,0.11665267558783003,0.7846582365750037,BWMVL08,133,1,RMGL,"['RMDL', 'BWMVL08', 'BWMVL04']"
