,connector_id,length,dist_from_root,neuron,project,type,inputs,outputs
0,9644562,0.012279465575437642,0.7568229132334388,SIADR,133,1,RIAR,"['RMDL', 'RMDR', 'SIADR']"
1,8415025,0.0,0.8908347580376741,SIADR,133,1,AIML,"['SIADR', 'SDQL', 'SMBDR']"
2,8467175,0.009568847863619988,0.7234781074416413,SIADR,133,1,RIAR,"['SIADR', 'RMDL']"
3,8467051,0.0,0.6981765071314502,SIADR,133,1,RIAR,"['SIADR', 'SMDVL']"
4,8466956,0.0007821464591126031,0.7353439660176305,SIADR,133,1,RIAR,"['SIADR', 'SMDVL']"
5,8466954,0.0,0.7234781074416413,SIADR,133,1,RIAR,"['SMDVL', 'SIADR']"
6,8466952,0.0,0.7353439660176305,SIADR,133,1,RIAR,"['SMDVL', 'SIADR']"
7,8466951,0.0007821464591126031,0.7353439660176305,SIADR,133,1,RIAR,"['SMDVL', 'SIADR']"
8,8466947,0.009568847863619988,0.7234781074416413,SIADR,133,1,RIAR,"['RMDDR', 'SIADR']"
9,8466946,0.009568847863619988,0.7234781074416413,SIADR,133,1,RIAR,"['RMDDR', 'SIADR']"
10,8466944,0.009568847863619988,0.7234781074416413,SIADR,133,1,RIAR,"['SIADR', 'RMDDR']"
11,8466942,0.01142664495222183,0.7568229132334388,SIADR,133,1,RIAR,"['SMDDR', 'SIADR']"
12,8466941,0.013078801311543561,0.7568229132334388,SIADR,133,1,RIAR,"['SIADR', 'RMDDR']"
13,8417774,0.0,0.8763229035661826,SIADR,133,1,CEPDL,"['URXL', 'SIADR', 'SDQL']"
14,8240690,0.0,0.8570694127797907,SIADR,133,1,RMGL,"['SIADR', 'SIAVL']"
