,connector_id,length,dist_from_root,neuron,project,type,inputs,outputs
0,8462739,0.007387701733630885,0.37507986287782735,AVL,133,1,PVT,"['AVL', 'AVKR']"
1,8467588,0.0,0.2144408971425159,AVL,133,1,RIS,"['RIMR', 'AVL']"
2,8467587,0.0,0.2144408971425159,AVL,133,1,RIS,"['AVKL', 'AVL']"
3,8467551,0.0,0.14724020386153075,AVL,133,1,RIS,"['RIBL', 'AVL', 'URYVL']"
4,8462753,0.0,0.9606768307698806,AVL,133,1,PVT,"['AVKR', 'AVL']"
5,8462751,0.0,0.8918962648004543,AVL,133,1,PVT,"['AVKL', 'AVKR', 'AVL']"
6,8462749,0.0,0.8209159336680096,AVL,133,1,PVT,"['SMBDL', 'AVL', 'RMFL']"
7,8462691,0.0,0.685680693194826,AVL,133,1,PVT,['AVL']
8,8462689,0.0,0.746954547891544,AVL,133,1,PVT,"['AVKR', 'AVL']"
9,8419033,0.0,0.17329084428755692,AVL,133,1,DVC,"['RIBL', 'AVL']"
10,8416985,0.0012842203649976677,0.6177779639751472,AVL,133,0,AVL,"['RMER', 'RIS']"
11,8416984,0.0,0.6840688467356953,AVL,133,0,AVL,['PVT']
12,8416980,0.0,0.8267042424225174,AVL,133,1,AVKR,"['AIBL', 'AVL', 'unknown1']"
13,8416976,0.0,0.6632020177758162,AVL,133,1,AVKR,"['RIS', 'AVL']"
14,8416934,0.0,0.853412229513108,AVL,133,1,AVKL,"['SMBDR', 'RIGR', 'AVL']"
