,connector_id,length,dist_from_root,neuron,project,type,inputs,outputs
0,8462119,0.0,0.7355395723412296,RID,133,1,PVCL,"['AVBL', 'RID']"
1,8462118,0.0,0.6063720911202491,RID,133,1,PVCL,"['RID', 'AVBR']"
2,8462114,0.0,0.7489979407390237,RID,133,1,PVCL,"['RID', 'AVBL']"
3,8462113,0.0,0.5796898866629917,RID,133,1,PVCL,"['AVDR', 'RID', 'AVBR']"
4,8462111,0.0,0.559989582969781,RID,133,1,PVCL,"['RID', 'AVBR']"
5,8462110,0.0,0.5499104361988164,RID,133,1,PVCL,"['RID', 'AVBR']"
6,8462102,0.0,0.37910796640385375,RID,133,1,PVCL,"['SDQL', 'RID', 'AVEL']"
7,8462097,0.00877206473275205,0.3455427137407662,RID,133,1,PVCL,"['RID', 'ADAL']"
8,8462095,0.0,0.3127913871431247,RID,133,1,PVCL,"['AVBL', 'RID']"
9,8462048,0.0,0.9189338885648108,RID,133,1,PLNL,"['RID', 'SMBVL']"
10,8418984,0.051214215704441346,0.06903797016115523,RID,133,1,DVC,"['RIGL', 'RID']"
11,8417864,0.0015265877322436642,0.3871585174406635,RID,133,1,PVCL,"['RID', 'AVEL']"
12,8417577,0.0,0.051715222791303174,RID,133,1,BAGR,['RID']
13,8417576,0.0,0.04898241137506336,RID,133,1,BAGR,"['RID', 'RIBL']"
14,8416551,0.0,0.559989582969781,RID,133,1,AVJR,"['PVCL', 'AVBR', 'RID']"
15,8416549,0.0,0.6524860931377741,RID,133,1,AVJR,"['RID', 'PVCL']"
16,8415037,0.0,0.8554175766080051,RID,133,1,AIML,"['CEPshVL', 'RID']"
17,8415016,0.0,0.8356749332687293,RID,133,1,AIML,"['ASGL', 'CEPshVL', 'RID']"
18,8240321,0.0,0.7057501869298749,RID,133,1,BDUL,"['AVJR', 'PVCL', 'RID']"
19,8240318,0.0,0.6972234202781037,RID,133,1,BDUL,"['AVJR', 'PVCL', 'RID']"
20,8240315,0.0,0.6469044169721907,RID,133,1,BDUL,"['ALML', 'RID']"
21,8239719,0.0,0.04785051300907098,RID,133,1,AINR,"['RID', 'RIBR', 'BAGR']"
