,connector_id,length,dist_from_root,neuron,project,type,inputs,outputs
0,5030314,0,0.6807854008580262,ALA(0),106,0,ALA,"['AVEL', 'CEPshDL']"
1,5030313,0,0.7578154677663201,ALA(0),106,0,ALA,['AVEL']
2,5030312,0,0.8468359446103669,ALA(0),106,0,ALA,['CEPshDL']
3,5030315,0.0,0.7286008671371366,ALA(1),106,0,ALA,"['AVER', 'CEPshVR']"
4,5030308,0.0,0.6974505117382721,ALA(1),106,0,ALA,"['AVER', 'CEPshVR']"
5,5030306,0.032924627605554535,0.6974505117382721,ALA(1),106,0,ALA,"['CEPshVR', 'ASJR']"
