,connector_id,length,dist_from_root,neuron,project,type,inputs,outputs
0,5037474,0.09362696593262991,0.4215496312567418,BWMVL05,106,1,SMDVR,"['SMDDL', 'BWMVL03', 'BWMVL05', 'BWMVR01', 'BWMVL01']"
1,5037334,0.0,0.38088135566739245,BWMVL05,106,1,SMBVL,"['BWMVL05', 'BWMVL03', 'SIBDL', 'BWMVL01']"
2,5036830,0.0,0.05175060268225001,BWMVL05,106,1,RIVR,"['BWMVL05', 'SAADL']"
3,5036811,0.144327356884406,0.0343984175761073,BWMVL05,106,1,RIVR,"['SAADL', 'BWMVL05']"
