,connector_id,length,dist_from_root,neuron,project,type,inputs,outputs
0,5037372,0.0,0.7402557541195663,SIAVR,106,1,SMBVR,"['SAADR', 'SIAVR']"
1,5036800,0.0,0.7001789508730292,SIAVR,106,1,RIVL,"['SIAVR', 'RMDVL']"
2,5034300,0.0,0.6231517154286558,SIAVR,106,1,RIAL,"['RMDVL', 'SIAVR']"
3,5034279,0.023983864364040392,0.5964361893015241,SIAVR,106,1,RIAL,"['RMDVL', 'SIAVR']"
4,5034273,0.0,0.6345565289416778,SIAVR,106,1,RIAL,"['RMDVL', 'SIAVR']"
5,5034267,0.0,0.6637840762293722,SIAVR,106,1,RIAL,"['SIAVR', 'RMDVL']"
6,5034251,0.0,0.6658081306623181,SIAVR,106,1,RIAL,"['SIAVR', 'RMDVL']"
7,5034240,0.0,0.6780552617537796,SIAVR,106,1,RIAL,"['SIAVR', 'RMDVL']"
