,connector_id,length,dist_from_root,neuron,project,type,inputs,outputs
0,5049114,0.0,0.8934582290288582,SMBDL,106,1,BDUR,"['SMBDL', 'URBR']"
1,5037296,0.006121112093144759,0.6611862105068377,SMBDL,106,0,SMBDL,"['ADAL', 'SAAVR']"
2,5037295,0.006723992642382703,0.7481847920036624,SMBDL,106,0,SMBDL,"['BWMDR05', 'BWMDR03']"
3,5037294,0.013295686794873453,0.7481847920036624,SMBDL,106,0,SMBDL,"['BWMDR03', 'BWMDR01']"
4,5037292,0.0,0.7118172589957947,SMBDL,106,0,SMBDL,"['RMED', 'CEPshDR']"
5,5037288,0.003676766315247095,0.7162687310349196,SMBDL,106,0,SMBDL,"['RMED', 'RMDDL']"
6,5037287,0.0,0.7571060312247714,SMBDL,106,0,SMBDL,"['BWMDR01', 'BWMDR03']"
7,5037286,0.00813518679513291,0.7937565853190902,SMBDL,106,0,SMBDL,"['BWMDR02', 'BWMDR04']"
8,5037284,0.0,0.8604423902179914,SMBDL,106,0,SMBDL,"['AVBR', 'ADAR', 'SIBDL']"
9,5037283,0.0,0.9854594525234331,SMBDL,106,0,SMBDL,['SAAVR']
10,5037281,0.0,0.9888120707355399,SMBDL,106,0,SMBDL,['SAAVR']
11,5037278,0.0,0.9933644360062962,SMBDL,106,0,SMBDL,['SAAVR']
12,5032428,0.0,0.7954813236966369,SMBDL,106,1,CEPDR,"['SMBDL', 'SIBVR', 'OLQDR', 'URADR']"
13,5031076,0.0,0.317457265028232,SMBDL,106,1,AVHR,"['SMBDL', 'SIAVL', 'DVA']"
14,5030409,0.0,0.9572991414422078,SMBDL,106,1,ALNR,"['SAAVR', 'SMBDL']"
15,5030172,0.0,0.18256253306769102,SMBDL,106,1,AIZL,"['SMBDL', 'RIAL', 'SMBVL']"
16,5030170,0.0,0.181858434222022,SMBDL,106,1,AIZL,"['SMBVL', 'SMBDL']"
17,5030167,0.037767046564425366,0.23531079753973153,SMBDL,106,1,AIZL,"['SMBVL', 'SMBDL']"
18,5030163,0.01705593857914505,0.23531079753973153,SMBDL,106,1,AIZL,"['RIAL', 'AIZR', 'SMBDR', 'SMBVL', 'SMBDL']"
19,5030156,0.0,0.2989811250499235,SMBDL,106,1,AIZL,"['SMBVL', 'SMBDL', 'RIAL']"
20,4977312,0.0,0.49084301082822723,SMBDL,106,1,AIBR,"['RIML', 'AVBR', 'SMBDL']"
21,4977061,0.0,0.2006501634521704,SMBDL,106,1,ADFL,"['SMBDL', 'RIAL']"
