,node_id,connector_id,length,dist_from_root,neuron,project,type,inputs,outputs
0,6667861,7125141,0.057138337095382956,0.5354867161530197,ADEL,124,1,DVC,"['ADEL', 'AVAR']"
1,6667857,7125120,0.023840527582666676,0.5354867161530197,ADEL,124,1,FLPL,"['ADEL', 'AVAL']"
2,6667780,7049059,0.0,0.06702749863925252,ADEL,124,0,ADEL,"['ADAL', 'AVAR']"
3,6667858,7049057,0.03304767743434853,0.5354867161530197,ADEL,124,0,ADEL,"['FLPR', 'AVDR', 'AVAR']"
