,node_id,connector_id,length,dist_from_root,neuron,project,type,inputs,outputs
0,6707638,7124971,0.0,0.39736564066250013,ADLR,124,1,AWCR,"['ADLR', 'AIAR']"
1,6707637,7124881,0.0,0.3923573274530694,ADLR,124,1,AWAR,"['ADLR', 'ASKR', 'ASER']"
2,6707707,7124823,0.41444593589071427,0.2769333400470023,ADLR,124,1,AVHL,['ADLR']
3,6707676,7050094,0.0,0.9212066074406218,ADLR,124,0,ADLR,['ASKR']
4,6707710,7050093,0.16957471612309025,0.2769333400470023,ADLR,124,0,ADLR,"['AIAR', 'ADAR', 'AIBR']"
5,6707632,7050092,0.0,0.3436209751977647,ADLR,124,0,ADLR,"['AIAR', 'AWCR']"
6,6707624,7050088,0.0,0.2356782791695493,ADLR,124,0,ADLR,"['CEPshVR', 'AIAR']"
7,6707632,7050087,0.0,0.3436209751977647,ADLR,124,0,ADLR,"['ASER', 'AIBR', 'ASKR']"
8,6707631,7050086,0.0,0.32663339428818927,ADLR,124,0,ADLR,"['ASKR', 'AIBR']"
