,node_id,connector_id,length,dist_from_root,neuron,project,type,inputs,outputs
0,6666422,7050413,0.007194265898557502,0.42314960995762896,AFDL,124,1,AINR,"['ASER', 'AFDL']"
1,6666350,7050401,0.0,0.42706786323127083,AFDL,124,1,AINR,['AFDL']
2,6666309,7050395,0.0,0.11769575721617308,AFDL,124,1,AINR,"['AIBL', 'AFDL', 'AUAL']"
3,6666414,7050391,0.0,0.9670183396496408,AFDL,124,1,AINR,"['AFDL', 'AUAL']"
4,6666406,7050117,0.0,0.8522068273260869,AFDL,124,0,AFDL,"['AIYL', 'ADFL']"
5,6666409,7050115,0.0,0.8812725456314892,AFDL,124,0,AFDL,['AIYL']
6,6666351,7050113,0.0,0.43743553808629543,AFDL,124,0,AFDL,['AIYL']
