,node_id,connector_id,length,dist_from_root,neuron,project,type,inputs,outputs
0,6700173,7051153,0.004037913499567301,0.8589678165221055,AFDR,124,1,ASEL,"['AIYR', 'AFDR']"
1,6700133,7050390,0.0,0.6122779873804661,AFDR,124,1,AINL,"['AFDR', 'AUAR']"
2,6700128,7050123,0.0,0.5616243958962462,AFDR,124,0,AFDR,['AIYR']
3,6700126,7050122,0.0,0.5400358761262973,AFDR,124,0,AFDR,['AIYR']
4,6700041,7050112,0.0037874733535828847,0.036795592745715505,AFDR,124,0,AFDR,['AIYR']
