,node_id,connector_id,length,dist_from_root,neuron,project,type,inputs,outputs
0,6650695,7051228,0,0.36981594967006015,AIML,124,1,ASGL,"['AIML', 'AIAL']"
1,6650656,7050379,0,0.18894488845571872,AIML,124,0,AIML,"['AIAL', 'ASGL']"
2,6650710,7050378,0,0.4629333195776042,AIML,124,0,AIML,['ASJL']
3,6650698,7050377,0,0.37922329496153906,AIML,124,0,AIML,"['AIAL', 'ASGL']"
4,6650729,7050371,0,0.6266018461552456,AIML,124,0,AIML,"['CEPshVL', 'ASJL']"
