,node_id,connector_id,length,dist_from_root,neuron,project,type,inputs,outputs
0,6789399,7051231,0.0,0.3860430862821076,AIMR,124,1,ASGR,"['AIMR', 'AIAR']"
1,6789424,7051230,0.014363815749095094,0.5349856422438438,AIMR,124,1,ASGR,"['AIMR', 'AIAR']"
2,6789387,7050386,0.0,0.3218930077039571,AIMR,124,0,AIMR,"['AIAR', 'ASGR']"
3,6789419,7050384,0.0013700765330845362,0.5349856422438438,AIMR,124,0,AIMR,"['ASKR', 'AIAR']"
4,6789408,7050381,0.0,0.45685519211375875,AIMR,124,0,AIMR,"['AIAR', 'AWCR', 'ASGR']"
5,6789372,7050380,0.0,0.25514583449012096,AIMR,124,0,AIMR,"['ASJR', 'AIAR']"
