,node_id,connector_id,length,dist_from_root,neuron,project,type,inputs,outputs
0,6828617,7124780,0.012636559227638648,0.5959874259659089,AINR,124,1,ASIL,"['AINR', 'BAGR']"
1,6828619,7050413,0.0199869688597965,0.5959874259659089,AINR,124,0,AINR,"['ASER', 'AFDL']"
2,6828470,7050391,0.0,0.2956259263152942,AINR,124,0,AINR,"['AFDL', 'AUAL']"
3,6828627,7050405,0.01311667016191432,0.593748750598752,AINR,124,0,AINR,"['RIBL', 'BAGR']"
4,6828617,7050401,0.012636559227638648,0.5959874259659089,AINR,124,0,AINR,['AFDL']
5,6828546,7050397,0.0,0.6574302539502312,AINR,124,0,AINR,"['CEPshVL', 'CEPVL']"
6,6828602,7050396,0.0,0.958305304606921,AINR,124,0,AINR,"['AIAR', 'ASGR']"
7,6828579,7050395,0.0,0.8178301597989683,AINR,124,0,AINR,"['AIBL', 'AFDL', 'AUAL']"
