,connector_id,length,dist_from_root,neuron,project,type,inputs,outputs
0,7050894,0,0.08402576369107753,ALA(0),124,0,ALA,[]
1,7050849,0,0.020259659454554286,ALA(0),124,0,ALA,"['IL1L', 'AVEL']"
2,7050901,0,0.02069617566753065,ALA(1),124,0,ALA,['AVER']
3,7050896,0,0.11482405799319598,ALA(1),124,0,ALA,[]
