,node_id,connector_id,length,dist_from_root,neuron,project,type,inputs,outputs
0,6859744,7125504,0.0,0.5773722461299767,ALMR,124,1,RIFR,"['ALMR', 'AVBR', 'ASHR']"
1,6859745,7125027,0.0,0.5948096251135035,ALMR,124,1,BDUR,['ALMR']
2,6859707,7050954,0.0,0.18894578943769558,ALMR,124,0,ALMR,['BDUR']
3,6859714,7050947,0.04836389871644891,0.18894578943769558,ALMR,124,0,ALMR,"['PVR', 'CEPDR']"
