,node_id,connector_id,length,dist_from_root,neuron,project,type,inputs,outputs
0,6753704,7051158,0.0,0.7633235891977556,ASEL,124,0,ASEL,"['AIYR', 'AIBR']"
1,6753707,7051153,0.019570485110884325,0.7633235891977556,ASEL,124,0,ASEL,"['AIYR', 'AFDR']"
2,6753696,7051148,0.0,0.6628027540045931,ASEL,124,0,ASEL,"['AIBL', 'AIYL', 'AWCR']"
3,6753747,7051147,0.00840034561569615,0.7751037971639686,ASEL,124,0,ASEL,"['AIYR', 'AWCL', 'AIBR']"
4,6753709,7051146,0.0,0.7751037971639686,ASEL,124,0,ASEL,"['AIYR', 'AIBR']"
5,6753643,7051143,0.0,0.35435180282503553,ASEL,124,0,ASEL,"['AIBL', 'AIYL']"
6,6753612,7051140,0.0,0.18104732016990438,ASEL,124,0,ASEL,['AIYL']
7,6753617,7051139,0.0,0.20218164084965773,ASEL,124,0,ASEL,"['AIBL', 'AIYL']"
8,6753694,7051137,0.0,0.6554202117046029,ASEL,124,0,ASEL,"['AIBL', 'AIYL']"
