,node_id,connector_id,length,dist_from_root,neuron,project,type,inputs,outputs
0,6737528,7051228,0.0,0.515239247197949,ASGL,124,0,ASGL,"['AIML', 'AIAL']"
1,6737486,7051227,0.0,0.12036635744298588,ASGL,124,0,ASGL,['AIAL']
2,6737556,7051223,0.05934047727234425,0.8200227557817062,ASGL,124,0,ASGL,['AIAL']
3,6737489,7050379,0.0,0.14094293479061623,ASGL,124,1,AIML,"['AIAL', 'ASGL']"
4,6737531,7050377,0.0,0.5441578467655617,ASGL,124,1,AIML,"['AIAL', 'ASGL']"
