,node_id,connector_id,length,dist_from_root,neuron,project,type,inputs,outputs
0,6732512,7051232,0.0,0.43311752009967375,ASGR,124,0,ASGR,['AIAR']
1,6732517,7051231,0.0,0.49256407968133525,ASGR,124,0,ASGR,"['AIMR', 'AIAR']"
2,6732542,7051230,0.0,0.8549782018842599,ASGR,124,0,ASGR,"['AIMR', 'AIAR']"
3,6732551,7051229,0.0038148868843269563,0.8549782018842599,ASGR,124,0,ASGR,"['ASJR', 'AIAR']"
4,6732499,7050396,0.0,0.3263431415957927,ASGR,124,1,AINR,"['AIAR', 'ASGR']"
5,6732504,7050386,0.0,0.3589657304963513,ASGR,124,1,AIMR,"['AIAR', 'ASGR']"
6,6732526,7050381,0.0,0.6376949742231717,ASGR,124,1,AIMR,"['AIAR', 'AWCR', 'ASGR']"
