,connector_id,length,dist_from_root,neuron,project,type,inputs,outputs
0,7124788,0.0,0.5825438011274502,ASIR,124,0,ASIR,"['AWCR', 'CEPshVR']"
1,7124785,0.014374338031235756,0.4429475058466656,ASIR,124,0,ASIR,"['ASER', 'AIBR']"
2,7124784,0.014374338031235756,0.4429475058466656,ASIR,124,0,ASIR,"['AIAR', 'AWCR', 'AIBR']"
3,7051166,0.0,0.17717627732840124,ASIR,124,1,ASER,"['AIBR', 'ASIR']"
