,connector_id,length,dist_from_root,neuron,project,type,inputs,outputs
0,7125363,0.0,0.15862263180504207,ASJL,124,1,PVQL,"['ASKL', 'ASJL', 'AIAL']"
1,7125360,0.022289395004841592,0.9226078692372265,ASJL,124,1,PVQL,['ASJL']
2,7124799,0.0,0.2141266288147617,ASJL,124,0,ASJL,['PVQL']
3,7124795,0.036260939979613736,0.9226078692372265,ASJL,124,0,ASJL,"['CEPshDL', 'PVQL']"
4,7124794,0.0,0.4358134681756763,ASJL,124,0,ASJL,['PVQL']
5,7050378,0.0,0.34042745552673476,ASJL,124,1,AIML,['ASJL']
6,7050371,0.0,0.5519394947173877,ASJL,124,1,AIML,"['CEPshVL', 'ASJL']"
