,node_id,connector_id,length,dist_from_root,neuron,project,type,inputs,outputs
0,6715849,7182507,0.010453469531790249,0.5466910476424465,AUAL,124,1,URXL,"['AUAL', 'RIAL']"
1,6715840,7182506,0.0,0.4542605201823968,AUAL,124,1,URXL,"['AUAL', 'RIAL']"
2,6715902,7125093,0.0,0.851920038284253,AUAL,124,1,DVA,"['AVEL', 'AUAL']"
3,6715915,7124816,0.023977991939199212,0.4905097963534209,AUAL,124,0,AUAL,"['URXL', 'RIAL', 'RIBL']"
4,6715904,7124815,0.0,0.8783825226692875,AUAL,124,0,AUAL,"['AVEL', 'RIBL']"
5,6715794,7050395,0.0,0.17129864249329224,AUAL,124,1,AINR,"['AIBL', 'AFDL', 'AUAL']"
6,6715905,7050391,0.0,0.8875050545583794,AUAL,124,1,AINR,"['AFDL', 'AUAL']"
7,6715905,7049088,0.0,0.8875050545583794,AUAL,124,1,ADFL,"['AUAL', 'AIZL']"
8,6715820,7049087,0.0,0.34925561387319165,AUAL,124,1,ADFL,"['AUAL', 'RIAL']"
