,node_id,connector_id,length,dist_from_root,neuron,project,type,inputs,outputs
0,6829115,7124830,0,0.565011173168576,AVDL,124,1,AVJL,"['AVDL', 'AVBR']"
1,6829115,7049043,0,0.565011173168576,AVDL,124,1,ASHR,"['AVDL', 'AVBR']"
2,6829119,7027663,0,0.5794437777692857,AVDL,124,1,ADAR,"['AVBR', 'AVDL']"
3,6829016,7182388,0,0.1297631395489916,AVDL,124,1,ASHL,"['ADAL', 'AVDL']"
