,connector_id,length,dist_from_root,neuron,project,type,inputs,outputs
0,7125469,0.0,0.4326489076789319,AVDR,124,1,RIBL,"['AIBR', 'AVEL', 'AVDR']"
1,7125340,0.0,0.6693014033160969,AVDR,124,1,PVCR,"['RID', 'AVDR', 'AVBR']"
2,7125145,0.06485094783502307,0.8831183620297062,AVDR,124,1,DVC,"['AIBL', 'AVDR', 'AVAL', 'AVAR']"
3,7125117,0.01888439508677102,0.8831183620297062,AVDR,124,1,FLPL,"['ADER', 'AVDR']"
4,7049057,0.04185297683825527,0.8831183620297062,AVDR,124,1,ADEL,"['FLPR', 'AVDR', 'AVAR']"
5,6968577,0.0,0.5871270253039627,AVDR,124,1,ADAL,"['AVBL', 'AVJR', 'AVDR']"
