,node_id,connector_id,length,dist_from_root,neuron,project,type,inputs,outputs
0,6776108,7125469,0.0,0.4319583133123568,AVDR,124,1,RIBL,"['AIBR', 'AVEL', 'AVDR']"
1,6776180,7125340,0.0,0.668233064137453,AVDR,124,1,PVCR,"['RID', 'AVDR', 'AVBR']"
2,6776252,7125145,0.06474743272508743,0.8817087281325386,AVDR,124,1,DVC,"['AIBL', 'AVDR', 'AVAL', 'AVAR']"
3,6776236,7125117,0.018854251807470798,0.8817087281325386,AVDR,124,1,FLPL,"['ADER', 'AVDR']"
4,6776243,7049057,0.04178617109920012,0.8817087281325386,AVDR,124,1,ADEL,"['FLPR', 'AVDR', 'AVAR']"
5,6776154,6968577,0.0,0.586189852901716,AVDR,124,1,ADAL,"['AVBL', 'AVJR', 'AVDR']"
