,connector_id,length,dist_from_root,neuron,project,type,inputs,outputs
0,7125507,0.019667093735750867,0.28346961535568654,AVJL,124,1,RIFR,"['AVJL', 'AVBR', 'ASHR']"
1,7125501,0.0,0.7751657489316042,AVJL,124,1,RIFR,"['AVBR', 'AVJL']"
2,7125376,0.0,0.6152318891594243,AVJL,124,1,PVR,"['AVBR', 'AVJL']"
3,7125374,0.0,0.20415608062815774,AVJL,124,1,PVR,"['AVBL', 'AVJL']"
4,7125358,0.0,0.4537580887412385,AVJL,124,1,PVPR,"['AVJL', 'AVBR']"
5,7125025,0.0683901607383392,0.08844280732635458,AVJL,124,1,BDUL,"['RIFL', 'AVJL']"
6,7124830,0.0,0.4668449279231682,AVJL,124,0,AVJL,"['AVDL', 'AVBR']"
