,connector_id,length,dist_from_root,neuron,project,type,inputs,outputs
0,7125494,0.0,0.7950924820535126,AVJR,124,1,RIFL,"['AVBL', 'AVJR']"
1,7124838,0.003419113622793526,0.8637977371425566,AVJR,124,0,AVJR,"['PVCR', 'PVCL']"
2,7006824,0.0,0.5086898150719018,AVJR,124,1,ADAL,"['AVBL', 'AVJR']"
3,6968577,0.0,0.4715558447428706,AVJR,124,1,ADAL,"['AVBL', 'AVJR', 'AVDR']"
4,6945166,0.0,0.38584763177724873,AVJR,124,1,ADAL,"['AVJR', 'AVAL', 'AVBL']"
