,connector_id,length,dist_from_root,neuron,project,type,inputs,outputs
0,7125526,0.0,0.6059319551257291,AVKL,124,1,RIGR,"['RMGR', 'AVKL']"
1,7125384,0.0,0.3177163847378965,AVKL,124,1,PVT,"['AVKR', 'AVKL']"
2,7124844,0.0,0.46867184114569876,AVKL,124,0,AVKL,"['RIMR', 'AVER']"
3,7124843,0.0,0.13752795181415245,AVKL,124,0,AVKL,"['DVC', 'RIGL']"
4,7124842,0.0,0.8275472161598896,AVKL,124,0,AVKL,"['SMBVR', 'RIGR']"
5,7124840,0.008733172462054599,0.38785738955305343,AVKL,124,0,AVKL,['RMDL']
6,7124841,0.0,0.4803164011677799,AVKL,124,0,AVKL,"['RIML', 'AVEL']"
