,connector_id,length,dist_from_root,neuron,project,type,inputs,outputs
0,7125526,0.0,0.607084483604766,AVKL,124,1,RIGR,"['RMGR', 'AVKL']"
1,7125384,0.0,0.31832070536923057,AVKL,124,1,PVT,"['AVKR', 'AVKL']"
2,7124844,0.0,0.4695632904902559,AVKL,124,0,AVKL,"['RIMR', 'AVER']"
3,7124843,0.0,0.13778954039648186,AVKL,124,0,AVKL,"['DVC', 'RIGL']"
4,7124842,0.0,0.8291212736531507,AVKL,124,0,AVKL,"['SMBVR', 'RIGR']"
5,7124840,0.008749783617630262,0.3885951236888477,AVKL,124,0,AVKL,['RMDL']
6,7124841,0.0,0.48122999934759453,AVKL,124,0,AVKL,"['RIML', 'AVEL']"
