,connector_id,length,dist_from_root,neuron,project,type,inputs,outputs
0,7125527,0.0,0.49919709816951696,AVKR,124,1,RIGR,"['AIBL', 'AVKR']"
1,7125515,0.0,0.6564071162749067,AVKR,124,1,RIGL,"['RMGL', 'AVKR']"
2,7125387,0.0,0.6989400052131919,AVKR,124,1,PVT,['AVKR']
3,7125384,0.0,0.6788044665248985,AVKR,124,1,PVT,"['AVKR', 'AVKL']"
4,7124854,0.0,0.8850582710593458,AVKR,124,0,AVKR,"['AIBR', 'PVPL', 'AVER']"
5,7124853,0.0,0.6835815247945914,AVKR,124,0,AVKR,['RIMR']
6,7124852,0.01635593166845517,0.5009300203227447,AVKR,124,0,AVKR,"['RIML', 'AVEL']"
7,7124849,0.00855555256882035,0.6370387305894419,AVKR,124,0,AVKR,"['RMGL', 'RIMR', 'SAAVL']"
