,connector_id,length,dist_from_root,neuron,project,type,inputs,outputs
0,7125527,0.0,0.49867064272037903,AVKR,124,1,RIGR,"['AIBL', 'AVKR']"
1,7125515,0.0,0.6557148664511736,AVKR,124,1,RIGL,"['RMGL', 'AVKR']"
2,7125387,0.0,0.6982029000182414,AVKR,124,1,PVT,['AVKR']
3,7125384,0.0,0.6780885963573602,AVKR,124,1,PVT,"['AVKR', 'AVKL']"
4,7124854,0.0,0.8841248847249452,AVKR,124,0,AVKR,"['AIBR', 'PVPL', 'AVER']"
5,7124853,0.0,0.6828606167204504,AVKR,124,0,AVKR,['RIMR']
6,7124852,0.016338682631182797,0.5004017373263036,AVKR,124,0,AVKR,"['RIML', 'AVEL']"
7,7124849,0.008546529845557819,0.6363669067501998,AVKR,124,0,AVKR,"['RMGL', 'RIMR', 'SAAVL']"
