,node_id,connector_id,length,dist_from_root,neuron,project,type,inputs,outputs
0,6734864,7124873,0.0,0.169903060237191,AWAL,124,0,AWAL,"['ADFL', 'AWBL']"
1,6734890,7124872,0.0,0.37749213751985,AWAL,124,0,AWAL,"['ADFL', 'AIYL']"
2,6734923,7124871,0.0,0.5869761662529925,AWAL,124,0,AWAL,"['AWBL', 'ADLL']"
3,6734921,7124870,0.0,0.5751750454837684,AWAL,124,0,AWAL,[]
4,6734917,7124869,0.015461811798523155,0.5665733000400133,AWAL,124,0,AWAL,"['ADLL', 'PVQL']"
5,6734965,7124867,0.0,0.9098043659817451,AWAL,124,0,AWAL,"['PVQL', 'AIAL']"
6,6734967,7124866,0.0,0.9296736646782299,AWAL,124,0,AWAL,['AIAL']
