,connector_id,length,dist_from_root,neuron,project,type,inputs,outputs
0,7124897,0.0,0.5664991773068397,AWBL,124,0,AWBL,"['ADFL', 'AIZL']"
1,7124888,0.0,0.7127406500849375,AWBL,124,0,AWBL,"['AIZL', 'AVHR']"
2,7124873,0.0,0.13287068953843265,AWBL,124,1,AWAL,"['ADFL', 'AWBL']"
3,7124871,0.01522034747571134,0.5331801667919002,AWBL,124,1,AWAL,"['AWBL', 'ADLL']"
4,7050131,0.0,0.7864177038222152,AWBL,124,1,AIAL,"['AIBL', 'AWBL']"
