,node_id,connector_id,length,dist_from_root,neuron,project,type,inputs,outputs
0,6923566,7182497,0,0.14603043516882439,BWMDL04,124,1,URBL,['BWMDL04']
1,6923597,7125580,0,0.6020917037786128,BWMDL04,124,1,RIMR,"['BWMDL04', 'RMDL']"
2,6923590,7182414,0,0.49292525627540806,BWMDL04,124,1,SMBDR,"['BWMDL04', 'BWMDL02']"
3,6923578,7125679,0,0.2816955722461043,BWMDL04,124,1,RMDR,"['BWMDL04', 'BWMDL02']"
