,connector_id,length,dist_from_root,neuron,project,type,inputs,outputs
0,7182479,0.0,0.7511186000704434,BWMDR01,124,1,URADR,"['RIPR', 'RMER', 'BWMDR01', 'BWMDR02']"
1,7182478,0.0,0.8358032865255326,BWMDR01,124,1,URADR,"['BWMDR01', 'RMER']"
2,7125199,0.0,0.632336820788702,BWMDR01,124,1,IL1DR,"['RMDVR', 'BWMDR01', 'RIPR']"
3,7125640,0.0,0.632336820788702,BWMDR01,124,1,RMDDL,"['BWMDR03', 'BWMDR01', 'RMDVR']"
4,7125772,0.0,0.8791721912530052,BWMDR01,124,1,RMEV,"['RMDDL', 'BWMDR01', 'BWMDL01']"
5,7182435,0.06769676217465495,0.6929765717861242,BWMDR01,124,1,SMDDL,"['BWMDL01', 'SMDVR', 'BWMDR01', 'BWMDR03']"
6,7182402,0.0,0.4373083916359685,BWMDR01,124,1,SMBDL,"['RMDDL', 'RMED', 'BWMDR03', 'BWMDR01']"
