,connector_id,length,dist_from_root,neuron,project,type,inputs,outputs
0,7182431,0.0,0.5046887302473485,BWMVR04,124,1,SMBVR,['BWMVR04']
1,7125563,0.12959806046025177,0.6459913530629238,BWMVR04,124,1,RIML,"['RMDR', 'BWMVR04']"
2,7125659,0.0,0.7428007590438441,BWMVR04,124,1,RMDVL,"['BWMVR02', 'BWMVR04', 'RMDDR']"
3,7125655,0.0,0.6336938842829166,BWMVR04,124,1,RMDVL,['BWMVR04']
4,7125491,0.0,0.40839923532931527,BWMVR04,124,1,RICR,"['BWMVR04', 'CEPVR']"
5,7182429,0.0,0.5236217708660756,BWMVR04,124,1,SMBVR,['BWMVR04']
