,node_id,connector_id,length,dist_from_root,neuron,project,type,inputs,outputs
0,6997245,7125153,0,0.5856641360936432,DVC,124,0,DVC,"['RIBL', 'CEPshVL']"
1,6997161,7125145,0,0.22839601016746475,DVC,124,0,DVC,"['AIBL', 'AVDR', 'AVAL', 'AVAR']"
2,6997156,7125141,0,0.20263658859750847,DVC,124,0,DVC,"['ADEL', 'AVAR']"
3,6997156,7125140,0,0.20263658859750847,DVC,124,0,DVC,"['AVAR', 'AVAL']"
4,6997173,7124843,0,0.280874238426431,DVC,124,1,AVKL,"['DVC', 'RIGL']"
