,connector_id,length,dist_from_root,neuron,project,type,inputs,outputs
0,7182493,0.0,0.6026523889997861,IL1L,124,1,URBL,"['URXL', 'IL1L', 'IL2L']"
1,7125206,0.0,0.9292039656857606,IL1L,124,0,IL1L,"['RMDVL', 'BWMDL02', 'RMER']"
2,7125205,0.0,0.7943847979226811,IL1L,124,0,IL1L,"['RMDDL', 'BWMVL02', 'RMER', 'BWMDL02']"
3,7125202,0.0,0.856357291757151,IL1L,124,0,IL1L,"['RMDVL', 'BWMDL02', 'RMER']"
4,7050849,0.019302495337746653,0.43936725816335476,IL1L,124,1,ALA,"['IL1L', 'AVEL']"
5,7125682,0.0,0.7054931128666725,IL1L,124,1,RMDR,"['RMDL', 'OLLL', 'IL2L', 'IL1L']"
6,7125677,0.0,0.6600155051757101,IL1L,124,1,RMDR,"['BWMDL02', 'IL1L', 'BWMVL02', 'RMDL']"
