,node_id,connector_id,length,dist_from_root,neuron,project,type,inputs,outputs
0,6771479,7125382,0.03779945816909841,0.48452314176258754,IL1VR,124,1,PVR,"['RIPR', 'IL1VR', 'CEPVR', 'URYVR']"
1,6771534,7125224,0.0,0.801474612812472,IL1VR,124,0,IL1VR,"['RMDDR', 'RMER', 'BWMVR02']"
2,6771514,7125223,0.0,0.6834288250252017,IL1VR,124,0,IL1VR,"['RMDDR', 'BWMVR01', 'RIPR']"
3,6771524,7125221,0.0,0.7538106313064878,IL1VR,124,0,IL1VR,"['BWMVR02', 'RMDDR', 'RIPR']"
