,node_id,connector_id,length,dist_from_root,neuron,project,type,inputs,outputs
0,7039356,7125229,0,0.967704986268529,IL2DL,124,0,IL2DL,['GLRDL']
1,7039343,7125228,0,0.9178003166030121,IL2DL,124,0,IL2DL,"['RIPL', 'RMEV', 'RMER']"
2,7039353,7125227,0,0.9408551268155987,IL2DL,124,0,IL2DL,['RIPL']
3,7039344,7125225,0,0.9257770478743724,IL2DL,124,0,IL2DL,"['RMEL', 'RMEV', 'RIPL']"
