,node_id,connector_id,length,dist_from_root,neuron,project,type,inputs,outputs
0,6929706,7182493,0.0,0.5218566468512392,IL2L,124,1,URBL,"['URXL', 'IL1L', 'IL2L']"
1,6929777,7125558,0.0,0.9731709474343719,IL2L,124,1,RIH,"['GLRL', 'IL2L']"
2,6929772,7125557,0.0,0.9280901075228004,IL2L,124,1,RIH,"['IL2L', 'OLQVL']"
3,6929773,7125546,0.0,0.9377176262919847,IL2L,124,1,RIH,"['GLRL', 'IL2L']"
4,6929784,7125315,0.034737962069093645,0.8499131548543565,IL2L,124,1,OLQVL,['IL2L']
5,6929771,7125314,0.0,0.9227646653850415,IL2L,124,1,OLQVL,['IL2L']
6,6929766,7125250,0.0,0.8994317117382398,IL2L,124,0,IL2L,"['RIH', 'OLQVL']"
7,6929782,7125243,0.02011513786206653,0.8499131548543565,IL2L,124,0,IL2L,"['OLQVL', 'RIH']"
8,6929727,7125682,0.0,0.622935293759615,IL2L,124,1,RMDR,"['RMDL', 'OLLL', 'IL2L', 'IL1L']"
