,connector_id,length,dist_from_root,neuron,project,type,inputs,outputs
0,7125302,0.0057172887305083735,0.9509741988840471,OLLR,124,0,OLLR,"['SMDVL', 'RIBR']"
1,7125301,0.0,0.9377253831745406,OLLR,124,0,OLLR,"['SMDVL', 'AVEL', 'RIBR']"
2,7125298,0.12276581230550399,0.6346527437257404,OLLR,124,0,OLLR,"['CEPDR', 'SMDDL']"
3,7125297,0.12276581230550399,0.6346527437257404,OLLR,124,0,OLLR,['AVEL']
4,7125296,0.007483258157392363,0.6346527437257404,OLLR,124,0,OLLR,"['RIBR', 'AVEL']"
5,7125068,0.0,0.7624941662744168,OLLR,124,1,CEPVR,"['OLLR', 'OLQVR', 'AVEL']"
6,7125066,0.0,0.7751915718960719,OLLR,124,1,CEPVR,"['OLLR', 'AVEL']"
7,7125061,0.0,0.9332155795890434,OLLR,124,1,CEPVR,"['OLLR', 'AVEL']"
8,7125044,0.19760239071267555,0.6346527437257404,OLLR,124,1,CEPDR,"['OLLR', 'SMDDL']"
