,node_id,connector_id,length,dist_from_root,neuron,project,type,inputs,outputs
0,6750774,7125556,0.0,0.09955652717549547,OLQDR,124,1,RIH,['OLQDR']
1,6750765,7125542,0.0,0.025369684222590106,OLQDR,124,1,RIH,['OLQDR']
2,6750918,7125313,0.04625779800498248,0.9472449683224919,OLQDR,124,0,OLQDR,['IL2R']
3,6750861,7125312,0.0,0.625231087651379,OLQDR,124,0,OLQDR,['RICR']
4,6750866,7125311,0.0,0.6513392832785917,OLQDR,124,0,OLQDR,"['AVAR', 'RICR', 'RICL']"
5,7125252,7125253,0.051021374577598644,0.9472449683224919,OLQDR,124,1,IL2R,"['OLQDR', 'RIH']"
