,connector_id,length,dist_from_root,neuron,project,type,inputs,outputs
0,7125554,0.39910176297892763,0.0,OLQVR,124,1,RIH,['OLQVR']
1,7125548,0.1312817671021622,0.0,OLQVR,124,1,RIH,"['OLQVR', 'RIPR']"
2,7125524,5.123654431688445,0.0,OLQVR,124,1,RIGR,"['BAGL', 'RIBR', 'OLQVR']"
3,7125329,7.280503158550259,0.0,OLQVR,124,0,OLQVR,"['RICR', 'RICL']"
4,7125328,12.357367034654777,0.0,OLQVR,124,0,OLQVR,['IL2R']
5,7125323,7.7587135696396485,0.0,OLQVR,124,0,OLQVR,"['SIBDR', 'SMBVR', 'RMDVL']"
6,7125322,11.292990477842517,0.0,OLQVR,124,0,OLQVR,['RIH']
7,7125256,12.561533559608975,0.0,OLQVR,124,1,IL2R,"['RIH', 'OLQVR']"
8,7125068,9.759357979532108,0.0,OLQVR,124,1,CEPVR,"['OLLR', 'OLQVR', 'AVEL']"
