,connector_id,length,dist_from_root,neuron,project,type,inputs,outputs
0,7125554,0.0,0.03132222120440298,OLQVR,124,1,RIH,['OLQVR']
1,7125548,0.0,0.010303228225769456,OLQVR,124,1,RIH,"['OLQVR', 'RIPR']"
2,7125524,0.0,0.40211357696442607,OLQVR,124,1,RIGR,"['BAGL', 'RIBR', 'OLQVR']"
3,7125329,0.0,0.5713869282594631,OLQVR,124,0,OLQVR,"['RICR', 'RICL']"
4,7125328,0.0,0.969828298613381,OLQVR,124,0,OLQVR,['IL2R']
5,7125323,0.0,0.6089177378619786,OLQVR,124,0,OLQVR,"['SIBDR', 'SMBVR', 'RMDVL']"
6,7125322,0.0,0.886294119990836,OLQVR,124,0,OLQVR,['RIH']
7,7125256,0.0,0.9858516531819433,OLQVR,124,1,IL2R,"['RIH', 'OLQVR']"
8,7125068,0.008522615285158077,0.7574092792928171,OLQVR,124,1,CEPVR,"['OLLR', 'OLQVR', 'AVEL']"
