,connector_id,length,dist_from_root,neuron,project,type,inputs,outputs
0,7125343,0.0,0.8547801060710031,PVCR,124,1,PVPL,"['PVCR', 'AVHR']"
1,7125341,0.0,0.1522694380307192,PVCR,124,0,PVCR,"['BDUR', 'AVBL']"
2,7125340,0.0,0.6986688096421538,PVCR,124,0,PVCR,"['RID', 'AVDR', 'AVBR']"
3,7124838,0.0,0.22127660233557792,PVCR,124,1,AVJR,"['PVCR', 'PVCL']"
4,7049063,0.0206750008225798,0.23609505706371622,PVCR,124,1,ADER,"['RIGR', 'RIGL', 'PVCR']"
