,node_id,connector_id,length,dist_from_root,neuron,project,type,inputs,outputs
0,6906342,7125358,0,0.6391964803021953,PVPR,124,0,PVPR,"['AVJL', 'AVBR']"
1,6906347,7125355,0,0.6501184447856411,PVPR,124,0,PVPR,"['RIR', 'RIGR', 'URXR']"
2,6906239,7125353,0,0.17206482794746517,PVPR,124,0,PVPR,"['ADAR', 'AVAL']"
3,6906352,7125613,0,0.6915745671756213,PVPR,124,1,RIR,"['PVPR', 'DVA']"
