,node_id,connector_id,length,dist_from_root,neuron,project,type,inputs,outputs
0,6767591,7125496,0.0,0.8962628735643525,PVQR,124,1,RIFL,"['PVQR', 'ASHL']"
1,6767512,7125370,0.0,0.5564457705484325,PVQR,124,0,PVQR,"['AIAR', 'CEPshVR']"
2,6767514,7125369,0.004290676810986172,0.5592394739323562,PVQR,124,0,PVQR,"['ASKR', 'AIAR']"
3,6767585,7125368,0.0,0.8506502658280035,PVQR,124,0,PVQR,['AIAR']
4,6767430,7125367,0.0,0.15325858890447314,PVQR,124,0,PVQR,['AIAR']
5,6767516,7124801,0.012400346470568613,0.5592394739323562,PVQR,124,1,ASJR,"['ASKR', 'PVQR', 'AIAR']"
6,6767519,7124800,0.02242162791839404,0.5592394739323562,PVQR,124,1,ASJR,['PVQR']
