,connector_id,length,dist_from_root,neuron,project,type,inputs,outputs
0,7182505,0.009867513083753148,0.5728397700740598,RIGL,124,1,URXL,"['OLQVL', 'RIAL', 'RIGL']"
1,7125523,0.005204144590927309,0.5728397700740598,RIGL,124,0,RIGL,"['RIAL', 'BAGR']"
2,7125522,0.0,0.39344334653265006,RIGL,124,0,RIGL,"['RIR', 'CEPshVL']"
3,7125515,0.0,0.7179312353267598,RIGL,124,0,RIGL,"['RMGL', 'AVKR']"
4,7125513,0.013902185730144827,0.5728397700740598,RIGL,124,0,RIGL,"['RIAL', 'URYVL', 'OLQVL']"
5,7125512,0.0012621656420513455,0.5728397700740598,RIGL,124,0,RIGL,"['BAGR', 'RIAL']"
6,7125386,0.0,0.27584536940701754,RIGL,124,1,PVT,"['RIGL', 'RIGR']"
7,7124843,0.0,0.2727620376465631,RIGL,124,1,AVKL,"['DVC', 'RIGL']"
8,7049063,0.0,0.17503621292820282,RIGL,124,1,ADER,"['RIGR', 'RIGL', 'PVCR']"
