,connector_id,length,dist_from_root,neuron,project,type,inputs,outputs
0,7211951,0.0,0.29935969323550893,RIH,124,0,RIH,"['CEPshVL', 'RIBL']"
1,7125559,0.16222256920484185,0.5101193711308925,RIH,124,0,RIH,"['RIPL', 'RMEL']"
2,7125558,0.14883800305426806,0.5101193711308925,RIH,124,0,RIH,"['GLRL', 'IL2L']"
3,7125557,0.11920909101766572,0.5101193711308925,RIH,124,0,RIH,"['IL2L', 'OLQVL']"
4,7125556,0.0719913906236497,0.8077790110368445,RIH,124,0,RIH,['OLQDR']
5,7125555,0.0,0.8951302027636052,RIH,124,0,RIH,['RIPR']
6,7125554,0.0,0.7628983169755033,RIH,124,0,RIH,['OLQVR']
7,7125551,0.04004404570641915,0.21481069964408997,RIH,124,0,RIH,"['AIZR', 'RIAR']"
8,7125548,0.0,0.7805775428806534,RIH,124,0,RIH,"['OLQVR', 'RIPR']"
9,7125547,0.14286857088902183,0.5101193711308925,RIH,124,0,RIH,"['OLQVL', 'RIPL']"
10,7125546,0.12270878217753624,0.5101193711308925,RIH,124,0,RIH,"['GLRL', 'IL2L']"
11,7125544,0.26270328997355014,0.5101193711308925,RIH,124,0,RIH,"['RIPL', 'OLQDL']"
12,7125542,0.11798146972547274,0.8077790110368445,RIH,124,0,RIH,['OLQDR']
13,7125539,0.0,0.3289731573942289,RIH,124,0,RIH,"['CEPshVL', 'RIBL', 'RIAL']"
14,7125538,0.0,0.30575857528888906,RIH,124,0,RIH,"['AIZL', 'RIAL']"
15,7125537,0.09754963598953238,0.21481069964408997,RIH,124,0,RIH,"['AIZR', 'RIAR']"
16,7125322,0.0,0.6706474399696644,RIH,124,1,OLQVR,['RIH']
17,7125256,0.0,0.7277586439550068,RIH,124,1,IL2R,"['RIH', 'OLQVR']"
18,7125253,0.0,0.7827236724580086,RIH,124,1,IL2R,"['OLQDR', 'RIH']"
19,7125250,0.10373657853722909,0.5101193711308925,RIH,124,1,IL2L,"['RIH', 'OLQVL']"
20,7125243,0.07487634850127779,0.5101193711308925,RIH,124,1,IL2L,"['OLQVL', 'RIH']"
21,7125238,0.04286076191410945,0.8077790110368445,RIH,124,1,IL2DR,['RIH']
22,7125235,0.0,0.9857023001778816,RIH,124,1,IL2DR,"['RIPR', 'RIH']"
23,7125630,0.09540536424350618,0.0228035308813501,RIH,124,1,RIVL,"['RIH', 'RMDDR', 'SAADR']"
