,connector_id,length,dist_from_root,neuron,project,type,inputs,outputs
0,7211951,9.70073136394832,0.0,RIH,124,0,RIH,"['CEPshVL', 'RIBL']"
1,7125559,21.787196791325037,0.0,RIH,124,0,RIH,"['RIPL', 'RMEL']"
2,7125558,21.35347079686537,0.0,RIH,124,0,RIH,"['GLRL', 'IL2L']"
3,7125557,20.39334783185746,0.0,RIH,124,0,RIH,"['IL2L', 'OLQVL']"
4,7125556,28.508902572088303,0.0,RIH,124,0,RIH,['OLQDR']
5,7125555,29.006635926550743,0.0,RIH,124,0,RIH,['RIPR']
6,7125554,24.72167027898935,0.0,RIH,124,0,RIH,['OLQVR']
7,7125551,8.258551426052481,0.0,RIH,124,0,RIH,"['AIZR', 'RIAR']"
8,7125548,25.294564443112826,0.0,RIH,124,0,RIH,"['OLQVR', 'RIPR']"
9,7125547,21.160031736300827,0.0,RIH,124,0,RIH,"['OLQVL', 'RIPL']"
10,7125546,20.50675509598096,0.0,RIH,124,0,RIH,"['GLRL', 'IL2L']"
11,7125544,25.043268004179694,0.0,RIH,124,0,RIH,"['RIPL', 'OLQDL']"
12,7125542,29.999208090348368,0.0,RIH,124,0,RIH,['OLQDR']
13,7125539,10.660353741479465,0.0,RIH,124,0,RIH,"['CEPshVL', 'RIBL', 'RIAL']"
14,7125538,9.908086720170562,0.0,RIH,124,0,RIH,"['AIZL', 'RIAL']"
15,7125537,10.122016334211963,0.0,RIH,124,0,RIH,"['AIZR', 'RIAR']"
16,7125331,0.0,1.0,RIH,124,1,PVCL,"['RIH', 'SMBDR', 'SIAVR']"
17,7125322,21.73228661731432,0.0,RIH,124,1,OLQVR,['RIH']
18,7125256,23.58297146317835,0.0,RIH,124,1,IL2R,"['RIH', 'OLQVR']"
19,7125253,25.364109632303574,0.0,RIH,124,1,IL2R,"['OLQDR', 'RIH']"
20,7125250,19.891962072552943,0.0,RIH,124,1,IL2L,"['RIH', 'OLQVL']"
21,7125243,18.956748197716877,0.0,RIH,124,1,IL2L,"['OLQVL', 'RIH']"
22,7125238,27.564926445843895,0.0,RIH,124,1,IL2DR,['RIH']
23,7125235,31.941618844889184,0.0,RIH,124,1,IL2DR,"['RIPR', 'RIH']"
24,7125630,3.830551548345026,0.0,RIH,124,1,RIVL,"['RIH', 'RMDDR', 'SAADR']"
