,node_id,connector_id,length,dist_from_root,neuron,project,type,inputs,outputs
0,6821334,7125586,0.0,0.2836876156881794,RIS(0),124,1,RIMR,"['RIBL', 'SMDDL', 'SMDVR', 'RIS']"
1,6821529,7125470,0.0,0.9566736695233282,RIS(0),124,1,RIBL,"['RIS', 'AVER']"
2,6821557,7125623,0.007952774976901781,0.590575112534922,RIS(0),124,0,RIS,"['RIBR', 'SMDDL', 'AVEL']"
3,6821538,7125622,0.0,0.9582318213801088,RIS(0),124,0,RIS,"['RIBL', 'AVER']"
4,6821466,7125620,0.01713108525155187,0.766000949126222,RIS(0),124,0,RIS,"['CEPDL', 'AVER']"
5,6821561,7125619,0.018143376798111892,0.590575112534922,RIS(0),124,0,RIS,"['SMDDL', 'RIBR']"
6,6821494,7125618,0.0,0.8590773143499982,RIS(0),124,0,RIS,"['CEPVL', 'AVER', 'RIBL']"
7,6821396,7125617,0.0,0.43424824953994823,RIS(0),124,0,RIS,"['CEPVR', 'AVEL', 'RIBR']"
8,6821162,7125335,0.0,0.29197960636074605,RIS(1),124,1,PVCL,['RIS']
