,node_id,connector_id,length,dist_from_root,neuron,project,type,inputs,outputs
0,6782859,7125630,0.0,0.9832879767854695,RIVL,124,0,RIVL,"['RIH', 'RMDDR', 'SAADR']"
1,6782832,7125629,0.0,0.8617021749170763,RIVL,124,0,RIVL,['GLRVR']
2,6782879,7125628,0.02005668995354159,0.8444322290559213,RIVL,124,0,RIVL,"['RMDVL', 'RMDL']"
3,6782830,7125627,0.0,0.8444322290559213,RIVL,124,0,RIVL,['SAADR']
