,connector_id,length,dist_from_root,neuron,project,type,inputs,outputs
0,7182491,0.0,0.20641169130159928,RMEV,124,1,URAVR,"['RMED', 'RMEV', 'RMER']"
1,7182489,0.03860712198328423,0.4645322403465959,RMEV,124,1,URAVR,"['BWMVR02', 'BWMVR01', 'RMER', 'RMEV']"
2,7182486,0.16275797146990514,0.20641169130159928,RMEV,124,1,URAVL,"['RMEV', 'RMEL', 'BWMVL02']"
3,7125264,0.0,0.4645322403465959,RMEV,124,1,IL2VR,"['RMER', 'RMEV', 'RIPR']"
4,7125260,0.09275133677709298,0.20641169130159928,RMEV,124,1,IL2VL,"['RMEV', 'RMEL', 'RIPL']"
5,7125228,0.47440623724015807,0.20641169130159928,RMEV,124,1,IL2DL,"['RIPL', 'RMEV', 'RMER']"
6,7125225,0.4889024810929917,0.20641169130159928,RMEV,124,1,IL2DL,"['RMEL', 'RMEV', 'RIPL']"
7,7125772,0.0,0.8768078123365154,RMEV,124,0,RMEV,"['RMDDL', 'BWMDR01', 'BWMDL01']"
8,7182426,0.2096037620105311,0.04474583208627229,RMEV,124,1,SMBVR,"['RMEV', 'BWMVR03', 'BWMVR01']"
9,7125770,0.0,0.9424238678108433,RMEV,124,0,RMEV,"['RMDDL', 'BWMDL01', 'SMDVR']"
10,7125766,0.6231467754644144,0.20641169130159928,RMEV,124,0,RMEV,"['BWMDL01', 'RMDDL', 'RMDDR']"
11,7182430,0.1605198423802477,0.04474583208627229,RMEV,124,1,SMBVR,"['BWMVR01', 'RMEV', 'BWMVR03']"
12,7182423,0.24598190500895803,0.03569204804915913,RMEV,124,1,SMBVL,"['BWMVL03', 'BWMVL01', 'RMEV']"
13,7125791,0.6051852075332012,0.20641169130159928,RMEV,124,0,RMEV,"['RMDDL', 'BWMDL01', 'RMED']"
