,node_id,connector_id,length,dist_from_root,neuron,project,type,inputs,outputs
0,6720898,7125811,0,0.9021448385984221,RMGR,124,0,RMGR,"['RMDL', 'RMDVR']"
1,6720901,7125526,0,0.9191797073739609,RMGR,124,1,RIGR,"['RMGR', 'AVKL']"
2,6720893,7125814,0,0.8533388213103392,RMGR,124,0,RMGR,"['RMDL', 'RMDVR']"
3,6720898,7125815,0,0.9021448385984221,RMGR,124,0,RMGR,"['RMDDR', 'IL1R']"
