,connector_id,length,dist_from_root,neuron,project,type,inputs,outputs
0,7125578,18.07450879340784,0.0,SAADR,124,1,RIMR,"['SAADR', 'SMDVR', 'SMDDL']"
1,7050242,21.9964304161129,0.0,SAADR,124,1,AIBR,"['SAADR', 'RIML']"
2,7125630,2.2848962430838657,0.0,SAADR,124,1,RIVL,"['RIH', 'RMDDR', 'SAADR']"
3,7182427,1.0484058293265675,0.0,SAADR,124,1,SMBVR,['SAADR']
4,7125827,22.124951009982176,0.0,SAADR,124,0,SAADR,"['AVAR', 'RIMR', 'RIML']"
5,7125627,5.261134216477684,0.0,SAADR,124,1,RIVL,['SAADR']
6,7125824,22.68290015257757,0.0,SAADR,124,0,SAADR,"['RIML', 'RIMR', 'AVAR']"
7,7182428,0.7814405582125988,0.0,SAADR,124,1,SMBVR,['SAADR']
8,7125520,21.840183680441427,0.0,SAADR,124,0,SAADR,"['RIML', 'AVAR']"
9,7125821,22.085557102982,0.0,SAADR,124,0,SAADR,['OLLL']
