,node_id,connector_id,length,dist_from_root,neuron,project,type,inputs,outputs
0,6680453,7182422,0.0,0.14764484185630028,SAADL,124,1,SMBVL,"['SAADL', 'RMDVR']"
1,7125569,7125568,0.008958105267468191,0.6927089319489298,SAADL,124,1,RIML,"['AIBL', 'SAADL']"
2,6680437,7125637,0.0,0.09750851774164757,SAADL,124,1,RIVR,"['GLRVL', 'SAADL']"
3,6680597,7125819,0.0,0.795301076613719,SAADL,124,0,SAADL,"['RIMR', 'AVAL', 'RIML']"
4,6680423,7182421,0.0,0.0658560882432313,SAADL,124,1,SMBVL,"['SAADL', 'RMDVR']"
5,6680600,7125818,0.0,0.8174183671041672,SAADL,124,0,SAADL,"['RIMR', 'RIML', 'AVAL']"
6,6680407,7182419,0.0,0.02407352259813655,SAADL,124,1,SMBVL,['SAADL']
7,6680414,7182418,0.0,0.04259457302095066,SAADL,124,1,SMBVL,['SAADL']
