,connector_id,length,dist_from_root,neuron,project,type,inputs,outputs
0,9656680,0.004662091598796284,0.47712201870716253,SAAVL,124,0,SAAVL,"['RIML', 'RIMR']"
1,7124849,0.03196759961152636,0.18350205162560185,SAAVL,124,1,AVKR,"['RMGL', 'RIMR', 'SAAVL']"
2,7182416,0.0,0.0068778123900667424,SAAVL,124,1,SMBDR,['SAAVL']
3,7125834,0.0,0.6571427490405976,SAAVL,124,0,SAAVL,"['AVAL', 'RIMR']"
