,connector_id,length,dist_from_root,neuron,project,type,inputs,outputs
0,9656680,0.004645907167311503,0.47546569161491054,SAAVL,124,0,SAAVL,"['RIML', 'RIMR']"
1,7124849,0.03185662422318795,0.18286502502092977,SAAVL,124,1,AVKR,"['RMGL', 'RIMR', 'SAAVL']"
2,7182416,0.0,0.0068539360931229075,SAAVL,124,1,SMBDR,['SAAVL']
3,7125834,0.0,0.6548614807359777,SAAVL,124,0,SAAVL,"['AVAL', 'RIMR']"
