,node_id,connector_id,length,dist_from_root,neuron,project,type,inputs,outputs
0,6822210,7182398,0.0,0.5044761963905101,SAAVR,124,0,SAAVR,['AVAR']
1,6822216,7125584,0.0,0.522561059545388,SAAVR,124,1,RIMR,"['SMDVR', 'SAAVR']"
2,6822069,7182406,0.03506453118426003,0.0,SAAVR,124,1,SMBDL,['SAAVR']
3,6822266,7182397,0.0,0.6560178530570736,SAAVR,124,0,SAAVR,"['AVAR', 'SMDDL']"
4,6822066,7182405,0.024425599557931006,0.0,SAAVR,124,1,SMBDL,['SAAVR']
5,6822251,7182394,0.0,0.6279005098777009,SAAVR,124,0,SAAVR,"['RIML', 'AVAR']"
6,6822216,7182399,0.0,0.522561059545388,SAAVR,124,0,SAAVR,['RIML']
