,connector_id,length,dist_from_root,neuron,project,type,inputs,outputs
0,7050446,0.0,0.18323264097910513,SMBDL,124,1,AIZL,"['SMBDL', 'SMBVL']"
1,7050441,0.0,0.20962636447565425,SMBDL,124,1,AIZL,"['RIAR', 'SMBDL']"
2,7182402,0.03911566357985035,0.7618497281871013,SMBDL,124,0,SMBDL,"['RMDDL', 'RMED', 'BWMDR03', 'BWMDR01']"
3,7182406,0.006300404815643516,0.9536472454756231,SMBDL,124,0,SMBDL,['SAAVR']
4,7182405,0.010919984615059955,0.9536472454756231,SMBDL,124,0,SMBDL,['SAAVR']
5,7182401,0.013269587103468384,0.7618497281871013,SMBDL,124,0,SMBDL,"['RMED', 'BWMDR05', 'BWMDR03']"
6,7182391,0.0,0.2109143780686165,SMBDL,124,1,ASHL,"['SMBVL', 'SMBDL']"
