,connector_id,length,dist_from_root,neuron,project,type,inputs,outputs
0,7050446,0.0,0.1825554617067894,SMBDL,124,1,AIZL,"['SMBDL', 'SMBVL']"
1,7050441,0.0,0.20885164099737394,SMBDL,124,1,AIZL,"['RIAR', 'SMBDL']"
2,7182402,0.03897110245549167,0.7590341335321811,SMBDL,124,0,SMBDL,"['RMDDL', 'RMED', 'BWMDR03', 'BWMDR01']"
3,7182406,0.006277120189467995,0.950122818035805,SMBDL,124,0,SMBDL,['SAAVR']
4,7182405,0.010879627246439325,0.950122818035805,SMBDL,124,0,SMBDL,['SAAVR']
5,7182401,0.013220546226850328,0.7590341335321811,SMBDL,124,0,SMBDL,"['RMED', 'BWMDR05', 'BWMDR03']"
6,7182391,0.0,0.21013489443350522,SMBDL,124,1,ASHL,"['SMBVL', 'SMBDL']"
