,node_id,connector_id,length,dist_from_root,neuron,project,type,inputs,outputs
0,6868074,7182414,0.0,0.8120279584620906,SMBDR,124,0,SMBDR,"['BWMDL04', 'BWMDL02']"
1,6867868,7125331,0.0,0.0,SMBDR,124,1,PVCL,"['RIH', 'SMBDR', 'SIAVR']"
2,6867961,7050466,0.0,0.30655106281160893,SMBDR,124,1,AIZR,"['SMBVR', 'SMBDR']"
3,6867923,7050462,0.0,0.1666653002277704,SMBDR,124,1,AIZR,"['SMBVR', 'RIAR', 'SMBDR']"
4,6867952,7050460,0.0,0.27835148279638544,SMBDR,124,1,AIZR,"['SMBVR', 'SMBDR', 'ADFR']"
5,6870211,7182407,0.03705821805900714,0.7212075780297164,SMBDR,124,0,SMBDR,"['BWMDL01', 'RMED']"
6,6868136,7182416,0.020155766329259365,0.9831708105318062,SMBDR,124,0,SMBDR,['SAAVL']
7,6870211,7182409,0.03705821805900714,0.7212075780297164,SMBDR,124,0,SMBDR,"['BWMDL01', 'BWMDL03', 'RMED']"
