,node_id,connector_id,length,dist_from_root,neuron,project,type,inputs,outputs
0,6762637,7182497,0.0,0.7578421406273355,URBL,124,0,URBL,['BWMDL04']
1,6762606,7182494,0.0,0.687024737716448,URBL,124,0,URBL,"['CEPDL', 'BWMDL02', 'BWMVL02']"
2,6762608,7182493,0.0,0.7077060185118423,URBL,124,0,URBL,"['URXL', 'IL1L', 'IL2L']"
3,6762602,7182492,0.0,0.669090178290296,URBL,124,0,URBL,"['URXL', 'OLLL']"
4,6762628,7125033,0.07839070029378067,0.7531078533892657,URBL,124,1,CEPDL,"['URBL', 'RICL', 'RICR']"
5,6762623,7125031,0.054520922817873005,0.7531078533892657,URBL,124,1,CEPDL,"['RICL', 'URBL', 'URYDL', 'ADAL']"
