,node_id,connector_id,length,dist_from_root,neuron,project,type,inputs,outputs
0,6752005,7182521,0.0,0.8729226501750461,URYDL,124,0,URYDL,"['SMDDR', 'RIBL']"
1,6752005,7182520,0.0,0.8729226501750461,URYDL,124,0,URYDL,"['SMDDR', 'AVER']"
2,6752003,7182519,0.0,0.8641070048587546,URYDL,124,0,URYDL,"['RIBL', 'AVER', 'SMDDR']"
3,7125280,7182518,0.020986339243337187,0.8881017006324763,URYDL,124,0,URYDL,"['RMDVL', 'AVER']"
4,6751952,7125031,0.0,0.5669219358111723,URYDL,124,1,CEPDL,"['RICL', 'URBL', 'URYDL', 'ADAL']"
