,node_id,connector_id,length,dist_from_root,neuron,project,type,inputs,outputs
0,6749556,7182529,0,0.8865529266444455,URYDR,124,0,URYDR,"['SMDDL', 'AVEL', 'RIBR']"
1,6749558,7182528,0,0.8985194733277033,URYDR,124,0,URYDR,"['RIBR', 'SMDDL']"
2,6749558,7182527,0,0.8985194733277033,URYDR,124,0,URYDR,['AVEL']
3,6749558,7182526,0,0.8985194733277033,URYDR,124,0,URYDR,['AVEL']
4,6749558,7182524,0,0.8985194733277033,URYDR,124,0,URYDR,"['AVEL', 'SMDDL']"
