,node_id,connector_id,length,dist_from_root,neuron,project,type,inputs,outputs
0,6779064,7182542,0.0,0.9319499459804322,URYVR,124,0,URYVR,"['RMDDR', 'AVEL']"
1,6779057,7182540,0.0,0.869146491737217,URYVR,124,0,URYVR,"['RMDDR', 'RMDVL']"
2,6779042,7182538,0.0,0.7488928081862162,URYVR,124,0,URYVR,"['AVEL', 'SMDVL', 'RIBR']"
3,6779015,7125525,0.0,0.5947021196330394,URYVR,124,1,RIGR,"['URYVR', 'AVEL', 'RIR']"
4,6778997,7125382,0.013985169497967938,0.5331899589194312,URYVR,124,1,PVR,"['RIPR', 'IL1VR', 'CEPVR', 'URYVR']"
5,6778997,7125059,0.013985169497967938,0.5331899589194312,URYVR,124,1,CEPVR,"['URYVR', 'RICL', 'RICR']"
