,node_id,connector_id,length,dist_from_root,neuron,project,type,inputs,outputs
0,6757978,7182537,0.0,0.7604812290476197,URYVL,124,0,URYVL,"['RIBL', 'SMDVR', 'AVER']"
1,6757971,7182536,0.0,0.7146361496015983,URYVL,124,0,URYVL,"['SMDVR', 'AVER']"
2,6757995,7182533,0.0,0.7914536109934808,URYVL,124,0,URYVL,"['RMDDL', 'AVER']"
3,6757985,7182532,0.054919512413037254,0.780304463314039,URYVL,124,0,URYVL,"['RMDVR', 'RMDDL']"
4,6757981,7182531,0.0,0.7676298644540978,URYVL,124,0,URYVL,"['RMDDL', 'AVER']"
5,6757914,7125513,0.0,0.28427214625455144,URYVL,124,1,RIGL,"['RIAL', 'URYVL', 'OLQVL']"
